Property_ID,MSZoning,Street,Alley,LotShape,LandContour,Utilities,LotConfig,LandSlope,Neighborhood,Condition1,Condition2
1,RL,Pave,No_Feature,Reg,Lvl,AllPub,Inside,Gtl,CollgCr,Norm,Norm
2,RL,Pave,No_Feature,Reg,Lvl,AllPub,FR2,Gtl,Veenker,Feedr,Norm
3,RL,Pave,No_Feature,IR1,Lvl,AllPub,Inside,Gtl,CollgCr,Norm,Norm
4,RL,Pave,No_Feature,IR1,Lvl,AllPub,Corner,Gtl,Crawfor,Norm,Norm
5,RL,Pave,No_Feature,IR1,Lvl,AllPub,FR2,Gtl,NoRidge,Norm,Norm
6,RL,Pave,No_Feature,IR1,Lvl,AllPub,Inside,Gtl,Mitchel,Norm,Norm
7,RL,Pave,No_Feature,Reg,Lvl,AllPub,Inside,Gtl,Somerst,Norm,Norm
8,RL,Pave,No_Feature,IR1,Lvl,AllPub,Corner,Gtl,NWAmes,PosN,Norm
9,RM,Pave,No_Feature,Reg,Lvl,AllPub,Inside,Gtl,OldTown,Artery,Norm
10,RL,Pave,No_Feature,Reg,Lvl,AllPub,Corner,Gtl,BrkSide,Artery,Artery
11,RL,Pave,No_Feature,Reg,Lvl,AllPub,Inside,Gtl,Sawyer,Norm,Norm
12,RL,Pave,No_Feature,IR1,Lvl,AllPub,Inside,Gtl,NridgHt,Norm,Norm
13,RL,Pave,No_Feature,IR2,Lvl,AllPub,Inside,Gtl,Sawyer,Norm,Norm
14,RL,Pave,No_Feature,IR1,Lvl,AllPub,Inside,Gtl,CollgCr,Norm,Norm
15,RL,Pave,No_Feature,IR1,Lvl,AllPub,Corner,Gtl,NAmes,Norm,Norm
16,RM,Pave,No_Feature,Reg,Lvl,AllPub,Corner,Gtl,BrkSide,Norm,Norm
17,RL,Pave,No_Feature,IR1,Lvl,AllPub,CulDSac,Gtl,NAmes,Norm,Norm
18,RL,Pave,No_Feature,Reg,Lvl,AllPub,Inside,Gtl,Sawyer,Norm,Norm
19,RL,Pave,No_Feature,Reg,Lvl,AllPub,Inside,Gtl,SawyerW,RRAe,Norm
20,RL,Pave,No_Feature,Reg,Lvl,AllPub,Inside,Gtl,NAmes,Norm,Norm
21,RL,Pave,No_Feature,IR1,Lvl,AllPub,Corner,Gtl,NridgHt,Norm,Norm
22,RM,Pave,Grvl,Reg,Bnk,AllPub,Inside,Gtl,IDOTRR,Norm,Norm
23,RL,Pave,No_Feature,Reg,Lvl,AllPub,Inside,Gtl,CollgCr,Norm,Norm
24,RM,Pave,No_Feature,Reg,Lvl,AllPub,Inside,Gtl,MeadowV,Norm,Norm
25,RL,Pave,No_Feature,IR1,Lvl,AllPub,Inside,Gtl,Sawyer,Norm,Norm
26,RL,Pave,No_Feature,Reg,Lvl,AllPub,Corner,Gtl,NridgHt,Norm,Norm
27,RL,Pave,No_Feature,Reg,Lvl,AllPub,Corner,Gtl,NAmes,Norm,Norm
28,RL,Pave,No_Feature,Reg,Lvl,AllPub,Inside,Gtl,NridgHt,Norm,Norm
29,RL,Pave,No_Feature,IR1,Lvl,AllPub,CulDSac,Gtl,NAmes,Norm,Norm
30,RM,Pave,No_Feature,IR1,Lvl,AllPub,Inside,Gtl,BrkSide,Feedr,RRNn
31,C (all),Pave,Pave,Reg,Lvl,AllPub,Inside,Gtl,IDOTRR,Feedr,Norm
32,RL,Pave,No_Feature,IR1,Lvl,AllPub,CulDSac,Gtl,Sawyer,Norm,Norm
33,RL,Pave,No_Feature,Reg,Lvl,AllPub,Corner,Gtl,CollgCr,Norm,Norm
34,RL,Pave,No_Feature,IR1,Lvl,AllPub,Inside,Gtl,NAmes,Norm,Norm
35,RL,Pave,No_Feature,Reg,Lvl,AllPub,Inside,Gtl,NridgHt,Norm,Norm
36,RL,Pave,No_Feature,Reg,Lvl,AllPub,Inside,Gtl,NridgHt,Norm,Norm
37,RL,Pave,No_Feature,Reg,Lvl,AllPub,Corner,Gtl,CollgCr,Norm,Norm
38,RL,Pave,No_Feature,Reg,Lvl,AllPub,Inside,Gtl,NAmes,Norm,Norm
39,RL,Pave,No_Feature,Reg,Lvl,AllPub,Inside,Gtl,NAmes,Norm,Norm
40,RL,Pave,No_Feature,Reg,Lvl,AllPub,Inside,Gtl,Edwards,Norm,Norm
41,RL,Pave,No_Feature,Reg,Lvl,AllPub,Inside,Gtl,NAmes,Norm,Norm
42,RL,Pave,No_Feature,Reg,Lvl,AllPub,Inside,Gtl,Timber,Norm,Norm
43,RL,Pave,No_Feature,IR1,Lvl,AllPub,CulDSac,Gtl,SawyerW,Norm,Norm
44,RL,Pave,No_Feature,IR1,Lvl,AllPub,CulDSac,Gtl,CollgCr,Norm,Norm
45,RL,Pave,No_Feature,Reg,Lvl,AllPub,Inside,Gtl,NAmes,Norm,Norm
46,RL,Pave,No_Feature,Reg,Lvl,AllPub,Inside,Gtl,NridgHt,Norm,Norm
47,RL,Pave,No_Feature,IR1,Lvl,AllPub,CulDSac,Gtl,Mitchel,Norm,Norm
48,FV,Pave,No_Feature,Reg,Lvl,AllPub,Inside,Gtl,Somerst,Norm,Norm
49,RM,Pave,No_Feature,Reg,Lvl,AllPub,Inside,Gtl,OldTown,Norm,Norm
50,RL,Pave,No_Feature,Reg,Lvl,AllPub,Inside,Gtl,Sawyer,Norm,Norm
51,RL,Pave,No_Feature,IR2,Lvl,AllPub,Corner,Gtl,Gilbert,Norm,Norm
52,RM,Pave,No_Feature,Reg,Lvl,AllPub,Inside,Gtl,BrkSide,Norm,Norm
53,RM,Grvl,No_Feature,IR2,Bnk,AllPub,Corner,Mod,IDOTRR,RRNn,Norm
54,RL,Pave,No_Feature,IR1,Low,AllPub,Inside,Gtl,Veenker,Norm,Norm
55,RL,Pave,No_Feature,Reg,Bnk,AllPub,Inside,Mod,NAmes,Norm,Norm
56,RL,Pave,No_Feature,IR1,Lvl,AllPub,Inside,Gtl,NAmes,Norm,Norm
57,FV,Pave,Pave,Reg,Lvl,AllPub,Inside,Gtl,Somerst,Norm,Norm
58,RL,Pave,No_Feature,IR1,Lvl,AllPub,Corner,Gtl,CollgCr,Norm,Norm
59,RL,Pave,No_Feature,IR2,HLS,AllPub,CulDSac,Gtl,StoneBr,Norm,Norm
60,RL,Pave,No_Feature,Reg,Bnk,AllPub,Inside,Gtl,CollgCr,Norm,Norm
61,RL,Pave,No_Feature,Reg,Lvl,AllPub,Inside,Gtl,SawyerW,RRAe,Norm
62,RM,Pave,No_Feature,Reg,Lvl,AllPub,Inside,Gtl,IDOTRR,Norm,Norm
63,RL,Pave,No_Feature,IR1,Lvl,AllPub,Inside,Gtl,NridgHt,Norm,Norm
64,RM,Pave,No_Feature,IR1,Bnk,AllPub,Inside,Gtl,OldTown,RRAn,Feedr
65,RL,Pave,No_Feature,Reg,Lvl,AllPub,Inside,Gtl,CollgCr,Norm,Norm
66,RL,Pave,No_Feature,Reg,Lvl,AllPub,Inside,Gtl,NridgHt,Norm,Norm
67,RL,Pave,No_Feature,Reg,Lvl,AllPub,Inside,Gtl,NAmes,PosA,Norm
68,RL,Pave,No_Feature,IR1,Lvl,AllPub,Inside,Gtl,CollgCr,Norm,Norm
69,RM,Pave,No_Feature,Reg,Lvl,AllPub,Corner,Gtl,OldTown,Artery,Norm
70,RL,Pave,No_Feature,Reg,Lvl,AllPub,Corner,Gtl,ClearCr,Norm,Norm
71,RL,Pave,No_Feature,IR1,Lvl,AllPub,Inside,Gtl,NAmes,Norm,Norm
72,RL,Pave,No_Feature,Reg,Lvl,AllPub,Corner,Gtl,Mitchel,Norm,Norm
73,RL,Pave,No_Feature,IR1,Lvl,AllPub,Corner,Gtl,Gilbert,Norm,Norm
74,RL,Pave,No_Feature,Reg,Lvl,AllPub,Inside,Gtl,NAmes,Norm,Norm
75,RM,Pave,No_Feature,Reg,Lvl,AllPub,Corner,Gtl,OldTown,Norm,Norm
76,RM,Pave,No_Feature,Reg,Lvl,AllPub,Inside,Gtl,MeadowV,Norm,Norm
77,RL,Pave,No_Feature,IR1,Lvl,AllPub,Inside,Gtl,NAmes,Norm,Norm
78,RM,Pave,No_Feature,Reg,Lvl,AllPub,Inside,Gtl,BrkSide,Norm,Norm
79,RL,Pave,No_Feature,Reg,Lvl,AllPub,Inside,Gtl,Sawyer,Norm,Norm
80,RM,Pave,Grvl,Reg,Lvl,AllPub,Corner,Gtl,OldTown,Norm,Norm
81,RL,Pave,No_Feature,Reg,Lvl,AllPub,Corner,Gtl,NAmes,Norm,Norm
82,RM,Pave,No_Feature,Reg,Lvl,AllPub,FR2,Gtl,Mitchel,Norm,Norm
83,RL,Pave,No_Feature,Reg,Lvl,AllPub,Inside,Gtl,Somerst,Norm,Norm
84,RL,Pave,No_Feature,IR1,Lvl,AllPub,Inside,Gtl,NAmes,Norm,Norm
85,RL,Pave,No_Feature,IR1,Lvl,AllPub,Inside,Gtl,Gilbert,Norm,Norm
86,RL,Pave,No_Feature,Reg,Lvl,AllPub,Corner,Gtl,NoRidge,Norm,Norm
87,RL,Pave,No_Feature,IR2,Lvl,AllPub,Inside,Gtl,Gilbert,Norm,Norm
88,FV,Pave,Pave,Reg,Lvl,AllPub,Corner,Gtl,Somerst,Norm,Norm
89,C (all),Pave,No_Feature,IR1,Lvl,AllPub,Corner,Gtl,IDOTRR,Feedr,Feedr
90,RL,Pave,No_Feature,Reg,Lvl,AllPub,Inside,Gtl,CollgCr,Norm,Norm
91,RL,Pave,No_Feature,Reg,Lvl,AllPub,Inside,Gtl,NAmes,Norm,Norm
92,RL,Pave,No_Feature,Reg,Lvl,AllPub,Inside,Gtl,NAmes,Norm,Norm
93,RL,Pave,Grvl,IR1,HLS,AllPub,Inside,Gtl,Crawfor,Norm,Norm
94,C (all),Pave,No_Feature,Reg,Lvl,AllPub,Corner,Gtl,OldTown,Norm,Norm
95,RL,Pave,No_Feature,IR1,Lvl,AllPub,Inside,Gtl,CollgCr,Norm,Norm
96,RL,Pave,No_Feature,IR2,Lvl,AllPub,Corner,Gtl,Gilbert,Norm,Norm
97,RL,Pave,No_Feature,IR1,Lvl,AllPub,Inside,Gtl,CollgCr,Norm,Norm
98,RL,Pave,No_Feature,Reg,HLS,AllPub,Inside,Gtl,Edwards,Norm,Norm
99,RL,Pave,No_Feature,Reg,Lvl,AllPub,Corner,Gtl,Edwards,Norm,Norm
100,RL,Pave,No_Feature,IR1,Lvl,AllPub,Inside,Gtl,NAmes,Norm,Norm
101,RL,Pave,No_Feature,IR1,Lvl,AllPub,Inside,Gtl,NWAmes,Norm,Norm
102,RL,Pave,No_Feature,Reg,Lvl,AllPub,Inside,Gtl,SawyerW,Norm,Norm
103,RL,Pave,No_Feature,Reg,Bnk,AllPub,Inside,Gtl,SawyerW,Norm,Norm
104,RL,Pave,No_Feature,IR1,Lvl,AllPub,Corner,Gtl,CollgCr,Norm,Norm
105,RM,Pave,No_Feature,Reg,Lvl,AllPub,Corner,Gtl,IDOTRR,Norm,Norm
106,FV,Pave,No_Feature,Reg,Lvl,AllPub,Inside,Gtl,Somerst,Norm,Norm
107,RM,Pave,Grvl,Reg,Lvl,AllPub,Inside,Gtl,OldTown,Norm,Norm
108,RM,Pave,No_Feature,Reg,Lvl,AllPub,Inside,Gtl,OldTown,Norm,Norm
109,RM,Pave,No_Feature,Reg,Lvl,AllPub,Corner,Gtl,IDOTRR,Artery,Norm
110,RL,Pave,No_Feature,IR1,Lvl,AllPub,Inside,Gtl,NWAmes,Norm,Norm
111,RL,Pave,No_Feature,Reg,Lvl,AllPub,Inside,Gtl,Edwards,Norm,Norm
112,RL,Pave,No_Feature,IR1,Lvl,AllPub,Inside,Gtl,Gilbert,Norm,Norm
113,RL,Pave,No_Feature,Reg,Lvl,AllPub,Inside,Gtl,CollgCr,Norm,Norm
114,RL,Pave,No_Feature,Reg,Bnk,AllPub,Corner,Gtl,Crawfor,Norm,Norm
115,RL,Pave,No_Feature,IR1,Lvl,AllPub,Inside,Mod,Crawfor,Norm,Norm
116,FV,Pave,Pave,Reg,Lvl,AllPub,Corner,Gtl,Somerst,Norm,Norm
117,RL,Pave,No_Feature,Reg,Lvl,AllPub,Inside,Gtl,Sawyer,Norm,Norm
118,RL,Pave,No_Feature,Reg,Lvl,AllPub,Corner,Gtl,Edwards,Norm,Norm
119,RL,Pave,No_Feature,Reg,Lvl,AllPub,Corner,Gtl,SawyerW,Norm,Norm
120,RL,Pave,No_Feature,Reg,Lvl,AllPub,Inside,Gtl,CollgCr,Norm,Norm
121,RL,Pave,No_Feature,IR1,Low,AllPub,CulDSac,Sev,ClearCr,Norm,Norm
122,RM,Pave,No_Feature,Reg,Lvl,AllPub,Inside,Gtl,IDOTRR,Norm,Norm
123,RL,Pave,No_Feature,Reg,Lvl,AllPub,Corner,Gtl,NAmes,Norm,Norm
124,RL,Pave,No_Feature,Reg,Lvl,AllPub,Inside,Gtl,SawyerW,Norm,Norm
125,RL,Pave,No_Feature,IR1,Lvl,AllPub,CulDSac,Gtl,NWAmes,Norm,Norm
126,RM,Pave,No_Feature,Reg,Lvl,AllPub,Inside,Gtl,IDOTRR,Norm,Norm
127,RL,Pave,No_Feature,IR1,Lvl,AllPub,Inside,Gtl,NPkVill,Norm,Norm
128,RM,Pave,No_Feature,IR1,Bnk,AllPub,Inside,Gtl,OldTown,Feedr,Norm
129,RL,Pave,No_Feature,Reg,Lvl,AllPub,Inside,Gtl,NAmes,PosN,Norm
130,RL,Pave,No_Feature,Reg,Lvl,AllPub,Inside,Gtl,NAmes,Norm,Norm
131,RL,Pave,No_Feature,Reg,Lvl,AllPub,Corner,Gtl,NAmes,Norm,Norm
132,RL,Pave,No_Feature,IR1,Lvl,AllPub,Corner,Gtl,Gilbert,Norm,Norm
133,RL,Pave,No_Feature,Reg,Lvl,AllPub,Corner,Gtl,NAmes,Norm,Norm
134,RL,Pave,No_Feature,IR1,Lvl,AllPub,Inside,Gtl,Timber,Norm,Norm
135,RL,Pave,No_Feature,IR1,Lvl,AllPub,Inside,Gtl,Sawyer,Norm,Norm
136,RL,Pave,No_Feature,Reg,Lvl,AllPub,Inside,Gtl,NWAmes,Norm,Norm
137,RL,Pave,No_Feature,IR1,Lvl,AllPub,Corner,Gtl,NAmes,Norm,Norm
138,RL,Pave,No_Feature,Reg,Lvl,AllPub,Inside,Gtl,Mitchel,Norm,Norm
139,RL,Pave,No_Feature,IR1,Lvl,AllPub,Inside,Gtl,CollgCr,Norm,Norm
140,RL,Pave,No_Feature,IR1,Lvl,AllPub,Inside,Gtl,CollgCr,Norm,Norm
141,RL,Pave,No_Feature,Reg,Lvl,AllPub,FR2,Gtl,NAmes,Norm,Norm
142,RL,Pave,No_Feature,Reg,Lvl,AllPub,Inside,Gtl,CollgCr,Norm,Norm
143,RL,Pave,No_Feature,Reg,Lvl,AllPub,Corner,Gtl,NAmes,Artery,Norm
144,RL,Pave,No_Feature,IR1,Lvl,AllPub,Inside,Gtl,CollgCr,Norm,Norm
145,RM,Pave,No_Feature,Reg,Lvl,AllPub,Inside,Gtl,Sawyer,RRAe,Norm
146,RM,Pave,No_Feature,Reg,Lvl,AllPub,Inside,Gtl,Edwards,Norm,Norm
147,RM,Pave,No_Feature,Reg,Lvl,AllPub,Corner,Gtl,BrkSide,Norm,Norm
148,RL,Pave,No_Feature,IR1,Lvl,AllPub,CulDSac,Gtl,Gilbert,Norm,Norm
149,RL,Pave,No_Feature,Reg,Lvl,AllPub,Inside,Gtl,SawyerW,Norm,Norm
150,RM,Pave,No_Feature,Reg,Lvl,AllPub,Inside,Gtl,BrkSide,Norm,Norm
151,RL,Pave,No_Feature,Reg,Lvl,AllPub,Corner,Gtl,CollgCr,Norm,Norm
152,RL,Pave,No_Feature,Reg,Lvl,AllPub,Inside,Gtl,NridgHt,Norm,Norm
153,RL,Pave,No_Feature,IR1,Lvl,AllPub,CulDSac,Gtl,NWAmes,Norm,Norm
154,RL,Pave,No_Feature,Reg,Lvl,AllPub,Inside,Gtl,ClearCr,Norm,Norm
155,RM,Pave,No_Feature,Reg,Lvl,AllPub,Corner,Gtl,OldTown,Norm,Norm
156,RL,Pave,No_Feature,Reg,Lvl,AllPub,Corner,Gtl,Edwards,Artery,Norm
157,RL,Pave,No_Feature,Reg,Lvl,AllPub,Inside,Gtl,NAmes,Norm,Norm
158,RL,Pave,No_Feature,Reg,Lvl,AllPub,Corner,Gtl,Timber,Norm,Norm
159,FV,Pave,No_Feature,Reg,Lvl,AllPub,Corner,Gtl,Somerst,Norm,Norm
160,RL,Pave,No_Feature,IR1,HLS,AllPub,Corner,Gtl,Gilbert,Norm,Norm
161,RL,Pave,No_Feature,IR1,Lvl,AllPub,CulDSac,Gtl,Veenker,Norm,Norm
162,RL,Pave,No_Feature,IR1,Lvl,AllPub,Inside,Gtl,NridgHt,Norm,Norm
163,RL,Pave,No_Feature,Reg,Lvl,AllPub,Corner,Gtl,NridgHt,Norm,Norm
164,RL,Pave,No_Feature,Reg,Lvl,AllPub,Inside,Gtl,OldTown,Norm,Norm
165,RM,Pave,Pave,Reg,Lvl,AllPub,Corner,Gtl,OldTown,Norm,Norm
166,RL,Pave,No_Feature,Reg,Lvl,AllPub,Inside,Gtl,Edwards,Norm,Norm
167,RL,Pave,No_Feature,IR1,Lvl,AllPub,Inside,Gtl,ClearCr,Norm,Norm
168,RL,Pave,No_Feature,Reg,Lvl,AllPub,Inside,Gtl,NridgHt,Norm,Norm
169,RL,Pave,No_Feature,IR1,Lvl,AllPub,Inside,Gtl,Gilbert,Norm,Norm
170,RL,Pave,No_Feature,IR1,Lvl,AllPub,Corner,Gtl,Timber,Norm,Norm
171,RM,Pave,No_Feature,IR1,Lvl,AllPub,Inside,Gtl,OldTown,Feedr,Norm
172,RL,Pave,No_Feature,IR1,Lvl,AllPub,Corner,Gtl,NAmes,Norm,Norm
173,RL,Pave,No_Feature,IR1,Lvl,AllPub,Inside,Gtl,StoneBr,Norm,Norm
174,RL,Pave,No_Feature,IR1,Lvl,AllPub,Inside,Gtl,NAmes,Norm,Norm
175,RL,Pave,No_Feature,IR1,Lvl,AllPub,Inside,Gtl,Timber,Norm,Norm
176,RL,Pave,No_Feature,Reg,Lvl,AllPub,Corner,Gtl,Edwards,Norm,Norm
177,RL,Pave,No_Feature,IR1,Lvl,AllPub,Corner,Gtl,ClearCr,Norm,Norm
178,RL,Pave,No_Feature,Reg,Lvl,AllPub,Inside,Gtl,Sawyer,Norm,Norm
179,RL,Pave,No_Feature,IR1,Lvl,AllPub,CulDSac,Gtl,StoneBr,Norm,Norm
180,RM,Pave,No_Feature,Reg,Lvl,AllPub,Inside,Gtl,OldTown,Norm,Norm
181,FV,Pave,No_Feature,Reg,Lvl,AllPub,Inside,Gtl,Somerst,Norm,Norm
182,RL,Pave,No_Feature,Reg,Lvl,AllPub,Inside,Gtl,Crawfor,Norm,Norm
183,RL,Pave,No_Feature,Reg,Lvl,AllPub,Inside,Gtl,Edwards,Artery,Norm
184,RM,Pave,No_Feature,Reg,Lvl,AllPub,Inside,Gtl,OldTown,Norm,Norm
185,RL,Pave,No_Feature,IR1,Lvl,AllPub,Inside,Gtl,BrkSide,RRAn,Feedr
186,RM,Pave,No_Feature,IR2,Lvl,AllPub,Inside,Gtl,OldTown,Artery,Norm
187,RL,Pave,No_Feature,IR1,Lvl,AllPub,CulDSac,Gtl,Mitchel,Norm,Norm
188,RL,Pave,No_Feature,Reg,Lvl,AllPub,Inside,Gtl,OldTown,Norm,Norm
189,RL,Pave,No_Feature,Reg,Bnk,AllPub,Inside,Gtl,SawyerW,Feedr,Norm
190,RL,Pave,No_Feature,Reg,Lvl,AllPub,Inside,Gtl,StoneBr,Norm,Norm
191,RL,Pave,No_Feature,Reg,Bnk,AllPub,Inside,Mod,Crawfor,Norm,Norm
192,RL,Pave,No_Feature,IR1,Lvl,AllPub,CulDSac,Gtl,NAmes,Norm,Norm
193,RL,Pave,No_Feature,IR1,Lvl,AllPub,Inside,Gtl,CollgCr,Norm,Norm
194,RM,Pave,No_Feature,Reg,Lvl,AllPub,Inside,Gtl,Edwards,Norm,Norm
195,RL,Pave,No_Feature,IR1,Lvl,AllPub,Inside,Gtl,CollgCr,Norm,Norm
196,RL,Pave,No_Feature,Reg,Lvl,AllPub,FR2,Gtl,NPkVill,Norm,Norm
197,RL,Pave,No_Feature,Reg,Lvl,AllPub,Inside,Gtl,Somerst,Norm,Norm
198,RL,Pave,No_Feature,Reg,Lvl,AllPub,Corner,Gtl,NAmes,Artery,Norm
199,RM,Pave,No_Feature,Reg,Lvl,AllPub,Corner,Gtl,OldTown,Norm,Norm
200,RL,Pave,No_Feature,Reg,Lvl,AllPub,Inside,Gtl,NridgHt,Norm,Norm
201,RM,Pave,No_Feature,Reg,Lvl,AllPub,Corner,Gtl,Edwards,Norm,Norm
202,RL,Pave,No_Feature,Reg,Lvl,AllPub,Inside,Gtl,Mitchel,Norm,Norm
203,RL,Pave,No_Feature,Reg,Lvl,AllPub,Corner,Gtl,OldTown,Artery,Norm
204,RM,Pave,No_Feature,Reg,Lvl,AllPub,Inside,Gtl,CollgCr,Norm,Norm
205,RM,Pave,Grvl,Reg,Lvl,AllPub,Inside,Gtl,OldTown,Norm,Norm
206,RL,Pave,No_Feature,Reg,Lvl,AllPub,Corner,Gtl,Gilbert,Norm,Norm
207,RL,Pave,No_Feature,IR1,Lvl,AllPub,CulDSac,Gtl,Sawyer,RRAe,Norm
208,RL,Pave,No_Feature,IR1,Lvl,AllPub,Inside,Gtl,NAmes,Norm,Norm
209,RL,Pave,No_Feature,IR1,Low,AllPub,Inside,Mod,SawyerW,Norm,Norm
210,RL,Pave,No_Feature,Reg,Lvl,AllPub,Inside,Gtl,NAmes,Norm,Norm
211,RL,Pave,No_Feature,Reg,Lvl,AllPub,Inside,Gtl,Edwards,Norm,Norm
212,RL,Pave,No_Feature,Reg,Lvl,AllPub,Corner,Gtl,Edwards,Norm,Norm
213,FV,Pave,No_Feature,Reg,Lvl,AllPub,Inside,Gtl,Somerst,Norm,Norm
214,RL,Pave,No_Feature,IR2,Lvl,AllPub,CulDSac,Gtl,CollgCr,Norm,Norm
215,RL,Pave,No_Feature,IR1,Lvl,AllPub,FR2,Gtl,CollgCr,Norm,Norm
216,RL,Pave,No_Feature,IR1,Lvl,AllPub,Inside,Gtl,NAmes,Norm,Norm
217,RL,Pave,No_Feature,Reg,Lvl,AllPub,Inside,Gtl,CollgCr,Norm,Norm
218,RM,Pave,Grvl,Reg,Lvl,AllPub,Inside,Gtl,OldTown,Norm,Norm
219,RL,Pave,No_Feature,IR1,Lvl,AllPub,Corner,Gtl,Crawfor,Norm,Norm
220,RL,Pave,No_Feature,Reg,Lvl,AllPub,Inside,Gtl,Blmngtn,Norm,Norm
221,RL,Pave,No_Feature,IR1,Lvl,AllPub,Inside,Gtl,CollgCr,Norm,Norm
222,RL,Pave,No_Feature,IR1,Lvl,AllPub,Inside,Gtl,Gilbert,Norm,Norm
223,RL,Pave,No_Feature,Reg,Lvl,AllPub,Inside,Gtl,NWAmes,RRAn,Norm
224,RL,Pave,No_Feature,Reg,Lvl,AllPub,FR2,Gtl,NAmes,Norm,Norm
225,RL,Pave,No_Feature,Reg,Lvl,AllPub,Inside,Gtl,NridgHt,Norm,Norm
226,RM,Pave,No_Feature,Reg,Lvl,AllPub,Inside,Gtl,BrDale,Norm,Norm
227,RL,Pave,No_Feature,IR1,Lvl,AllPub,Inside,Gtl,NoRidge,Norm,Norm
228,RM,Pave,No_Feature,Reg,Lvl,AllPub,Inside,Gtl,BrDale,Norm,Norm
229,RL,Pave,No_Feature,Reg,Lvl,AllPub,FR2,Gtl,Sawyer,Feedr,Norm
230,RL,Pave,No_Feature,Reg,Lvl,AllPub,Inside,Gtl,Blmngtn,Norm,Norm
231,RL,Pave,No_Feature,Reg,Lvl,AllPub,Inside,Gtl,NAmes,Norm,Norm
232,RL,Pave,No_Feature,IR1,Lvl,AllPub,Inside,Gtl,NoRidge,Norm,Norm
233,RM,Pave,No_Feature,Reg,Lvl,AllPub,Inside,Gtl,BrDale,Norm,Norm
234,RL,Pave,No_Feature,Reg,Lvl,AllPub,Corner,Gtl,CollgCr,Norm,Norm
235,RL,Pave,No_Feature,Reg,Lvl,AllPub,Inside,Gtl,Gilbert,Norm,Norm
236,RM,Pave,No_Feature,Reg,Lvl,AllPub,Inside,Gtl,BrDale,Norm,Norm
237,RL,Pave,No_Feature,Reg,Lvl,AllPub,FR2,Gtl,CollgCr,Norm,Norm
238,RL,Pave,No_Feature,IR1,Lvl,AllPub,CulDSac,Gtl,SawyerW,RRNe,Norm
239,RL,Pave,No_Feature,Reg,Lvl,AllPub,Inside,Gtl,NridgHt,Norm,Norm
240,RL,Pave,No_Feature,Reg,Lvl,AllPub,Inside,Gtl,Edwards,Norm,Norm
241,FV,Pave,No_Feature,Reg,Lvl,AllPub,Inside,Gtl,Somerst,Norm,Norm
242,RM,Pave,No_Feature,Reg,Lvl,AllPub,Inside,Gtl,OldTown,Norm,Norm
243,RM,Pave,No_Feature,Reg,Lvl,AllPub,Corner,Gtl,OldTown,Norm,Norm
244,RL,Pave,No_Feature,Reg,Lvl,AllPub,Corner,Gtl,SawyerW,Norm,Norm
245,RL,Pave,No_Feature,IR1,Lvl,AllPub,Inside,Gtl,SawyerW,Norm,Norm
246,RL,Pave,No_Feature,Reg,Lvl,AllPub,Inside,Gtl,NWAmes,Norm,Norm
247,RM,Pave,Grvl,Reg,Lvl,AllPub,Inside,Gtl,OldTown,Norm,Norm
248,RL,Pave,No_Feature,Reg,Lvl,AllPub,Inside,Gtl,NAmes,Norm,Norm
249,RL,Pave,No_Feature,Reg,Lvl,AllPub,Inside,Gtl,CollgCr,Norm,Norm
250,RL,Pave,No_Feature,IR2,Low,AllPub,CulDSac,Sev,ClearCr,Norm,Norm
251,RL,Pave,No_Feature,IR1,Lvl,AllPub,Inside,Gtl,BrkSide,Norm,Norm
252,RM,Pave,No_Feature,IR1,HLS,AllPub,Inside,Mod,Crawfor,Norm,Norm
253,RL,Pave,No_Feature,IR1,Lvl,AllPub,Inside,Gtl,SawyerW,Norm,Norm
254,RL,Pave,No_Feature,Reg,Lvl,AllPub,Inside,Gtl,NAmes,Norm,Norm
255,RL,Pave,No_Feature,Reg,Lvl,AllPub,Inside,Gtl,NAmes,Norm,Norm
256,RL,Pave,No_Feature,IR1,Lvl,AllPub,Inside,Gtl,Gilbert,Norm,Norm
257,FV,Pave,No_Feature,IR1,Lvl,AllPub,Inside,Gtl,Somerst,Norm,Norm
258,RL,Pave,No_Feature,Reg,Lvl,AllPub,Inside,Gtl,CollgCr,Norm,Norm
259,RL,Pave,No_Feature,Reg,Lvl,AllPub,Inside,Gtl,CollgCr,Norm,Norm
260,RM,Pave,No_Feature,Reg,Lvl,AllPub,Inside,Gtl,OldTown,Norm,Norm
261,RL,Pave,No_Feature,Reg,Lvl,AllPub,Corner,Gtl,NAmes,Artery,Norm
262,RL,Pave,No_Feature,IR1,Lvl,AllPub,Inside,Gtl,CollgCr,Norm,Norm
263,RL,Pave,No_Feature,IR1,Lvl,AllPub,Corner,Gtl,Sawyer,Norm,Norm
264,RM,Pave,No_Feature,Reg,Lvl,AllPub,Corner,Gtl,OldTown,Norm,Norm
265,RM,Pave,Grvl,IR3,Bnk,AllPub,Inside,Gtl,OldTown,Artery,Norm
266,RL,Pave,No_Feature,IR1,Lvl,AllPub,Inside,Gtl,NWAmes,Norm,Norm
267,RL,Pave,No_Feature,IR1,HLS,AllPub,FR2,Gtl,Gilbert,Norm,Norm
268,RL,Pave,No_Feature,Reg,Bnk,AllPub,Inside,Mod,SWISU,Norm,Norm
269,RM,Pave,No_Feature,Reg,Lvl,AllPub,Inside,Gtl,IDOTRR,Norm,Norm
270,RL,Pave,No_Feature,IR1,Lvl,AllPub,Corner,Gtl,Edwards,Norm,Norm
271,FV,Pave,No_Feature,Reg,Lvl,AllPub,Inside,Gtl,Somerst,Norm,Norm
272,RL,Pave,No_Feature,IR1,Low,AllPub,CulDSac,Sev,ClearCr,Norm,Norm
273,RL,Pave,No_Feature,IR1,Lvl,AllPub,CulDSac,Gtl,NoRidge,Norm,Norm
274,RL,Pave,No_Feature,Reg,Lvl,AllPub,Inside,Gtl,NAmes,Feedr,Norm
275,RL,Pave,No_Feature,Reg,Lvl,AllPub,Corner,Gtl,Mitchel,Norm,Norm
276,RL,Pave,No_Feature,Reg,Lvl,AllPub,Inside,Gtl,BrkSide,Norm,Norm
277,RL,Pave,No_Feature,IR1,Lvl,AllPub,Inside,Gtl,Mitchel,Norm,Norm
278,RL,Pave,No_Feature,Reg,Lvl,AllPub,Corner,Gtl,Gilbert,Norm,Norm
279,RL,Pave,No_Feature,Reg,Lvl,AllPub,Inside,Gtl,NridgHt,Norm,Norm
280,RL,Pave,No_Feature,Reg,Lvl,AllPub,Inside,Gtl,ClearCr,Norm,Norm
281,RL,Pave,No_Feature,Reg,Lvl,AllPub,Inside,Gtl,SawyerW,Norm,Norm
282,FV,Pave,Pave,Reg,Lvl,AllPub,Inside,Gtl,Somerst,Norm,Norm
283,RL,Pave,No_Feature,Reg,Lvl,AllPub,Inside,Gtl,NridgHt,Norm,Norm
284,RL,Pave,No_Feature,Reg,Lvl,AllPub,Inside,Gtl,Somerst,Feedr,Norm
285,RL,Pave,No_Feature,Reg,Lvl,AllPub,Inside,Gtl,SawyerW,Norm,Norm
286,FV,Pave,Pave,IR1,Lvl,AllPub,Inside,Gtl,Somerst,Norm,Norm
287,RL,Pave,No_Feature,IR1,Bnk,AllPub,Inside,Gtl,NAmes,Norm,Norm
288,RL,Pave,No_Feature,IR1,Lvl,AllPub,Corner,Gtl,NAmes,Norm,Norm
289,RL,Pave,No_Feature,IR1,Lvl,AllPub,Inside,Gtl,Sawyer,Norm,Norm
290,RL,Pave,No_Feature,Reg,Lvl,AllPub,Inside,Gtl,BrkSide,RRAn,Norm
291,RL,Pave,No_Feature,Reg,Lvl,AllPub,Inside,Gtl,CollgCr,Norm,Norm
292,RL,Pave,Grvl,Reg,Bnk,AllPub,Inside,Gtl,SWISU,Norm,Norm
293,RL,Pave,No_Feature,Reg,Lvl,AllPub,Inside,Gtl,Edwards,Norm,Norm
294,RL,Pave,No_Feature,IR1,Lvl,AllPub,Corner,Gtl,NWAmes,PosA,Norm
295,RL,Pave,No_Feature,Reg,Lvl,AllPub,Inside,Gtl,NAmes,Norm,Norm
296,RL,Pave,No_Feature,IR1,Lvl,AllPub,CulDSac,Gtl,Mitchel,Norm,Norm
297,RM,Pave,No_Feature,Reg,Lvl,AllPub,Inside,Gtl,IDOTRR,Norm,Norm
298,FV,Pave,Pave,IR1,Lvl,AllPub,Inside,Gtl,Somerst,Norm,Norm
299,RL,Pave,No_Feature,Reg,Lvl,AllPub,Inside,Gtl,NWAmes,Norm,Norm
300,RL,Pave,No_Feature,Reg,Lvl,AllPub,Inside,Gtl,Crawfor,Norm,Norm
301,RL,Pave,No_Feature,Reg,Lvl,AllPub,Corner,Gtl,Crawfor,Norm,Norm
302,RL,Pave,No_Feature,IR3,Lvl,AllPub,Inside,Gtl,CollgCr,Norm,Norm
303,RL,Pave,No_Feature,IR1,Lvl,AllPub,Corner,Gtl,CollgCr,Norm,Norm
304,RL,Pave,No_Feature,Reg,Lvl,AllPub,Corner,Gtl,CollgCr,Norm,Norm
305,RM,Pave,No_Feature,Reg,Lvl,AllPub,Inside,Gtl,OldTown,Norm,Norm
306,RL,Pave,No_Feature,Reg,Lvl,AllPub,Inside,Gtl,CollgCr,Norm,Norm
307,RL,Pave,No_Feature,Reg,Lvl,AllPub,Inside,Gtl,SawyerW,Feedr,Norm
308,RM,Pave,Grvl,IR1,Lvl,AllPub,Inside,Gtl,IDOTRR,Artery,Norm
309,RL,Pave,No_Feature,IR1,Lvl,AllPub,Inside,Gtl,Edwards,Norm,Norm
310,RL,Pave,No_Feature,IR1,Lvl,AllPub,Inside,Gtl,NridgHt,Norm,Norm
311,RL,Pave,No_Feature,IR1,Lvl,AllPub,Inside,Gtl,Gilbert,Norm,Norm
312,RL,Pave,No_Feature,Reg,Lvl,AllPub,Inside,Gtl,NAmes,Norm,Norm
313,RM,Pave,No_Feature,Reg,Lvl,AllPub,Inside,Gtl,OldTown,Artery,Norm
314,RL,Pave,No_Feature,IR3,Low,AllPub,Inside,Sev,Timber,Norm,Norm
315,RM,Pave,Grvl,Reg,Lvl,AllPub,Inside,Gtl,OldTown,Norm,Norm
316,RL,Pave,No_Feature,IR1,Lvl,AllPub,Inside,Gtl,Gilbert,Norm,Norm
317,RL,Pave,No_Feature,IR1,Lvl,AllPub,Corner,Gtl,NWAmes,Norm,Norm
318,FV,Pave,No_Feature,Reg,Lvl,AllPub,Inside,Gtl,Somerst,Norm,Norm
319,RL,Pave,No_Feature,Reg,Low,AllPub,Inside,Mod,NoRidge,Norm,Norm
320,RL,Pave,No_Feature,Reg,Lvl,AllPub,Inside,Gtl,NWAmes,Norm,Norm
321,RL,Pave,No_Feature,Reg,Lvl,AllPub,Corner,Gtl,NridgHt,Norm,Norm
322,RL,Pave,No_Feature,IR1,Lvl,AllPub,Inside,Gtl,NridgHt,Norm,Norm
323,RL,Pave,No_Feature,IR1,Lvl,AllPub,Inside,Gtl,SawyerW,Norm,Norm
324,RM,Pave,No_Feature,Reg,Lvl,AllPub,Inside,Gtl,OldTown,Norm,Norm
325,RL,Pave,No_Feature,Reg,Lvl,AllPub,Corner,Gtl,NAmes,PosN,Norm
326,RM,Pave,No_Feature,Reg,Lvl,AllPub,Inside,Gtl,IDOTRR,RRAe,Norm
327,RL,Pave,No_Feature,IR1,Lvl,AllPub,CulDSac,Gtl,Veenker,Norm,Norm
328,RL,Pave,No_Feature,Reg,Lvl,AllPub,Inside,Gtl,NAmes,Norm,Norm
329,RL,Pave,Pave,IR1,Bnk,AllPub,Inside,Gtl,BrkSide,PosN,Norm
330,RM,Pave,No_Feature,Reg,Lvl,AllPub,Corner,Gtl,IDOTRR,Norm,Norm
331,RL,Pave,No_Feature,IR1,Lvl,AllPub,Inside,Gtl,NAmes,Norm,Norm
332,RL,Pave,No_Feature,Reg,Lvl,AllPub,Inside,Gtl,NAmes,Norm,Norm
333,RL,Pave,No_Feature,IR1,Lvl,AllPub,Inside,Gtl,NridgHt,Norm,Norm
334,RM,Pave,No_Feature,Reg,Lvl,AllPub,FR3,Gtl,NridgHt,Norm,Norm
335,RL,Pave,No_Feature,IR1,Lvl,AllPub,Inside,Gtl,Gilbert,Norm,Norm
336,RL,Grvl,No_Feature,IR1,HLS,AllPub,Corner,Sev,Timber,Norm,Norm
337,RL,Pave,No_Feature,IR1,HLS,AllPub,Corner,Gtl,StoneBr,Norm,Norm
338,RL,Pave,No_Feature,Reg,Lvl,AllPub,Inside,Gtl,CollgCr,Norm,Norm
339,RL,Pave,No_Feature,Reg,Lvl,AllPub,Corner,Gtl,NWAmes,Norm,Norm
340,RL,Pave,No_Feature,IR1,Lvl,AllPub,Inside,Gtl,NAmes,Feedr,Norm
341,RL,Pave,No_Feature,Reg,Lvl,AllPub,Inside,Gtl,Timber,Norm,Norm
342,RH,Pave,No_Feature,Reg,Lvl,AllPub,Inside,Gtl,SawyerW,Feedr,Norm
343,RL,Pave,No_Feature,Reg,Lvl,AllPub,Inside,Gtl,NAmes,Norm,Norm
344,RL,Pave,No_Feature,IR1,Lvl,AllPub,Inside,Gtl,NridgHt,Norm,Norm
345,RM,Pave,No_Feature,Reg,Lvl,AllPub,Inside,Gtl,MeadowV,Norm,Norm
346,RL,Pave,No_Feature,Reg,Lvl,AllPub,Inside,Gtl,BrkSide,RRAn,Norm
347,RL,Pave,No_Feature,IR1,Lvl,AllPub,CulDSac,Gtl,NAmes,Norm,Norm
348,RL,Pave,No_Feature,IR1,Lvl,AllPub,Inside,Gtl,NAmes,Norm,Norm
349,RL,Pave,No_Feature,Reg,Lvl,AllPub,Inside,Gtl,NridgHt,Norm,Norm
350,RL,Pave,No_Feature,IR2,Lvl,AllPub,Inside,Gtl,NridgHt,Norm,Norm
351,RL,Pave,No_Feature,IR1,Lvl,AllPub,Inside,Gtl,NridgHt,Norm,Norm
352,RL,Pave,No_Feature,IR1,Low,AllPub,Inside,Mod,ClearCr,Norm,Norm
353,RL,Pave,No_Feature,Reg,Lvl,AllPub,Inside,Gtl,Edwards,Artery,Norm
354,RM,Pave,No_Feature,Reg,Lvl,AllPub,Inside,Gtl,OldTown,Norm,Norm
355,RL,Pave,No_Feature,Reg,Bnk,AllPub,Inside,Gtl,SWISU,Norm,Norm
356,RL,Pave,No_Feature,IR2,Lvl,AllPub,Inside,Gtl,CollgCr,Norm,Norm
357,RL,Pave,No_Feature,IR1,Lvl,AllPub,Inside,Gtl,Gilbert,Norm,Norm
358,RM,Pave,No_Feature,Reg,Lvl,AllPub,Inside,Gtl,MeadowV,Norm,Norm
359,RL,Pave,No_Feature,IR1,Lvl,AllPub,Inside,Gtl,ClearCr,Norm,Norm
360,RL,Pave,No_Feature,IR1,Lvl,AllPub,CulDSac,Gtl,NoRidge,Norm,Norm
361,RL,Pave,No_Feature,IR1,Lvl,AllPub,CulDSac,Gtl,Mitchel,Norm,Norm
362,RL,Pave,Pave,Reg,Lvl,AllPub,Inside,Gtl,BrkSide,Norm,Norm
363,RL,Pave,No_Feature,Reg,Lvl,AllPub,Corner,Gtl,Edwards,Norm,Norm
364,RM,Pave,No_Feature,Reg,Lvl,AllPub,Inside,Gtl,BrDale,Norm,Norm
365,RL,Pave,No_Feature,IR1,Lvl,AllPub,FR2,Gtl,NWAmes,Norm,Norm
366,RM,Pave,No_Feature,Reg,Lvl,AllPub,Inside,Gtl,IDOTRR,Norm,Norm
367,RL,Pave,No_Feature,IR1,Lvl,AllPub,Inside,Gtl,NAmes,Norm,Norm
368,RL,Pave,No_Feature,IR1,Lvl,AllPub,Corner,Gtl,NAmes,Norm,Norm
369,RL,Pave,No_Feature,Reg,Lvl,AllPub,Inside,Gtl,NAmes,Norm,Norm
370,RL,Pave,No_Feature,IR1,Lvl,AllPub,Corner,Gtl,NAmes,Norm,Norm
371,RL,Pave,No_Feature,IR1,Lvl,AllPub,Inside,Gtl,Gilbert,Norm,Norm
372,RL,Pave,No_Feature,Reg,Lvl,AllPub,Inside,Gtl,ClearCr,Feedr,Norm
373,RL,Pave,No_Feature,Reg,Lvl,AllPub,Inside,Gtl,SawyerW,Norm,Norm
374,RL,Pave,No_Feature,Reg,Lvl,AllPub,Inside,Gtl,NAmes,Norm,Norm
375,RL,Pave,No_Feature,Reg,Lvl,AllPub,Inside,Gtl,CollgCr,Norm,Norm
376,RL,Pave,No_Feature,IR1,Low,AllPub,Inside,Sev,Edwards,Norm,Norm
377,RL,Pave,No_Feature,IR1,Lvl,AllPub,CulDSac,Gtl,CollgCr,Norm,Norm
378,FV,Pave,No_Feature,IR1,Lvl,AllPub,Corner,Gtl,Somerst,Norm,Norm
379,RL,Pave,No_Feature,Reg,Lvl,AllPub,Corner,Gtl,StoneBr,Norm,Norm
380,RL,Pave,No_Feature,IR1,Lvl,AllPub,Inside,Gtl,Gilbert,RRAn,Norm
381,RL,Pave,Pave,Reg,Lvl,AllPub,Inside,Gtl,SWISU,Norm,Norm
382,FV,Pave,Pave,Reg,Lvl,AllPub,Inside,Gtl,Somerst,Norm,Norm
383,RL,Pave,No_Feature,IR1,Lvl,AllPub,Inside,Gtl,CollgCr,Norm,Norm
384,RH,Pave,No_Feature,Reg,Lvl,AllPub,Corner,Gtl,SawyerW,Norm,Norm
385,RL,Pave,No_Feature,IR2,Low,AllPub,Corner,Mod,ClearCr,Feedr,Norm
386,RL,Pave,No_Feature,Reg,Lvl,AllPub,Inside,Gtl,Blmngtn,Norm,Norm
387,RL,Pave,No_Feature,Reg,Lvl,AllPub,FR2,Gtl,Edwards,Feedr,Norm
388,RL,Pave,No_Feature,Reg,Lvl,AllPub,Inside,Gtl,Edwards,Norm,Norm
389,RL,Pave,No_Feature,IR1,Lvl,AllPub,CulDSac,Gtl,CollgCr,Norm,Norm
390,RL,Pave,No_Feature,Reg,Lvl,AllPub,Inside,Gtl,NridgHt,Norm,Norm
391,RL,Pave,Grvl,Reg,Lvl,AllPub,Inside,Gtl,Edwards,Norm,Norm
392,RL,Pave,No_Feature,IR1,Lvl,AllPub,CulDSac,Gtl,Mitchel,Norm,Norm
393,RL,Pave,No_Feature,IR1,Lvl,AllPub,Inside,Gtl,NAmes,Norm,Norm
394,RL,Pave,No_Feature,Reg,Lvl,AllPub,Corner,Gtl,BrkSide,Feedr,Norm
395,RL,Pave,No_Feature,Reg,Lvl,AllPub,Inside,Gtl,OldTown,Norm,Norm
396,RL,Pave,No_Feature,Reg,Lvl,AllPub,Inside,Gtl,Edwards,Norm,Norm
397,RL,Pave,No_Feature,Reg,Low,AllPub,Inside,Gtl,CollgCr,Norm,Norm
398,RL,Pave,No_Feature,Reg,Lvl,AllPub,Inside,Gtl,NAmes,PosN,Norm
399,RM,Pave,No_Feature,Reg,Lvl,AllPub,Corner,Gtl,IDOTRR,Norm,Norm
400,FV,Pave,No_Feature,Reg,Lvl,AllPub,Inside,Gtl,Somerst,Norm,Norm
401,RL,Pave,No_Feature,IR2,Lvl,AllPub,Inside,Gtl,Veenker,Norm,Norm
402,RL,Pave,No_Feature,IR1,Lvl,AllPub,Inside,Gtl,CollgCr,Norm,Norm
403,RL,Pave,No_Feature,Reg,Lvl,AllPub,Inside,Gtl,Sawyer,Norm,Norm
404,RL,Pave,No_Feature,Reg,Lvl,AllPub,Corner,Gtl,NoRidge,Norm,Norm
405,RL,Pave,No_Feature,IR1,Lvl,AllPub,Inside,Gtl,Gilbert,Norm,Norm
406,RL,Pave,No_Feature,IR1,Lvl,AllPub,Corner,Gtl,Sawyer,Feedr,Norm
407,RL,Pave,No_Feature,Reg,Lvl,AllPub,Inside,Gtl,SWISU,Norm,Norm
408,RL,Pave,No_Feature,Reg,Lvl,AllPub,Inside,Gtl,Crawfor,Norm,Norm
409,RL,Pave,No_Feature,Reg,Lvl,AllPub,Corner,Gtl,NridgHt,Norm,Norm
410,FV,Pave,No_Feature,Reg,Lvl,AllPub,Inside,Gtl,Somerst,Norm,Norm
411,RL,Pave,No_Feature,Reg,Lvl,AllPub,Inside,Gtl,Edwards,Norm,Norm
412,RL,Pave,No_Feature,Reg,Bnk,AllPub,Inside,Gtl,Gilbert,Norm,Norm
413,FV,Pave,No_Feature,IR2,Lvl,AllPub,Inside,Gtl,Somerst,Norm,Norm
414,RM,Pave,Grvl,Reg,Lvl,AllPub,Inside,Gtl,OldTown,Artery,Norm
415,RL,Pave,No_Feature,IR2,Lvl,AllPub,CulDSac,Gtl,SawyerW,Norm,Norm
416,RL,Pave,No_Feature,IR1,Lvl,AllPub,Inside,Gtl,Gilbert,Norm,Norm
417,RL,Pave,No_Feature,Reg,Lvl,AllPub,Inside,Gtl,Sawyer,Norm,Norm
418,RL,Pave,No_Feature,IR1,Lvl,AllPub,Inside,Gtl,Crawfor,Feedr,Norm
419,RL,Pave,No_Feature,Reg,Lvl,AllPub,Inside,Gtl,Edwards,Norm,Norm
420,RL,Pave,No_Feature,Reg,Lvl,AllPub,Inside,Gtl,NAmes,Norm,Norm
421,RM,Pave,No_Feature,Reg,Lvl,AllPub,Inside,Gtl,Mitchel,Norm,Norm
422,RL,Pave,No_Feature,IR1,Lvl,AllPub,FR2,Gtl,NWAmes,Norm,Norm
423,RL,Pave,No_Feature,Reg,HLS,AllPub,Inside,Mod,Mitchel,Artery,Norm
424,RL,Pave,No_Feature,Reg,Lvl,AllPub,Inside,Gtl,NoRidge,Norm,Norm
425,RL,Pave,No_Feature,Reg,Lvl,AllPub,Inside,Gtl,NAmes,Norm,Norm
426,RM,Pave,Grvl,Reg,HLS,AllPub,Inside,Gtl,OldTown,Norm,Norm
427,RL,Pave,No_Feature,Reg,Low,AllPub,Inside,Mod,SawyerW,Norm,Norm
428,RL,Pave,No_Feature,IR1,Lvl,AllPub,Inside,Gtl,NAmes,Norm,Norm
429,RL,Pave,No_Feature,Reg,Lvl,AllPub,Inside,Gtl,CollgCr,Norm,Norm
430,RL,Pave,No_Feature,IR1,Lvl,AllPub,Corner,Gtl,Timber,Norm,Norm
431,RM,Pave,No_Feature,Reg,Lvl,AllPub,Inside,Gtl,BrDale,Norm,Norm
432,RM,Pave,No_Feature,IR1,Bnk,AllPub,Inside,Gtl,OldTown,Feedr,Norm
433,RM,Pave,No_Feature,Reg,Lvl,AllPub,Inside,Gtl,BrDale,Norm,Norm
434,RL,Pave,No_Feature,IR1,Lvl,AllPub,Corner,Gtl,Gilbert,Norm,Norm
435,RM,Pave,No_Feature,Reg,Lvl,AllPub,Inside,Gtl,MeadowV,Norm,Norm
436,RL,Pave,No_Feature,IR2,Lvl,AllPub,CulDSac,Gtl,CollgCr,PosN,Norm
437,RM,Pave,No_Feature,Reg,Lvl,AllPub,Inside,Gtl,OldTown,Norm,Norm
438,RM,Pave,No_Feature,Reg,Lvl,AllPub,Inside,Gtl,BrkSide,Norm,Norm
439,RL,Pave,No_Feature,Reg,Lvl,AllPub,Inside,Gtl,Crawfor,Norm,Norm
440,RL,Pave,Grvl,Reg,Lvl,AllPub,Corner,Gtl,Edwards,Norm,Norm
441,RL,Pave,No_Feature,Reg,Lvl,AllPub,Inside,Gtl,NridgHt,Norm,Norm
442,RL,Pave,No_Feature,Reg,Lvl,AllPub,Inside,Gtl,Edwards,Norm,Norm
443,RM,Pave,No_Feature,Reg,Lvl,AllPub,Inside,Gtl,BrkSide,Norm,Norm
444,RL,Pave,No_Feature,Reg,Lvl,AllPub,Inside,Gtl,Blmngtn,Norm,Norm
445,RL,Pave,No_Feature,Reg,Lvl,AllPub,Inside,Gtl,CollgCr,Norm,Norm
446,RL,Pave,No_Feature,Reg,Lvl,AllPub,Corner,Gtl,Edwards,Norm,Norm
447,RL,Pave,No_Feature,IR1,Lvl,AllPub,Corner,Gtl,NAmes,PosA,Norm
448,RL,Pave,No_Feature,IR1,Lvl,AllPub,Corner,Gtl,Gilbert,Norm,Norm
449,RM,Pave,No_Feature,Reg,Bnk,AllPub,Inside,Gtl,IDOTRR,Norm,Norm
450,RM,Pave,No_Feature,Reg,Lvl,AllPub,Inside,Gtl,OldTown,Norm,Norm
451,RM,Pave,No_Feature,Reg,Lvl,AllPub,Inside,Gtl,OldTown,Norm,Norm
452,RL,Pave,No_Feature,IR1,Low,AllPub,Inside,Mod,ClearCr,Norm,Norm
453,RL,Pave,No_Feature,IR1,Lvl,AllPub,Corner,Gtl,Timber,Norm,Norm
454,FV,Pave,No_Feature,Reg,Lvl,AllPub,Inside,Gtl,Somerst,Norm,Norm
455,RL,Pave,No_Feature,Reg,Lvl,AllPub,Inside,Gtl,Mitchel,Norm,Norm
456,RL,Pave,No_Feature,Reg,Lvl,AllPub,Inside,Gtl,NWAmes,Norm,Norm
457,RM,Pave,Grvl,Reg,Lvl,AllPub,Inside,Gtl,OldTown,Norm,Norm
458,RL,Pave,No_Feature,IR1,Low,AllPub,CulDSac,Mod,ClearCr,Norm,Norm
459,RM,Pave,Grvl,Reg,Lvl,AllPub,Inside,Gtl,OldTown,Norm,Norm
460,RL,Pave,No_Feature,IR1,Bnk,AllPub,Corner,Gtl,BrkSide,Norm,Norm
461,FV,Pave,No_Feature,IR1,Lvl,AllPub,Inside,Gtl,Somerst,RRAn,Norm
462,RL,Pave,No_Feature,Reg,Lvl,AllPub,Inside,Gtl,SWISU,Feedr,Norm
463,RL,Pave,No_Feature,IR1,Lvl,AllPub,Inside,Gtl,Sawyer,Norm,Norm
464,RL,Pave,No_Feature,IR1,HLS,AllPub,Inside,Mod,Crawfor,Norm,Norm
465,RL,Pave,No_Feature,Reg,HLS,AllPub,Inside,Mod,CollgCr,Norm,Norm
466,RM,Pave,No_Feature,Reg,Lvl,AllPub,Inside,Gtl,Blmngtn,Norm,Norm
467,RL,Pave,No_Feature,Reg,Lvl,AllPub,Inside,Gtl,NAmes,Norm,Norm
468,RL,Pave,No_Feature,Reg,Lvl,AllPub,Inside,Gtl,NAmes,Artery,Norm
469,RL,Pave,No_Feature,IR1,Lvl,AllPub,Inside,Gtl,NridgHt,Norm,Norm
470,RL,Pave,No_Feature,IR1,Lvl,AllPub,Corner,Gtl,SawyerW,RRNe,Norm
471,RL,Pave,No_Feature,IR1,Lvl,AllPub,Corner,Gtl,StoneBr,Norm,Norm
472,RL,Pave,No_Feature,Reg,Lvl,AllPub,Inside,Gtl,NWAmes,PosA,Norm
473,RM,Pave,No_Feature,Reg,Lvl,AllPub,Inside,Gtl,Edwards,Norm,Norm
474,RL,Pave,No_Feature,IR1,Lvl,AllPub,Inside,Gtl,NridgHt,Norm,Norm
475,RL,Pave,No_Feature,Reg,Lvl,AllPub,Inside,Gtl,StoneBr,Norm,Norm
476,RL,Pave,No_Feature,Reg,Lvl,AllPub,Corner,Gtl,Sawyer,Norm,Norm
477,RL,Pave,No_Feature,Reg,Lvl,AllPub,Inside,Mod,CollgCr,Norm,Norm
478,RL,Pave,No_Feature,Reg,Lvl,AllPub,Inside,Gtl,NridgHt,Norm,Norm
479,RL,Pave,No_Feature,Reg,Lvl,AllPub,Inside,Gtl,CollgCr,Norm,Norm
480,RM,Pave,No_Feature,Reg,Bnk,AllPub,Inside,Gtl,OldTown,Norm,Norm
481,RL,Pave,No_Feature,IR1,Lvl,AllPub,FR2,Gtl,NridgHt,Norm,Norm
482,RL,Pave,No_Feature,IR1,HLS,AllPub,Inside,Gtl,NridgHt,Norm,Norm
483,RM,Pave,Pave,Reg,Lvl,AllPub,Corner,Gtl,OldTown,Norm,Norm
484,RM,Pave,No_Feature,Reg,Lvl,AllPub,FR2,Gtl,Mitchel,Norm,Norm
485,RL,Pave,No_Feature,IR1,Lvl,AllPub,Corner,Gtl,Sawyer,Norm,Norm
486,RL,Pave,No_Feature,Reg,Lvl,AllPub,Inside,Gtl,NAmes,Norm,Norm
487,RL,Pave,No_Feature,Reg,Lvl,AllPub,Inside,Gtl,NAmes,Norm,Norm
488,RL,Pave,No_Feature,IR1,Lvl,AllPub,Inside,Gtl,NWAmes,Norm,Norm
489,RL,Pave,No_Feature,Reg,Lvl,AllPub,Corner,Gtl,OldTown,Norm,Norm
490,RM,Pave,No_Feature,Reg,Lvl,AllPub,Inside,Gtl,MeadowV,Norm,Norm
491,RM,Pave,No_Feature,Reg,Lvl,AllPub,Inside,Gtl,MeadowV,Norm,Norm
492,RL,Pave,No_Feature,Reg,Lvl,AllPub,Inside,Gtl,NAmes,Artery,Norm
493,RL,Pave,No_Feature,IR1,Lvl,AllPub,Corner,Gtl,Gilbert,Norm,Norm
494,RL,Pave,No_Feature,Reg,Lvl,AllPub,Inside,Gtl,NAmes,Norm,Norm
495,RM,Pave,No_Feature,Reg,Lvl,AllPub,Inside,Gtl,OldTown,Artery,Norm
496,C (all),Pave,No_Feature,Reg,Lvl,AllPub,Inside,Gtl,IDOTRR,Norm,Norm
497,RL,Pave,No_Feature,IR1,Lvl,AllPub,Inside,Gtl,NoRidge,Norm,Norm
498,RL,Pave,Pave,Reg,Lvl,AllPub,Inside,Gtl,BrkSide,Norm,Norm
499,RL,Pave,No_Feature,Reg,Lvl,AllPub,Inside,Gtl,Sawyer,Norm,Norm
500,RL,Pave,No_Feature,IR1,Lvl,AllPub,Inside,Gtl,NAmes,Norm,Norm
501,RM,Pave,No_Feature,Reg,Lvl,AllPub,Inside,Gtl,BrDale,Norm,Norm
502,FV,Pave,No_Feature,Reg,Lvl,AllPub,Inside,Gtl,Somerst,Norm,Norm
503,RL,Pave,No_Feature,Reg,Lvl,AllPub,Corner,Gtl,Edwards,Feedr,Norm
504,RL,Pave,No_Feature,IR1,Lvl,AllPub,Inside,Gtl,Crawfor,Norm,Norm
505,RL,Pave,No_Feature,Reg,Lvl,AllPub,Inside,Gtl,NPkVill,Norm,Norm
506,RM,Pave,Grvl,Reg,Lvl,AllPub,Inside,Gtl,OldTown,Artery,Norm
507,RL,Pave,No_Feature,IR1,Lvl,AllPub,Inside,Gtl,SawyerW,Norm,Norm
508,FV,Pave,No_Feature,IR1,Lvl,AllPub,Inside,Gtl,Somerst,Norm,Norm
509,RM,Pave,No_Feature,Reg,Lvl,AllPub,Inside,Gtl,OldTown,Norm,Norm
510,RL,Pave,No_Feature,Reg,Lvl,AllPub,Corner,Gtl,NAmes,Norm,Norm
511,RL,Pave,No_Feature,Reg,Lvl,AllPub,Inside,Gtl,NAmes,Norm,Norm
512,RL,Pave,No_Feature,IR1,Lvl,AllPub,Inside,Gtl,NridgHt,Norm,Norm
513,RL,Pave,No_Feature,Reg,Lvl,AllPub,Corner,Gtl,NAmes,Feedr,Norm
514,RL,Pave,No_Feature,Reg,Bnk,AllPub,Corner,Gtl,Mitchel,Norm,Norm
515,RL,Pave,No_Feature,Reg,Lvl,AllPub,Inside,Gtl,Crawfor,Norm,Norm
516,RL,Pave,No_Feature,Reg,Lvl,AllPub,Inside,Gtl,NridgHt,Norm,Norm
517,RL,Pave,No_Feature,IR1,Lvl,AllPub,Corner,Gtl,NWAmes,Norm,Norm
518,RL,Pave,No_Feature,IR1,Lvl,AllPub,Inside,Gtl,NoRidge,Norm,Norm
519,RL,Pave,No_Feature,IR1,Lvl,AllPub,CulDSac,Gtl,CollgCr,Norm,Norm
520,RL,Pave,No_Feature,Reg,Lvl,AllPub,Inside,Gtl,Crawfor,Norm,Norm
521,RL,Pave,Grvl,Reg,Lvl,AllPub,Inside,Gtl,OldTown,Norm,Norm
522,RL,Pave,No_Feature,IR1,Lvl,AllPub,Corner,Gtl,NAmes,Feedr,Norm
523,RM,Pave,No_Feature,Reg,Lvl,AllPub,Corner,Gtl,BrkSide,Feedr,Norm
524,RL,Pave,No_Feature,IR1,Bnk,AllPub,Inside,Gtl,Edwards,PosN,PosN
525,RL,Pave,No_Feature,IR1,Lvl,AllPub,Inside,Gtl,NoRidge,Norm,Norm
526,FV,Pave,Pave,Reg,Lvl,AllPub,Inside,Gtl,Somerst,Norm,Norm
527,RL,Pave,No_Feature,Reg,Lvl,AllPub,Inside,Gtl,NAmes,Norm,Norm
528,RL,Pave,No_Feature,IR1,Lvl,AllPub,Inside,Gtl,NridgHt,Norm,Norm
529,RL,Pave,No_Feature,IR1,Lvl,AllPub,Inside,Gtl,Edwards,Norm,Norm
530,RL,Pave,No_Feature,IR1,Lvl,AllPub,CulDSac,Gtl,Crawfor,Norm,Norm
531,RL,Pave,No_Feature,Reg,Lvl,AllPub,Inside,Gtl,Timber,Norm,Norm
532,RM,Pave,No_Feature,IR1,Lvl,AllPub,FR3,Gtl,BrkSide,RRNn,Feedr
533,RL,Pave,No_Feature,Reg,Lvl,AllPub,Inside,Gtl,NAmes,Norm,Norm
534,RL,Pave,No_Feature,Reg,Low,AllPub,Inside,Mod,BrkSide,Norm,Norm
535,RL,Pave,No_Feature,IR1,Lvl,AllPub,Inside,Gtl,Gilbert,Norm,Norm
536,RL,Pave,No_Feature,Reg,Lvl,AllPub,Inside,Gtl,Edwards,Norm,Norm
537,RL,Pave,No_Feature,IR1,Lvl,AllPub,CulDSac,Gtl,CollgCr,Norm,Norm
538,RL,Pave,No_Feature,IR1,Lvl,AllPub,FR2,Gtl,NAmes,Norm,Norm
539,RL,Pave,No_Feature,IR1,Lvl,AllPub,Inside,Gtl,Sawyer,Norm,Norm
540,RL,Pave,No_Feature,Reg,Lvl,AllPub,Inside,Gtl,CollgCr,Norm,Norm
541,RL,Pave,No_Feature,Reg,Lvl,AllPub,Inside,Gtl,Timber,Norm,Norm
542,RL,Pave,No_Feature,Reg,Lvl,AllPub,FR2,Gtl,NoRidge,Norm,Norm
543,RL,Pave,No_Feature,Reg,Lvl,AllPub,Inside,Gtl,NWAmes,RRAn,Norm
544,RH,Pave,No_Feature,Reg,Lvl,AllPub,Inside,Gtl,NAmes,Norm,Norm
545,RL,Pave,No_Feature,IR1,Lvl,AllPub,Inside,Gtl,Gilbert,Norm,Norm
546,RL,Pave,No_Feature,IR1,Lvl,AllPub,Corner,Gtl,NWAmes,Norm,Norm
547,RL,Pave,No_Feature,IR1,Bnk,AllPub,Inside,Gtl,BrkSide,Norm,Norm
548,RL,Pave,No_Feature,Reg,Lvl,AllPub,Inside,Gtl,Mitchel,Norm,Norm
549,RM,Pave,No_Feature,IR1,HLS,AllPub,Inside,Gtl,OldTown,Feedr,RRNn
550,FV,Pave,No_Feature,Reg,Lvl,AllPub,Inside,Gtl,Somerst,Norm,Norm
551,RL,Pave,No_Feature,Reg,Lvl,AllPub,Inside,Gtl,NPkVill,Norm,Norm
552,RM,Pave,No_Feature,Reg,Lvl,AllPub,Inside,Gtl,OldTown,Norm,Norm
553,RL,Pave,No_Feature,IR1,Lvl,AllPub,Inside,Gtl,NridgHt,Norm,Norm
554,RL,Pave,No_Feature,Reg,Lvl,AllPub,Inside,Gtl,Edwards,Feedr,Norm
555,RL,Pave,No_Feature,Reg,Lvl,AllPub,Inside,Gtl,NridgHt,Norm,Norm
556,RM,Pave,No_Feature,Reg,Lvl,AllPub,Inside,Gtl,BrkSide,Norm,Norm
557,RL,Pave,No_Feature,IR1,Lvl,AllPub,Inside,Gtl,NAmes,Norm,Norm
558,C (all),Pave,No_Feature,Reg,Low,AllPub,Inside,Mod,IDOTRR,Norm,Norm
559,RL,Pave,No_Feature,IR2,HLS,AllPub,FR2,Gtl,Gilbert,Norm,Norm
560,RL,Pave,No_Feature,Reg,Lvl,AllPub,Inside,Gtl,Blmngtn,Norm,Norm
561,RL,Pave,No_Feature,IR1,Lvl,AllPub,Inside,Gtl,Sawyer,Norm,Norm
562,RL,Pave,No_Feature,Reg,Lvl,AllPub,Inside,Mod,Mitchel,Norm,Norm
563,RL,Pave,No_Feature,Reg,Lvl,AllPub,Inside,Gtl,Edwards,Norm,Norm
564,RL,Pave,No_Feature,Reg,Lvl,AllPub,Inside,Gtl,Edwards,Norm,Norm
565,RL,Pave,No_Feature,IR1,Lvl,AllPub,CulDSac,Gtl,NoRidge,Norm,Norm
566,RL,Pave,No_Feature,Reg,Bnk,AllPub,Corner,Gtl,SWISU,Norm,Norm
567,RL,Pave,No_Feature,IR1,Lvl,AllPub,Inside,Gtl,StoneBr,Norm,Norm
568,RL,Pave,No_Feature,IR1,Lvl,AllPub,Inside,Gtl,NridgHt,Norm,Norm
569,RL,Pave,No_Feature,IR1,Low,AllPub,Inside,Mod,SawyerW,Norm,Norm
570,RL,Pave,No_Feature,IR1,Lvl,AllPub,Corner,Gtl,NAmes,Norm,Norm
571,RL,Pave,No_Feature,IR1,Lvl,AllPub,Inside,Gtl,NAmes,Norm,Norm
572,RL,Pave,No_Feature,Reg,Lvl,AllPub,Inside,Gtl,NAmes,Norm,Norm
573,RL,Pave,No_Feature,IR1,HLS,AllPub,Corner,Gtl,Timber,Norm,Norm
574,RL,Pave,No_Feature,IR1,Lvl,AllPub,Inside,Gtl,Gilbert,Norm,Norm
575,RL,Pave,No_Feature,Reg,Lvl,AllPub,FR2,Gtl,NAmes,Norm,Norm
576,RL,Pave,No_Feature,Reg,Lvl,AllPub,Inside,Gtl,NAmes,Norm,Norm
577,RL,Pave,No_Feature,Reg,Lvl,AllPub,Inside,Gtl,SWISU,Norm,Norm
578,RL,Pave,No_Feature,IR1,Lvl,AllPub,Inside,Gtl,Sawyer,Norm,Norm
579,FV,Pave,Pave,Reg,Lvl,AllPub,Corner,Gtl,Somerst,Norm,Norm
580,RM,Pave,Grvl,Reg,Lvl,AllPub,Inside,Gtl,OldTown,Norm,Norm
581,RL,Pave,No_Feature,IR1,Lvl,AllPub,CulDSac,Gtl,NAmes,Norm,Norm
582,RL,Pave,No_Feature,Reg,Lvl,AllPub,Inside,Gtl,NridgHt,Norm,Norm
583,RL,Grvl,No_Feature,Reg,Lvl,AllPub,Inside,Gtl,Edwards,Norm,Norm
584,RM,Pave,No_Feature,Reg,Lvl,AllPub,Inside,Gtl,OldTown,Artery,PosA
585,RM,Pave,No_Feature,Reg,Lvl,AllPub,Inside,Gtl,BrkSide,Norm,Norm
586,RL,Pave,No_Feature,Reg,Lvl,AllPub,Inside,Gtl,Timber,Norm,Norm
587,RL,Pave,No_Feature,Reg,Lvl,AllPub,Inside,Gtl,BrkSide,RRAn,Norm
588,RL,Pave,No_Feature,IR1,Lvl,AllPub,Inside,Gtl,Sawyer,Norm,Norm
589,RL,Pave,No_Feature,IR1,Low,AllPub,Inside,Sev,ClearCr,Norm,Norm
590,RM,Pave,No_Feature,Reg,Lvl,AllPub,Inside,Gtl,BrkSide,RRAn,Feedr
591,RL,Pave,No_Feature,Reg,Lvl,AllPub,Inside,Gtl,CollgCr,Norm,Norm
592,RL,Pave,No_Feature,IR1,Lvl,AllPub,Corner,Gtl,NridgHt,Norm,Norm
593,RL,Pave,No_Feature,Reg,Lvl,AllPub,Inside,Gtl,Mitchel,Norm,Norm
594,RM,Pave,No_Feature,Reg,Lvl,AllPub,Inside,Gtl,CollgCr,Norm,Norm
595,RL,Pave,No_Feature,IR1,Lvl,AllPub,Inside,Gtl,CollgCr,Norm,Norm
596,RL,Pave,No_Feature,IR1,Lvl,AllPub,Inside,Gtl,StoneBr,Norm,Norm
597,RM,Pave,Grvl,Reg,Lvl,AllPub,Inside,Gtl,OldTown,Norm,Norm
598,RL,Pave,No_Feature,Reg,Lvl,AllPub,Inside,Gtl,Blmngtn,Norm,Norm
599,RL,Pave,No_Feature,Reg,Bnk,AllPub,Inside,Gtl,Crawfor,Norm,Norm
600,RM,Pave,No_Feature,Reg,Lvl,AllPub,Inside,Gtl,Blueste,Norm,Norm
601,RL,Pave,No_Feature,Reg,Lvl,AllPub,Inside,Gtl,NridgHt,Norm,Norm
602,RM,Pave,No_Feature,Reg,Bnk,AllPub,Inside,Gtl,IDOTRR,Norm,Norm
603,RL,Pave,No_Feature,IR1,Lvl,AllPub,Inside,Gtl,SawyerW,Norm,Norm
604,FV,Pave,Pave,Reg,Lvl,AllPub,Inside,Gtl,Somerst,Norm,Norm
605,RL,Pave,No_Feature,IR1,Lvl,AllPub,Inside,Gtl,CollgCr,Norm,Norm
606,RL,Pave,No_Feature,Reg,Lvl,AllPub,Inside,Gtl,NAmes,Norm,Norm
607,RL,Pave,No_Feature,IR2,Low,AllPub,Corner,Mod,CollgCr,Norm,Norm
608,RL,Pave,No_Feature,Reg,Bnk,AllPub,Inside,Mod,Edwards,Norm,Norm
609,RL,Pave,No_Feature,Reg,HLS,AllPub,Inside,Mod,Crawfor,Norm,Norm
610,RL,Pave,No_Feature,Reg,Lvl,AllPub,Inside,Gtl,Sawyer,Feedr,Norm
611,RL,Pave,No_Feature,Reg,Lvl,AllPub,Inside,Gtl,CollgCr,PosN,Norm
612,RL,Pave,No_Feature,IR1,Lvl,AllPub,FR2,Gtl,NWAmes,Norm,Norm
613,RL,Pave,No_Feature,Reg,Lvl,AllPub,Inside,Gtl,CollgCr,Norm,Norm
614,RL,Pave,No_Feature,Reg,Lvl,AllPub,Inside,Gtl,Mitchel,Feedr,Norm
615,RM,Pave,No_Feature,Reg,Lvl,AllPub,Inside,Gtl,MeadowV,Norm,Norm
616,RL,Pave,No_Feature,Reg,Lvl,AllPub,Inside,Gtl,NAmes,Feedr,Norm
617,RL,Pave,No_Feature,IR1,Lvl,AllPub,Inside,Gtl,Gilbert,Norm,Norm
618,RL,Pave,No_Feature,Reg,HLS,AllPub,Corner,Mod,NAmes,Artery,Norm
619,RL,Pave,No_Feature,Reg,Lvl,AllPub,Inside,Gtl,NridgHt,Norm,Norm
620,RL,Pave,No_Feature,Reg,Lvl,AllPub,Inside,Gtl,Timber,Norm,Norm
621,RL,Pave,Grvl,Reg,Lvl,AllPub,Inside,Gtl,Edwards,Norm,Norm
622,RL,Pave,No_Feature,Reg,Lvl,AllPub,Inside,Gtl,NWAmes,Norm,Norm
623,RL,Pave,No_Feature,Reg,Lvl,AllPub,Inside,Gtl,Sawyer,Norm,Norm
624,FV,Pave,No_Feature,Reg,Lvl,AllPub,Inside,Gtl,Somerst,Norm,Norm
625,RL,Pave,No_Feature,Reg,Lvl,AllPub,Inside,Gtl,NWAmes,Norm,Norm
626,RL,Pave,No_Feature,IR1,Lvl,AllPub,Corner,Gtl,NAmes,Norm,Norm
627,RL,Pave,No_Feature,IR1,Lvl,AllPub,Inside,Gtl,NAmes,Norm,Norm
628,RL,Pave,No_Feature,Reg,Lvl,AllPub,Inside,Gtl,NAmes,Norm,Norm
629,RL,Pave,No_Feature,IR1,HLS,AllPub,Inside,Sev,NAmes,Norm,Norm
630,RL,Pave,No_Feature,Reg,Lvl,AllPub,Corner,Gtl,NAmes,Feedr,Norm
631,RM,Pave,Grvl,Reg,Lvl,AllPub,Corner,Gtl,OldTown,Artery,Norm
632,RL,Pave,No_Feature,Reg,Lvl,AllPub,Inside,Gtl,NridgHt,Norm,Norm
633,RL,Pave,No_Feature,Reg,Lvl,AllPub,Inside,Gtl,NWAmes,Norm,Norm
634,RL,Pave,No_Feature,Reg,Lvl,AllPub,Corner,Gtl,NAmes,Norm,Norm
635,RL,Pave,No_Feature,Reg,Lvl,AllPub,Inside,Gtl,OldTown,Norm,Norm
636,RH,Pave,Pave,Reg,Bnk,AllPub,Inside,Gtl,SWISU,Feedr,Norm
637,RM,Pave,No_Feature,Reg,Lvl,AllPub,Inside,Gtl,BrkSide,Norm,Norm
638,RM,Pave,No_Feature,Reg,Lvl,AllPub,Inside,Gtl,OldTown,Norm,Norm
639,RL,Pave,No_Feature,Reg,Lvl,AllPub,Inside,Gtl,Edwards,Feedr,Norm
640,RL,Pave,No_Feature,Reg,Lvl,AllPub,Inside,Gtl,Blmngtn,Norm,Norm
641,RL,Pave,No_Feature,IR1,Lvl,AllPub,Inside,Gtl,NridgHt,Norm,Norm
642,FV,Pave,No_Feature,Reg,Lvl,AllPub,Inside,Gtl,Somerst,Norm,Norm
643,RL,Pave,No_Feature,Reg,Lvl,AllPub,Inside,Gtl,NAmes,Norm,Norm
644,RL,Pave,No_Feature,Reg,Lvl,AllPub,Inside,Gtl,NWAmes,RRAn,Norm
645,FV,Pave,No_Feature,Reg,Lvl,AllPub,Inside,Gtl,Somerst,Norm,Norm
646,RL,Pave,No_Feature,IR1,Lvl,AllPub,Corner,Gtl,NAmes,Norm,Norm
647,RL,Pave,No_Feature,Reg,Lvl,AllPub,Inside,Gtl,NAmes,Norm,Norm
648,RL,Pave,No_Feature,IR1,Lvl,AllPub,Inside,Gtl,Edwards,Norm,Norm
649,RL,Pave,No_Feature,Reg,Lvl,AllPub,Inside,Gtl,NAmes,PosN,Norm
650,RM,Pave,No_Feature,Reg,Lvl,AllPub,Inside,Gtl,MeadowV,Norm,Norm
651,FV,Pave,No_Feature,Reg,Lvl,AllPub,Inside,Gtl,Somerst,Norm,Norm
652,RL,Pave,No_Feature,Reg,Lvl,AllPub,Inside,Gtl,Edwards,Artery,Norm
653,RL,Pave,No_Feature,Reg,Lvl,AllPub,Inside,Gtl,CollgCr,Norm,Norm
654,RM,Pave,Grvl,Reg,Lvl,AllPub,Inside,Gtl,IDOTRR,Norm,Norm
655,RL,Pave,No_Feature,IR1,Lvl,AllPub,Inside,Gtl,NoRidge,Norm,Norm
656,RM,Pave,No_Feature,Reg,Lvl,AllPub,Inside,Gtl,BrDale,Norm,Norm
657,RL,Pave,No_Feature,IR1,Lvl,AllPub,Inside,Gtl,NAmes,Norm,Norm
658,RL,Pave,No_Feature,Reg,HLS,AllPub,Inside,Mod,Crawfor,Norm,Norm
659,RL,Pave,No_Feature,Reg,Lvl,AllPub,Inside,Gtl,NAmes,Artery,Norm
660,RL,Pave,No_Feature,Reg,Lvl,AllPub,Corner,Gtl,Edwards,Norm,Norm
661,RL,Pave,No_Feature,Reg,Lvl,AllPub,CulDSac,Gtl,NWAmes,Norm,Norm
662,RL,Pave,No_Feature,IR2,Lvl,AllPub,CulDSac,Gtl,NoRidge,Norm,Norm
663,RL,Pave,No_Feature,Reg,Lvl,AllPub,Corner,Gtl,NAmes,Norm,Norm
664,RL,Pave,No_Feature,Reg,Lvl,AllPub,Inside,Gtl,Edwards,Norm,Norm
665,RL,Pave,No_Feature,IR2,Lvl,AllPub,CulDSac,Gtl,Somerst,RRAn,Norm
666,RL,Pave,No_Feature,IR1,Lvl,AllPub,Corner,Gtl,Gilbert,Norm,Norm
667,RL,Pave,No_Feature,IR1,Lvl,AllPub,Inside,Gtl,NAmes,Norm,Norm
668,RL,Pave,No_Feature,Reg,Lvl,AllPub,Inside,Gtl,SawyerW,Norm,Norm
669,RL,Pave,No_Feature,Reg,Bnk,AllPub,Corner,Mod,Sawyer,Norm,Norm
670,RL,Pave,No_Feature,Reg,Lvl,AllPub,Inside,Gtl,Crawfor,Norm,Norm
671,RL,Pave,No_Feature,Reg,Lvl,AllPub,FR2,Gtl,CollgCr,Norm,Norm
672,RH,Pave,No_Feature,Reg,Lvl,AllPub,Inside,Gtl,Edwards,Artery,Norm
673,RL,Pave,No_Feature,IR1,Lvl,AllPub,Inside,Gtl,Veenker,Norm,Norm
674,RL,Pave,No_Feature,Reg,Lvl,AllPub,Inside,Gtl,Crawfor,Norm,Norm
675,RL,Pave,No_Feature,Reg,Lvl,AllPub,Inside,Gtl,NAmes,Norm,Norm
676,RL,Pave,No_Feature,Reg,Lvl,AllPub,Inside,Gtl,NPkVill,Norm,Norm
677,RM,Pave,Grvl,Reg,Lvl,AllPub,Inside,Gtl,OldTown,Norm,Norm
678,RL,Pave,No_Feature,Reg,Lvl,AllPub,Inside,Gtl,OldTown,Norm,Norm
679,RL,Pave,No_Feature,IR1,Lvl,AllPub,Inside,Gtl,StoneBr,Norm,Norm
680,RL,Pave,No_Feature,IR1,Lvl,AllPub,Inside,Gtl,Sawyer,Norm,Norm
681,RL,Pave,No_Feature,Reg,Lvl,AllPub,Inside,Gtl,SawyerW,Norm,Norm
682,RH,Pave,Pave,IR2,Bnk,AllPub,Inside,Gtl,SWISU,Norm,Norm
683,RL,Pave,No_Feature,Reg,HLS,AllPub,Inside,Gtl,ClearCr,Norm,Norm
684,RL,Pave,No_Feature,IR1,Lvl,AllPub,Corner,Gtl,CollgCr,Norm,Norm
685,RL,Pave,No_Feature,IR2,Lvl,AllPub,CulDSac,Gtl,NoRidge,Norm,Norm
686,RL,Pave,No_Feature,IR1,Lvl,AllPub,CulDSac,Gtl,StoneBr,Norm,Norm
687,FV,Pave,No_Feature,Reg,Lvl,AllPub,Inside,Gtl,Somerst,Norm,Norm
688,FV,Pave,No_Feature,IR2,Lvl,AllPub,FR2,Gtl,Somerst,Norm,Norm
689,RL,Pave,No_Feature,Reg,HLS,AllPub,Inside,Gtl,StoneBr,Norm,Norm
690,RL,Pave,No_Feature,IR1,Lvl,AllPub,Corner,Gtl,NridgHt,Norm,Norm
691,RM,Pave,No_Feature,Reg,Lvl,AllPub,Inside,Gtl,CollgCr,Norm,Norm
692,RL,Pave,No_Feature,IR1,Lvl,AllPub,Corner,Gtl,NoRidge,Norm,Norm
693,RL,Pave,No_Feature,IR1,Lvl,AllPub,Inside,Mod,Timber,Norm,Norm
694,RL,Pave,No_Feature,Reg,Lvl,AllPub,Corner,Sev,OldTown,Norm,Norm
695,RM,Pave,No_Feature,Reg,Lvl,AllPub,Corner,Gtl,BrkSide,Norm,Norm
696,RL,Pave,No_Feature,IR1,Lvl,AllPub,Inside,Gtl,Timber,Norm,Norm
697,RM,Pave,No_Feature,Reg,Lvl,AllPub,Inside,Gtl,BrkSide,Norm,Norm
698,RL,Pave,No_Feature,IR1,Lvl,AllPub,Inside,Gtl,Edwards,Norm,Norm
699,RL,Pave,No_Feature,Reg,Lvl,AllPub,Inside,Gtl,Sawyer,RRAe,Norm
700,FV,Pave,Pave,IR2,Lvl,AllPub,Inside,Gtl,Somerst,Norm,Norm
701,RL,Pave,No_Feature,Reg,Lvl,AllPub,Inside,Gtl,Timber,Norm,Norm
702,RL,Pave,No_Feature,Reg,Lvl,AllPub,Inside,Gtl,NWAmes,Norm,Norm
703,RL,Pave,No_Feature,IR1,Lvl,AllPub,Inside,Gtl,StoneBr,Norm,Norm
704,RM,Pave,No_Feature,Reg,Lvl,AllPub,Inside,Gtl,OldTown,Feedr,Norm
705,RL,Pave,No_Feature,Reg,Lvl,AllPub,Inside,Gtl,CollgCr,Norm,Norm
706,RM,Pave,No_Feature,Reg,Lvl,AllPub,Inside,Gtl,IDOTRR,Norm,Norm
707,RL,Pave,No_Feature,IR2,Low,AllPub,CulDSac,Sev,ClearCr,Norm,Norm
708,RL,Pave,No_Feature,Reg,Lvl,AllPub,Inside,Gtl,NridgHt,Norm,Norm
709,RL,Pave,No_Feature,IR1,Lvl,AllPub,Inside,Gtl,Gilbert,Norm,Norm
710,RL,Pave,No_Feature,IR1,Lvl,AllPub,Inside,Gtl,Sawyer,Norm,Norm
711,RL,Pave,No_Feature,IR1,Lvl,AllPub,Inside,Gtl,BrkSide,Norm,Norm
712,C (all),Pave,Pave,Reg,HLS,AllPub,Inside,Mod,IDOTRR,Norm,Norm
713,RL,Pave,No_Feature,IR1,HLS,AllPub,Inside,Gtl,StoneBr,Norm,Norm
714,RL,Pave,No_Feature,Reg,Lvl,AllPub,Inside,Gtl,BrkSide,RRAn,Norm
715,RL,Pave,No_Feature,IR1,Lvl,AllPub,CulDSac,Gtl,Sawyer,RRAe,Norm
716,RL,Pave,No_Feature,Reg,Lvl,AllPub,Inside,Gtl,NWAmes,Norm,Norm
717,RM,Pave,Grvl,Reg,Bnk,AllPub,Inside,Gtl,OldTown,Norm,Norm
718,RL,Pave,No_Feature,Reg,Lvl,AllPub,Inside,Gtl,NWAmes,Norm,Norm
719,RL,Pave,No_Feature,Reg,Lvl,AllPub,Inside,Gtl,NoRidge,Norm,Norm
720,RL,Pave,No_Feature,IR1,Lvl,AllPub,Inside,Gtl,CollgCr,Norm,Norm
721,RL,Pave,No_Feature,IR1,Low,AllPub,CulDSac,Mod,StoneBr,Norm,Norm
722,RM,Pave,No_Feature,Reg,Lvl,AllPub,Inside,Gtl,CollgCr,Norm,Norm
723,RL,Pave,No_Feature,Reg,Lvl,AllPub,Inside,Gtl,NAmes,Norm,Norm
724,RL,Pave,No_Feature,Reg,Lvl,AllPub,Inside,Gtl,Edwards,Norm,Norm
725,RL,Pave,No_Feature,IR1,Lvl,AllPub,Inside,Gtl,Edwards,Norm,Norm
726,RL,Pave,No_Feature,Reg,Lvl,AllPub,Inside,Gtl,NAmes,Norm,Norm
727,RL,Pave,No_Feature,IR1,Lvl,AllPub,Corner,Gtl,Crawfor,Norm,Norm
728,RL,Pave,No_Feature,Reg,Lvl,AllPub,Inside,Gtl,CollgCr,Norm,Norm
729,RL,Pave,No_Feature,Reg,Lvl,AllPub,Corner,Gtl,NAmes,Norm,Norm
730,RM,Pave,Grvl,Reg,Lvl,AllPub,Inside,Gtl,IDOTRR,Norm,Norm
731,RL,Pave,No_Feature,IR1,Lvl,AllPub,Inside,Gtl,StoneBr,Norm,Norm
732,RL,Pave,No_Feature,IR1,Lvl,AllPub,Corner,Gtl,Timber,Norm,Norm
733,RL,Pave,No_Feature,IR1,Lvl,AllPub,Inside,Gtl,CollgCr,Norm,Norm
734,RL,Pave,No_Feature,Reg,Lvl,AllPub,Corner,Gtl,Sawyer,Feedr,Norm
735,RL,Pave,No_Feature,IR1,Lvl,AllPub,Corner,Gtl,Sawyer,Norm,Norm
736,RM,Pave,No_Feature,Reg,Lvl,AllPub,Inside,Gtl,OldTown,Norm,Norm
737,RL,Pave,No_Feature,Reg,Lvl,AllPub,Inside,Gtl,NAmes,Norm,Norm
738,RL,Pave,No_Feature,IR1,HLS,AllPub,CulDSac,Gtl,Gilbert,Norm,Norm
739,RL,Pave,No_Feature,Reg,Lvl,AllPub,Inside,Gtl,Edwards,Norm,Norm
740,RL,Pave,No_Feature,IR1,Lvl,AllPub,Inside,Gtl,CollgCr,Norm,Norm
741,RM,Pave,Grvl,Reg,Lvl,AllPub,Inside,Gtl,OldTown,Norm,Norm
742,RL,Pave,No_Feature,IR1,Lvl,AllPub,Inside,Gtl,Sawyer,Feedr,Norm
743,RL,Pave,No_Feature,Reg,Lvl,AllPub,Inside,Gtl,SawyerW,Norm,Norm
744,RL,Pave,No_Feature,IR1,Lvl,AllPub,Inside,Gtl,Sawyer,Norm,Norm
745,RL,Pave,No_Feature,IR1,HLS,AllPub,Inside,Gtl,StoneBr,Norm,Norm
746,RL,Pave,No_Feature,IR1,Lvl,AllPub,Inside,Gtl,NWAmes,Norm,Norm
747,RL,Pave,No_Feature,IR1,Lvl,AllPub,Inside,Gtl,Gilbert,Norm,Norm
748,RM,Pave,Pave,IR1,Lvl,AllPub,Corner,Gtl,OldTown,Norm,Norm
749,RL,Pave,No_Feature,IR1,Lvl,AllPub,Inside,Gtl,NoRidge,Norm,Norm
750,RL,Pave,No_Feature,Reg,Lvl,AllPub,Inside,Gtl,Edwards,Norm,Norm
751,RM,Pave,Grvl,Reg,Lvl,AllPub,Corner,Gtl,OldTown,Norm,Norm
752,RL,Pave,No_Feature,Reg,Lvl,AllPub,Inside,Gtl,Gilbert,RRAn,Norm
753,RL,Pave,No_Feature,IR1,Lvl,AllPub,Inside,Gtl,CollgCr,Norm,Norm
754,RL,Pave,No_Feature,Reg,Lvl,AllPub,Inside,Gtl,NridgHt,Norm,Norm
755,RL,Pave,No_Feature,Reg,Lvl,AllPub,Inside,Gtl,NAmes,Norm,Norm
756,FV,Pave,Pave,Reg,Lvl,AllPub,Inside,Gtl,Somerst,Norm,Norm
757,RL,Pave,No_Feature,IR1,Lvl,AllPub,Inside,Gtl,CollgCr,Norm,Norm
758,RL,Pave,No_Feature,IR1,Lvl,AllPub,CulDSac,Gtl,Sawyer,Norm,Norm
759,FV,Pave,Pave,Reg,Lvl,AllPub,Inside,Gtl,Somerst,Norm,Norm
760,RL,Pave,No_Feature,IR1,Lvl,AllPub,Inside,Gtl,NoRidge,Norm,Norm
761,RL,Pave,No_Feature,Reg,Lvl,AllPub,Inside,Gtl,NAmes,Norm,Norm
762,RM,Pave,No_Feature,Reg,Lvl,AllPub,FR2,Gtl,BrkSide,Feedr,Norm
763,FV,Pave,No_Feature,Reg,Lvl,AllPub,Inside,Gtl,Somerst,Norm,Norm
764,RL,Pave,No_Feature,Reg,Lvl,AllPub,Inside,Gtl,NoRidge,Norm,Norm
765,RL,Pave,No_Feature,IR1,Lvl,AllPub,CulDSac,Gtl,Veenker,Norm,Norm
766,RL,Pave,No_Feature,IR1,Lvl,AllPub,Inside,Gtl,Somerst,Norm,Norm
767,RL,Pave,No_Feature,Reg,Lvl,AllPub,Inside,Gtl,NWAmes,Norm,Norm
768,RL,Pave,No_Feature,IR1,Lvl,AllPub,Inside,Gtl,Mitchel,Norm,Norm
769,RL,Pave,No_Feature,Reg,Lvl,AllPub,Inside,Gtl,CollgCr,Norm,Norm
770,RL,Pave,No_Feature,IR2,HLS,AllPub,CulDSac,Mod,StoneBr,Norm,Norm
771,RL,Pave,No_Feature,IR1,Lvl,AllPub,CulDSac,Gtl,Sawyer,Norm,Norm
772,RL,Pave,No_Feature,Reg,Lvl,AllPub,Inside,Gtl,Edwards,Norm,Norm
773,RL,Pave,No_Feature,Reg,Lvl,AllPub,Inside,Gtl,Edwards,Norm,Norm
774,RL,Pave,No_Feature,Reg,Lvl,AllPub,Inside,Gtl,NAmes,Feedr,Norm
775,RL,Pave,No_Feature,Reg,Lvl,AllPub,Corner,Gtl,NridgHt,Norm,Norm
776,RM,Pave,No_Feature,Reg,Lvl,AllPub,FR2,Gtl,Mitchel,Norm,Norm
777,RL,Pave,No_Feature,IR1,Lvl,AllPub,Inside,Gtl,CollgCr,Norm,Norm
778,RL,Pave,No_Feature,IR1,Lvl,AllPub,Inside,Gtl,Sawyer,Norm,Norm
779,RH,Pave,No_Feature,Reg,Lvl,AllPub,Inside,Gtl,SawyerW,Feedr,Norm
780,RL,Pave,No_Feature,Reg,Lvl,AllPub,Inside,Gtl,Mitchel,Norm,Norm
781,RL,Pave,No_Feature,Reg,Lvl,AllPub,Inside,Gtl,Gilbert,Norm,Norm
782,RL,Pave,No_Feature,Reg,Lvl,AllPub,Inside,Gtl,SawyerW,Norm,Norm
783,RL,Pave,No_Feature,IR2,Lvl,AllPub,Inside,Gtl,CollgCr,Norm,Norm
784,RL,Pave,No_Feature,IR1,Lvl,AllPub,Corner,Gtl,Mitchel,Norm,Norm
785,RM,Pave,Grvl,Reg,Lvl,AllPub,Inside,Gtl,OldTown,Norm,Norm
786,RL,Pave,No_Feature,Reg,Lvl,AllPub,Inside,Gtl,NWAmes,Feedr,Norm
787,RM,Pave,No_Feature,Reg,Lvl,AllPub,Inside,Gtl,OldTown,Artery,Norm
788,RL,Pave,No_Feature,IR1,Lvl,AllPub,Inside,Gtl,SawyerW,Norm,Norm
789,RM,Pave,No_Feature,Reg,Lvl,AllPub,Corner,Gtl,OldTown,Norm,Norm
790,RL,Pave,No_Feature,IR1,Low,AllPub,Inside,Gtl,ClearCr,Norm,Norm
791,RL,Pave,No_Feature,Reg,Lvl,AllPub,Inside,Gtl,Blmngtn,Norm,Norm
792,RL,Pave,No_Feature,IR1,Lvl,AllPub,Corner,Gtl,Mitchel,Norm,Norm
793,RL,Pave,No_Feature,IR1,Lvl,AllPub,CulDSac,Gtl,NoRidge,Norm,Norm
794,RL,Pave,No_Feature,Reg,Lvl,AllPub,Inside,Gtl,Somerst,Norm,Norm
795,RL,Pave,No_Feature,IR1,Lvl,AllPub,Corner,Gtl,Gilbert,Norm,Norm
796,RL,Pave,No_Feature,Reg,Lvl,AllPub,Inside,Gtl,SawyerW,Norm,Norm
797,RL,Pave,No_Feature,Reg,Lvl,AllPub,Inside,Gtl,Sawyer,Norm,Norm
798,RL,Pave,No_Feature,Reg,Lvl,AllPub,Inside,Gtl,NAmes,Norm,Norm
799,RL,Pave,No_Feature,Reg,Lvl,AllPub,Inside,Gtl,NridgHt,Norm,Norm
800,RL,Pave,No_Feature,Reg,Lvl,AllPub,Corner,Gtl,SWISU,Feedr,Norm
801,RL,Pave,No_Feature,IR1,HLS,AllPub,Inside,Mod,ClearCr,Feedr,Norm
802,RM,Pave,No_Feature,Reg,Lvl,AllPub,Inside,Gtl,IDOTRR,Norm,Norm
803,RL,Pave,No_Feature,Reg,Lvl,AllPub,Inside,Gtl,CollgCr,Norm,Norm
804,RL,Pave,No_Feature,Reg,Lvl,AllPub,Inside,Gtl,NridgHt,Norm,Norm
805,RL,Pave,No_Feature,Reg,Lvl,AllPub,Inside,Gtl,NAmes,Norm,Norm
806,RL,Pave,No_Feature,IR1,Lvl,AllPub,FR2,Gtl,Somerst,Norm,Norm
807,RL,Pave,No_Feature,Reg,Lvl,AllPub,Inside,Gtl,NAmes,Norm,Norm
808,RL,Pave,No_Feature,Reg,Lvl,AllPub,Inside,Gtl,BrkSide,Norm,Norm
809,RL,Pave,No_Feature,Reg,Lvl,AllPub,Inside,Gtl,NAmes,Norm,Norm
810,RM,Pave,No_Feature,Reg,Lvl,AllPub,Corner,Gtl,OldTown,Norm,Norm
811,RL,Pave,No_Feature,Reg,Lvl,AllPub,Inside,Gtl,NWAmes,Norm,Norm
812,RM,Pave,No_Feature,Reg,Lvl,AllPub,Inside,Gtl,CollgCr,Norm,Norm
813,C (all),Grvl,No_Feature,Reg,Bnk,AllPub,Inside,Mod,IDOTRR,Norm,Norm
814,RL,Pave,No_Feature,Reg,Lvl,AllPub,Inside,Gtl,NAmes,Norm,Norm
815,RL,Pave,Grvl,Reg,Lvl,AllPub,Inside,Gtl,Edwards,Norm,Norm
816,RL,Pave,No_Feature,IR2,Lvl,AllPub,CulDSac,Gtl,CollgCr,Norm,Norm
817,RL,Pave,No_Feature,IR1,Lvl,AllPub,Corner,Gtl,NAmes,Norm,Norm
818,RL,Pave,No_Feature,IR1,Lvl,AllPub,CulDSac,Gtl,Mitchel,Norm,Norm
819,RL,Pave,No_Feature,Reg,Lvl,AllPub,Inside,Gtl,ClearCr,Norm,Norm
820,RL,Pave,No_Feature,IR1,Lvl,AllPub,Inside,Gtl,NridgHt,Norm,Norm
821,RL,Pave,No_Feature,IR1,Lvl,AllPub,CulDSac,Gtl,CollgCr,Norm,Norm
822,RM,Pave,Pave,Reg,Bnk,AllPub,Inside,Mod,OldTown,Norm,Norm
823,RL,Pave,No_Feature,IR1,Lvl,AllPub,Corner,Gtl,Gilbert,Norm,Norm
824,RL,Pave,No_Feature,Reg,Lvl,AllPub,Inside,Gtl,SWISU,Norm,Norm
825,FV,Pave,No_Feature,Reg,Lvl,AllPub,Inside,Gtl,Somerst,Norm,Norm
826,RL,Pave,No_Feature,Reg,Lvl,AllPub,Inside,Gtl,NridgHt,PosN,PosN
827,RM,Pave,No_Feature,Reg,Lvl,AllPub,Inside,Gtl,BrkSide,Norm,Norm
828,RL,Pave,No_Feature,IR1,Lvl,AllPub,Inside,Gtl,SawyerW,Norm,Norm
829,RL,Pave,No_Feature,IR2,Low,AllPub,CulDSac,Sev,ClearCr,Norm,Norm
830,FV,Pave,Pave,Reg,Lvl,AllPub,Inside,Gtl,Somerst,Norm,Norm
831,RL,Pave,No_Feature,IR1,Lvl,AllPub,Corner,Gtl,NAmes,Norm,Norm
832,FV,Pave,Pave,Reg,Lvl,AllPub,Inside,Gtl,Somerst,Norm,Norm
833,RL,Pave,No_Feature,IR1,Lvl,AllPub,CulDSac,Gtl,CollgCr,Norm,Norm
834,RL,Pave,No_Feature,Reg,Lvl,AllPub,Inside,Gtl,NAmes,Norm,Norm
835,RL,Pave,No_Feature,Reg,Lvl,AllPub,Inside,Gtl,NAmes,Norm,Norm
836,RL,Pave,No_Feature,Reg,Lvl,AllPub,Inside,Gtl,Sawyer,Norm,Norm
837,RM,Pave,Pave,Reg,Lvl,AllPub,Inside,Gtl,OldTown,Norm,Norm
838,RM,Pave,No_Feature,Reg,Lvl,AllPub,Inside,Gtl,BrDale,Norm,Norm
839,RL,Pave,No_Feature,Reg,Lvl,AllPub,Inside,Gtl,CollgCr,Norm,Norm
840,RL,Pave,No_Feature,Reg,Lvl,AllPub,Inside,Gtl,Edwards,Norm,Norm
841,RH,Pave,No_Feature,IR1,Lvl,AllPub,Inside,Gtl,SWISU,Norm,Norm
842,RM,Pave,Grvl,Reg,Lvl,AllPub,Inside,Gtl,OldTown,Norm,Norm
843,RL,Pave,No_Feature,Reg,Lvl,AllPub,Inside,Gtl,NAmes,Norm,Norm
844,RL,Pave,No_Feature,Reg,Lvl,AllPub,Corner,Gtl,NAmes,Artery,Norm
845,RM,Pave,Grvl,IR1,Lvl,AllPub,Inside,Gtl,OldTown,Artery,Norm
846,RL,Pave,No_Feature,IR1,Lvl,AllPub,CulDSac,Gtl,Sawyer,RRAe,Norm
847,RL,Pave,No_Feature,Reg,Lvl,AllPub,Inside,Gtl,SawyerW,Norm,Norm
848,RL,Pave,No_Feature,IR1,Lvl,AllPub,CulDSac,Gtl,CollgCr,Norm,Norm
849,RL,Pave,No_Feature,IR2,Bnk,AllPub,Inside,Gtl,ClearCr,Norm,Norm
850,RL,Pave,No_Feature,Reg,Lvl,AllPub,FR2,Gtl,Veenker,Feedr,Norm
851,RM,Pave,No_Feature,Reg,Lvl,AllPub,Inside,Gtl,CollgCr,Norm,Norm
852,RL,Pave,No_Feature,Reg,Lvl,AllPub,Inside,Gtl,Blmngtn,Norm,Norm
853,RL,Pave,No_Feature,Reg,Lvl,AllPub,Inside,Gtl,Crawfor,Norm,Norm
854,RL,Pave,No_Feature,IR1,Lvl,AllPub,Corner,Gtl,NAmes,Norm,Norm
855,RL,Pave,No_Feature,Reg,Lvl,AllPub,Inside,Gtl,Sawyer,Norm,Norm
856,RL,Pave,No_Feature,IR1,Lvl,AllPub,Corner,Gtl,Sawyer,Norm,Norm
857,RL,Pave,No_Feature,IR1,Low,AllPub,Inside,Mod,CollgCr,Norm,Norm
858,RL,Pave,No_Feature,Reg,Lvl,AllPub,Inside,Gtl,Gilbert,Norm,Norm
859,RL,Pave,No_Feature,Reg,Lvl,AllPub,Inside,Gtl,NWAmes,Norm,Norm
860,RL,Pave,No_Feature,IR1,Lvl,AllPub,Corner,Gtl,NWAmes,PosA,Norm
861,RL,Pave,No_Feature,Reg,Lvl,AllPub,Corner,Gtl,Crawfor,Norm,Norm
862,RL,Pave,No_Feature,Reg,Lvl,AllPub,Inside,Gtl,Sawyer,Norm,Norm
863,RL,Pave,No_Feature,Reg,Lvl,AllPub,Corner,Gtl,SawyerW,Norm,Norm
864,RL,Pave,No_Feature,Reg,Lvl,AllPub,Inside,Gtl,NAmes,Norm,Norm
865,FV,Pave,No_Feature,Reg,Lvl,AllPub,Inside,Gtl,Somerst,Norm,Norm
866,RL,Pave,No_Feature,IR1,Lvl,AllPub,Inside,Gtl,NAmes,Norm,Norm
867,RL,Pave,No_Feature,IR1,HLS,AllPub,Inside,Gtl,Timber,Norm,Norm
868,RL,Pave,No_Feature,Reg,Lvl,AllPub,Corner,Gtl,Sawyer,Feedr,Norm
869,RL,Pave,No_Feature,IR2,Lvl,AllPub,Corner,Gtl,Gilbert,Feedr,Norm
870,RL,Pave,No_Feature,Reg,Lvl,AllPub,Inside,Gtl,SawyerW,Norm,Norm
871,RL,Pave,No_Feature,Reg,Lvl,AllPub,Inside,Gtl,NAmes,PosN,Norm
872,RL,Pave,No_Feature,Reg,Lvl,AllPub,Inside,Gtl,CollgCr,Norm,Norm
873,RL,Pave,No_Feature,Reg,Lvl,AllPub,Corner,Gtl,NAmes,Norm,Norm
874,RL,Pave,No_Feature,Reg,Lvl,AllPub,Inside,Gtl,NAmes,Norm,Norm
875,RM,Pave,No_Feature,Reg,Lvl,AllPub,Inside,Gtl,OldTown,Artery,Norm
876,FV,Pave,No_Feature,Reg,Lvl,AllPub,Inside,Gtl,Somerst,Norm,Norm
877,RL,Pave,No_Feature,Reg,HLS,AllPub,Inside,Mod,Mitchel,Norm,Norm
878,RL,Pave,No_Feature,Reg,Lvl,AllPub,Inside,Gtl,NridgHt,Norm,Norm
879,RL,Pave,No_Feature,IR1,Lvl,AllPub,Inside,Gtl,Sawyer,Norm,Norm
880,RL,Pave,No_Feature,IR1,Lvl,AllPub,CulDSac,Gtl,CollgCr,Norm,Norm
881,RL,Pave,No_Feature,Reg,Lvl,AllPub,Inside,Gtl,Edwards,Norm,Norm
882,RL,Pave,No_Feature,IR1,Lvl,AllPub,CulDSac,Gtl,Timber,Norm,Norm
883,RL,Pave,No_Feature,IR1,Lvl,AllPub,Corner,Gtl,Gilbert,Norm,Norm
884,RL,Pave,No_Feature,Reg,Bnk,AllPub,Inside,Gtl,SWISU,Norm,Norm
885,RL,Pave,No_Feature,Reg,Lvl,AllPub,Inside,Gtl,NAmes,Norm,Norm
886,FV,Pave,No_Feature,IR1,Lvl,AllPub,CulDSac,Gtl,Somerst,Norm,Norm
887,RL,Pave,No_Feature,Reg,Lvl,AllPub,Corner,Gtl,NAmes,Norm,Norm
888,RL,Pave,No_Feature,IR1,Lvl,AllPub,Inside,Gtl,Edwards,Norm,Norm
889,RL,Pave,No_Feature,IR1,Lvl,AllPub,Inside,Mod,NAmes,Norm,Norm
890,RL,Pave,No_Feature,Reg,Lvl,AllPub,Inside,Gtl,NAmes,Feedr,Norm
891,RL,Pave,No_Feature,Reg,Lvl,AllPub,Corner,Gtl,NAmes,Artery,Norm
892,RL,Pave,No_Feature,Reg,Lvl,AllPub,Inside,Gtl,Sawyer,Norm,Norm
893,RL,Pave,No_Feature,Reg,Lvl,AllPub,Inside,Gtl,Sawyer,Norm,Norm
894,RL,Pave,No_Feature,Reg,Lvl,AllPub,Inside,Gtl,Sawyer,PosN,Norm
895,RL,Pave,No_Feature,Reg,Bnk,AllPub,Inside,Gtl,SawyerW,Norm,Norm
896,RL,Pave,No_Feature,Reg,Lvl,AllPub,Inside,Gtl,NAmes,Norm,Norm
897,RM,Pave,Grvl,Reg,Lvl,AllPub,Inside,Gtl,IDOTRR,Norm,Norm
898,RL,Pave,No_Feature,Reg,Lvl,AllPub,Inside,Gtl,SawyerW,Feedr,Norm
899,RL,Pave,No_Feature,IR1,Lvl,AllPub,Inside,Gtl,NridgHt,Norm,Norm
900,RL,Pave,No_Feature,Reg,Lvl,AllPub,Inside,Gtl,Sawyer,Feedr,Norm
901,RL,Pave,No_Feature,IR1,Lvl,AllPub,Inside,Gtl,NAmes,Norm,Norm
902,RL,Pave,No_Feature,IR1,Lvl,AllPub,Inside,Gtl,NAmes,Norm,Norm
903,RL,Pave,No_Feature,Reg,Lvl,AllPub,Inside,Gtl,Gilbert,Norm,Norm
904,RL,Pave,No_Feature,IR1,HLS,AllPub,CulDSac,Gtl,Gilbert,Norm,Norm
905,RL,Pave,No_Feature,IR1,Lvl,AllPub,Inside,Gtl,Sawyer,Norm,Norm
906,RL,Pave,No_Feature,Reg,Lvl,AllPub,Inside,Gtl,NAmes,Norm,Norm
907,RL,Pave,No_Feature,IR1,Lvl,AllPub,Corner,Gtl,Somerst,Norm,Norm
908,RL,Pave,No_Feature,IR1,Lvl,AllPub,Inside,Gtl,Crawfor,Norm,Norm
909,RL,Pave,No_Feature,IR1,Low,AllPub,Inside,Mod,Mitchel,Norm,Norm
910,RL,Pave,No_Feature,IR2,Lvl,AllPub,Inside,Gtl,Gilbert,Norm,Norm
911,RL,Pave,No_Feature,Reg,Lvl,AllPub,Corner,Gtl,NAmes,Feedr,Norm
912,RL,Pave,No_Feature,IR1,Lvl,AllPub,CulDSac,Mod,CollgCr,Norm,Norm
913,RM,Pave,No_Feature,Reg,Lvl,AllPub,Inside,Gtl,BrkSide,Norm,Norm
914,RH,Pave,No_Feature,Reg,HLS,AllPub,Inside,Gtl,Crawfor,Norm,Norm
915,FV,Pave,Pave,Reg,Lvl,AllPub,Inside,Gtl,Somerst,Norm,Norm
916,RM,Pave,No_Feature,Reg,Lvl,AllPub,Inside,Gtl,MeadowV,Norm,Norm
917,C (all),Pave,No_Feature,Reg,Lvl,AllPub,Inside,Gtl,IDOTRR,Norm,Norm
918,RL,Pave,No_Feature,Reg,Lvl,AllPub,Inside,Gtl,Edwards,Norm,Norm
919,RL,Pave,No_Feature,IR1,Lvl,AllPub,Corner,Gtl,SawyerW,Norm,Norm
920,RL,Pave,No_Feature,IR1,Lvl,AllPub,Corner,Gtl,NAmes,Norm,Norm
921,RL,Pave,No_Feature,IR1,Lvl,AllPub,Inside,Gtl,SawyerW,Norm,Norm
922,RL,Pave,No_Feature,Reg,Lvl,AllPub,Inside,Gtl,Edwards,Feedr,Norm
923,RL,Pave,No_Feature,Reg,Lvl,AllPub,Inside,Gtl,Gilbert,RRAn,Norm
924,RL,Pave,No_Feature,Reg,Lvl,AllPub,Inside,Gtl,SawyerW,Norm,Norm
925,RL,Pave,No_Feature,Reg,Lvl,AllPub,Inside,Gtl,NWAmes,Norm,Norm
926,RL,Pave,No_Feature,IR1,Lvl,AllPub,Corner,Gtl,NWAmes,Norm,Norm
927,RL,Pave,No_Feature,Reg,Lvl,AllPub,Inside,Gtl,NridgHt,Norm,Norm
928,RL,Pave,No_Feature,Reg,Lvl,AllPub,Inside,Gtl,NWAmes,Feedr,Norm
929,RL,Pave,No_Feature,Reg,Lvl,AllPub,Inside,Gtl,CollgCr,Norm,Norm
930,RL,Pave,No_Feature,IR1,Lvl,AllPub,Corner,Gtl,Gilbert,Norm,Norm
931,RL,Pave,No_Feature,IR1,HLS,AllPub,Inside,Gtl,Timber,Norm,Norm
932,RL,Pave,No_Feature,Reg,Lvl,AllPub,Inside,Gtl,NAmes,Norm,Norm
933,RL,Pave,No_Feature,IR1,Lvl,AllPub,Corner,Gtl,Somerst,RRNn,Norm
934,RL,Pave,No_Feature,Reg,Lvl,AllPub,FR2,Gtl,CollgCr,Norm,Norm
935,RL,Pave,No_Feature,IR2,HLS,AllPub,Inside,Mod,NAmes,PosA,Norm
936,RL,Pave,No_Feature,IR1,Lvl,AllPub,Inside,Gtl,BrkSide,Norm,Norm
937,RL,Pave,No_Feature,Reg,Lvl,AllPub,Inside,Gtl,SawyerW,Norm,Norm
938,RL,Pave,No_Feature,Reg,Lvl,AllPub,Inside,Gtl,Somerst,Norm,Norm
939,RL,Pave,No_Feature,Reg,Lvl,AllPub,Inside,Gtl,CollgCr,Norm,Norm
940,RL,Pave,No_Feature,Reg,Lvl,AllPub,Inside,Gtl,ClearCr,Norm,Norm
941,RL,Pave,No_Feature,IR1,Lvl,AllPub,Inside,Gtl,Mitchel,Norm,Norm
942,RL,Pave,No_Feature,IR1,Lvl,AllPub,FR2,Gtl,Gilbert,RRNn,Norm
943,RL,Pave,No_Feature,IR1,Lvl,AllPub,Inside,Gtl,Edwards,Norm,Norm
944,RL,Pave,No_Feature,Reg,Low,AllPub,Inside,Gtl,Mitchel,Norm,Norm
945,RL,Pave,No_Feature,IR1,Lvl,NoSeWa,CulDSac,Gtl,Timber,Norm,Norm
946,RM,Pave,No_Feature,Reg,Lvl,AllPub,Corner,Gtl,OldTown,Norm,Norm
947,RL,Pave,No_Feature,Reg,Lvl,AllPub,Inside,Gtl,NAmes,Norm,Norm
948,RL,Pave,No_Feature,Reg,Lvl,AllPub,Inside,Gtl,Timber,Norm,Norm
949,RL,Pave,No_Feature,IR1,Lvl,AllPub,Inside,Gtl,CollgCr,Norm,Norm
950,RL,Pave,No_Feature,Reg,Lvl,AllPub,Inside,Gtl,NWAmes,Norm,Norm
951,RL,Pave,No_Feature,Reg,Lvl,AllPub,Inside,Gtl,NAmes,Norm,Norm
952,RH,Pave,No_Feature,Reg,Lvl,AllPub,Corner,Gtl,SawyerW,Norm,Norm
953,RL,Pave,No_Feature,Reg,Lvl,AllPub,Inside,Gtl,CollgCr,Norm,Norm
954,RL,Pave,No_Feature,IR1,Lvl,AllPub,Inside,Mod,Mitchel,Norm,Norm
955,RL,Pave,No_Feature,IR1,Lvl,AllPub,CulDSac,Gtl,Edwards,Norm,Norm
956,RH,Pave,No_Feature,IR1,HLS,AllPub,Inside,Gtl,Crawfor,Norm,Norm
957,RM,Pave,No_Feature,Reg,Lvl,AllPub,Inside,Gtl,Blueste,Norm,Norm
958,RL,Pave,No_Feature,Reg,Lvl,AllPub,Inside,Gtl,Sawyer,Norm,Norm
959,RL,Pave,No_Feature,Reg,Lvl,AllPub,Inside,Gtl,CollgCr,Norm,Norm
960,FV,Pave,No_Feature,Reg,Lvl,AllPub,FR2,Gtl,Somerst,Norm,Norm
961,RL,Pave,No_Feature,IR1,Lvl,AllPub,Inside,Gtl,BrkSide,Norm,Norm
962,RL,Pave,No_Feature,IR1,Lvl,AllPub,Corner,Gtl,NWAmes,PosN,Norm
963,RL,Pave,No_Feature,Reg,Lvl,AllPub,Corner,Gtl,NPkVill,Norm,Norm
964,RL,Pave,No_Feature,IR1,Lvl,AllPub,Corner,Gtl,CollgCr,Norm,Norm
965,RL,Pave,No_Feature,Reg,Lvl,AllPub,Corner,Gtl,Timber,Norm,Norm
966,RL,Pave,No_Feature,Reg,Lvl,AllPub,Inside,Gtl,Gilbert,RRAn,Norm
967,RL,Pave,No_Feature,IR1,HLS,AllPub,Inside,Gtl,Crawfor,Norm,Norm
968,RL,Pave,No_Feature,IR1,Lvl,AllPub,Inside,Gtl,NAmes,Norm,Norm
969,RM,Pave,No_Feature,Reg,Lvl,AllPub,Inside,Gtl,OldTown,Norm,Norm
970,RL,Pave,No_Feature,Reg,Lvl,AllPub,Inside,Gtl,NAmes,Norm,Norm
971,RL,Pave,No_Feature,Reg,Lvl,AllPub,Inside,Gtl,NAmes,Norm,Norm
972,RL,Pave,No_Feature,Reg,Lvl,AllPub,Inside,Gtl,NridgHt,Norm,Norm
973,RL,Pave,No_Feature,Reg,Lvl,AllPub,Inside,Gtl,SawyerW,Norm,Norm
974,FV,Pave,No_Feature,Reg,Lvl,AllPub,Corner,Gtl,Somerst,Norm,Norm
975,RL,Pave,No_Feature,IR1,Lvl,AllPub,Corner,Gtl,BrkSide,RRAn,Feedr
976,FV,Pave,No_Feature,Reg,Lvl,AllPub,FR2,Gtl,Somerst,Norm,Norm
977,RL,Pave,No_Feature,IR1,Bnk,AllPub,Inside,Gtl,BrkSide,Norm,Norm
978,FV,Pave,Pave,IR1,Lvl,AllPub,Inside,Gtl,Somerst,Norm,Norm
979,RL,Pave,No_Feature,Reg,Bnk,AllPub,Inside,Mod,Edwards,Norm,Norm
980,RL,Pave,No_Feature,Reg,Lvl,AllPub,Corner,Gtl,Sawyer,Feedr,Norm
981,RL,Pave,No_Feature,IR1,Lvl,AllPub,Corner,Gtl,NAmes,Norm,Norm
982,RL,Pave,No_Feature,IR1,Lvl,AllPub,Corner,Gtl,NoRidge,Norm,Norm
983,RL,Pave,No_Feature,Reg,Lvl,AllPub,Inside,Gtl,Blmngtn,Norm,Norm
984,RL,Pave,No_Feature,Reg,Lvl,AllPub,Corner,Gtl,CollgCr,Norm,Norm
985,RL,Pave,No_Feature,Reg,Lvl,AllPub,Inside,Gtl,Mitchel,Norm,Norm
986,RL,Pave,No_Feature,Reg,Lvl,AllPub,Inside,Gtl,Edwards,Norm,Norm
987,RM,Pave,No_Feature,Reg,Lvl,AllPub,Corner,Gtl,OldTown,Feedr,Norm
988,RL,Pave,No_Feature,IR1,Lvl,AllPub,Inside,Gtl,NridgHt,Norm,Norm
989,RL,Pave,No_Feature,IR1,Lvl,AllPub,Inside,Gtl,NWAmes,Norm,Norm
990,FV,Pave,No_Feature,Reg,Lvl,AllPub,Inside,Gtl,Somerst,Norm,Norm
991,RL,Pave,No_Feature,Reg,Lvl,AllPub,Inside,Gtl,NoRidge,Norm,Norm
992,RM,Pave,Grvl,Reg,Lvl,AllPub,Corner,Gtl,OldTown,Artery,Norm
993,RL,Pave,No_Feature,Reg,Lvl,AllPub,Inside,Mod,NAmes,Norm,Norm
994,RL,Pave,No_Feature,Reg,Lvl,AllPub,Inside,Gtl,CollgCr,Norm,Norm
995,RL,Pave,No_Feature,Reg,Lvl,AllPub,FR2,Gtl,NridgHt,Norm,Norm
996,RL,Pave,No_Feature,IR1,Lvl,AllPub,Inside,Mod,BrkSide,Feedr,Norm
997,RL,Pave,No_Feature,IR1,Lvl,AllPub,Inside,Gtl,NAmes,Norm,Norm
998,RL,Pave,No_Feature,IR1,Lvl,AllPub,Inside,Gtl,NWAmes,PosA,Norm
999,RM,Pave,No_Feature,Reg,Lvl,AllPub,Inside,Gtl,IDOTRR,Norm,Norm
1000,RL,Pave,No_Feature,Reg,Lvl,AllPub,Inside,Gtl,CollgCr,Norm,Norm
1001,RL,Pave,No_Feature,Reg,Lvl,AllPub,Corner,Gtl,Edwards,Norm,Norm
1002,RL,Pave,No_Feature,Reg,Lvl,AllPub,Corner,Gtl,OldTown,Norm,Norm
1003,RL,Pave,No_Feature,IR1,Lvl,AllPub,Inside,Gtl,Somerst,RRAn,Norm
1004,RL,Pave,No_Feature,IR1,Lvl,AllPub,Corner,Gtl,NWAmes,Feedr,RRAn
1005,RL,Pave,No_Feature,Reg,Lvl,AllPub,Inside,Gtl,Blmngtn,Norm,Norm
1006,RL,Pave,No_Feature,Reg,Lvl,AllPub,Inside,Gtl,CollgCr,Norm,Norm
1007,RL,Pave,No_Feature,IR3,Lvl,AllPub,Inside,Gtl,NAmes,PosN,Norm
1008,RM,Pave,No_Feature,Reg,Lvl,AllPub,Inside,Gtl,MeadowV,Norm,Norm
1009,RL,Pave,No_Feature,IR1,Lvl,AllPub,CulDSac,Gtl,Mitchel,Norm,Norm
1010,RL,Pave,No_Feature,Reg,Lvl,AllPub,Inside,Gtl,SWISU,Norm,Norm
1011,RL,Pave,No_Feature,Reg,Lvl,AllPub,Inside,Gtl,Sawyer,Norm,Norm
1012,RL,Pave,No_Feature,Reg,Lvl,AllPub,Inside,Gtl,Edwards,Norm,Norm
1013,RL,Pave,No_Feature,Reg,Lvl,AllPub,Inside,Gtl,Crawfor,Norm,Norm
1014,RM,Pave,No_Feature,Reg,Lvl,AllPub,Inside,Gtl,OldTown,Norm,Norm
1015,RL,Pave,No_Feature,Reg,Lvl,AllPub,Inside,Gtl,NAmes,Artery,Norm
1016,RL,Pave,No_Feature,Reg,Lvl,AllPub,Inside,Gtl,NWAmes,Norm,Norm
1017,RL,Pave,No_Feature,Reg,Lvl,AllPub,Inside,Gtl,CollgCr,Norm,Norm
1018,RL,Pave,No_Feature,IR1,Lvl,AllPub,CulDSac,Gtl,StoneBr,Norm,Norm
1019,RL,Pave,No_Feature,IR1,Lvl,AllPub,FR2,Gtl,Gilbert,Norm,Norm
1020,RL,Pave,No_Feature,Reg,Lvl,AllPub,Inside,Gtl,Blmngtn,Norm,Norm
1021,RL,Pave,No_Feature,Reg,Lvl,AllPub,Inside,Gtl,Edwards,Norm,Norm
1022,RL,Pave,No_Feature,Reg,Lvl,AllPub,Inside,Gtl,CollgCr,Norm,Norm
1023,RM,Pave,No_Feature,Reg,Lvl,AllPub,Inside,Gtl,OldTown,Norm,Norm
1024,RL,Pave,No_Feature,Reg,Lvl,AllPub,Inside,Gtl,Blmngtn,Norm,Norm
1025,RL,Pave,No_Feature,IR1,Lvl,AllPub,Corner,Gtl,Timber,Norm,Norm
1026,RL,Pave,No_Feature,Reg,Lvl,AllPub,Corner,Gtl,CollgCr,Norm,Norm
1027,RL,Pave,No_Feature,Reg,Lvl,AllPub,Inside,Gtl,NAmes,Feedr,Norm
1028,RL,Pave,No_Feature,IR1,HLS,AllPub,Inside,Gtl,Timber,Norm,Norm
1029,RL,Pave,No_Feature,Reg,Lvl,AllPub,Inside,Gtl,NAmes,Artery,Norm
1030,RM,Pave,No_Feature,Reg,Lvl,AllPub,Inside,Gtl,BrDale,Norm,Norm
1031,RH,Pave,No_Feature,Reg,Lvl,AllPub,Inside,Gtl,SWISU,Norm,Norm
1032,RL,Pave,No_Feature,Reg,Lvl,AllPub,Corner,Gtl,SWISU,Norm,Norm
1033,RL,Pave,No_Feature,IR1,Lvl,AllPub,Corner,Gtl,NoRidge,Norm,Norm
1034,RL,Pave,No_Feature,Reg,Lvl,AllPub,Inside,Gtl,CollgCr,Norm,Norm
1035,RL,Pave,No_Feature,Reg,Bnk,AllPub,Inside,Gtl,Crawfor,Norm,Norm
1036,RL,Pave,No_Feature,IR1,Lvl,AllPub,CulDSac,Gtl,Edwards,Norm,Norm
1037,RL,Pave,No_Feature,IR1,HLS,AllPub,Inside,Gtl,Timber,Norm,Norm
1038,RL,Pave,No_Feature,Reg,Lvl,AllPub,Inside,Gtl,CollgCr,Norm,Norm
1039,RM,Pave,No_Feature,Reg,Lvl,AllPub,Inside,Gtl,MeadowV,Norm,Norm
1040,RM,Pave,No_Feature,Reg,Lvl,AllPub,Inside,Gtl,MeadowV,Norm,Norm
1041,RL,Pave,No_Feature,Reg,Lvl,AllPub,Corner,Gtl,Sawyer,Norm,Norm
1042,RL,Pave,No_Feature,Reg,Lvl,AllPub,Inside,Gtl,NWAmes,Feedr,Norm
1043,RL,Pave,No_Feature,IR1,Lvl,AllPub,Inside,Gtl,NridgHt,Norm,Norm
1044,RL,Pave,No_Feature,Reg,Lvl,AllPub,Inside,Gtl,SawyerW,Norm,Norm
1045,RL,Pave,No_Feature,Reg,Lvl,AllPub,Inside,Gtl,NWAmes,PosN,Norm
1046,RL,Pave,No_Feature,IR1,Lvl,AllPub,CulDSac,Gtl,Edwards,Norm,Norm
1047,RL,Pave,No_Feature,IR1,Lvl,AllPub,Inside,Gtl,StoneBr,Norm,Norm
1048,RL,Pave,No_Feature,IR2,Lvl,AllPub,Inside,Gtl,CollgCr,Norm,Norm
1049,RL,Pave,No_Feature,Reg,Lvl,AllPub,Inside,Gtl,Mitchel,Norm,Norm
1050,RL,Pave,No_Feature,Reg,Low,AllPub,Inside,Gtl,Edwards,Norm,Norm
1051,RL,Pave,No_Feature,IR1,Lvl,AllPub,Inside,Gtl,Gilbert,Norm,Norm
1052,RL,Pave,No_Feature,IR1,Lvl,AllPub,Corner,Gtl,CollgCr,Norm,Norm
1053,RL,Pave,No_Feature,Reg,Lvl,AllPub,Corner,Gtl,NAmes,Artery,Norm
1054,RL,Pave,No_Feature,Reg,Lvl,AllPub,Inside,Mod,Edwards,Norm,Norm
1055,RL,Pave,No_Feature,Reg,Lvl,AllPub,Corner,Gtl,CollgCr,Norm,Norm
1056,RL,Pave,No_Feature,Reg,Lvl,AllPub,Inside,Gtl,NWAmes,Norm,Norm
1057,RL,Pave,No_Feature,IR1,Lvl,AllPub,Inside,Gtl,NridgHt,Norm,Norm
1058,RL,Pave,No_Feature,IR2,Lvl,AllPub,FR2,Gtl,NoRidge,Norm,Norm
1059,RL,Pave,No_Feature,IR1,Lvl,AllPub,Inside,Gtl,NridgHt,Norm,Norm
1060,RL,Pave,No_Feature,IR1,HLS,AllPub,Corner,Mod,Crawfor,Norm,Norm
1061,RL,Pave,No_Feature,Reg,Lvl,AllPub,Inside,Gtl,StoneBr,Norm,Norm
1062,C (all),Grvl,No_Feature,Reg,Low,AllPub,Inside,Gtl,IDOTRR,Norm,Norm
1063,RM,Pave,Grvl,Reg,Lvl,AllPub,Inside,Gtl,OldTown,Norm,Norm
1064,RM,Pave,No_Feature,Reg,Lvl,AllPub,Inside,Gtl,OldTown,Artery,Norm
1065,RL,Pave,No_Feature,IR1,Lvl,AllPub,CulDSac,Gtl,NAmes,Norm,Norm
1066,RL,Pave,No_Feature,Reg,Lvl,AllPub,Inside,Mod,ClearCr,Norm,Norm
1067,RL,Pave,No_Feature,IR1,Lvl,AllPub,Inside,Gtl,Gilbert,Norm,Norm
1068,RL,Pave,No_Feature,Reg,Lvl,AllPub,Inside,Mod,NAmes,Norm,Norm
1069,RM,Pave,No_Feature,Reg,Lvl,AllPub,Inside,Gtl,MeadowV,Norm,Norm
1070,RL,Pave,No_Feature,Reg,Lvl,AllPub,Inside,Gtl,NAmes,Norm,Norm
1071,RL,Pave,No_Feature,Reg,Lvl,AllPub,Inside,Gtl,NAmes,Norm,Norm
1072,RL,Pave,No_Feature,Reg,Lvl,AllPub,Inside,Gtl,NWAmes,RRAn,Norm
1073,RL,Pave,No_Feature,Reg,Lvl,AllPub,Inside,Gtl,Edwards,Artery,Norm
1074,RL,Pave,No_Feature,IR1,Bnk,AllPub,Corner,Gtl,Edwards,Norm,Norm
1075,RL,Pave,No_Feature,Reg,Lvl,AllPub,Inside,Gtl,CollgCr,Norm,Norm
1076,RL,Pave,No_Feature,Reg,Lvl,AllPub,Inside,Gtl,Crawfor,Norm,Norm
1077,RL,Pave,Grvl,Reg,Lvl,AllPub,Inside,Gtl,OldTown,Norm,Norm
1078,RL,Pave,No_Feature,IR1,Lvl,AllPub,Corner,Gtl,NAmes,Norm,Norm
1079,RM,Pave,No_Feature,Reg,Lvl,AllPub,Inside,Gtl,CollgCr,Norm,Norm
1080,RL,Pave,No_Feature,Reg,Lvl,AllPub,Inside,Gtl,CollgCr,Norm,Norm
1081,RL,Pave,No_Feature,Reg,Lvl,AllPub,Inside,Gtl,NWAmes,Norm,Norm
1082,RL,Pave,No_Feature,Reg,Lvl,AllPub,Corner,Gtl,Sawyer,Feedr,Norm
1083,RL,Pave,No_Feature,Reg,Lvl,AllPub,Inside,Gtl,CollgCr,Norm,Norm
1084,RL,Pave,No_Feature,Reg,Lvl,AllPub,Inside,Gtl,NAmes,Norm,Norm
1085,RL,Pave,No_Feature,IR2,Lvl,AllPub,Corner,Gtl,Gilbert,Norm,Norm
1086,RL,Pave,No_Feature,Reg,Lvl,AllPub,Inside,Gtl,SawyerW,Norm,Norm
1087,RM,Pave,No_Feature,Reg,Lvl,AllPub,Inside,Gtl,MeadowV,Norm,Norm
1088,FV,Pave,No_Feature,Reg,Lvl,AllPub,Inside,Gtl,Somerst,Norm,Norm
1089,RM,Pave,No_Feature,Reg,Lvl,AllPub,Inside,Gtl,Edwards,Norm,Norm
1090,FV,Pave,Pave,IR1,Lvl,AllPub,Inside,Gtl,Somerst,Norm,Norm
1091,RL,Pave,No_Feature,Reg,Lvl,AllPub,Corner,Gtl,NAmes,Norm,Norm
1092,FV,Pave,Pave,Reg,Lvl,AllPub,Inside,Gtl,Somerst,Norm,Norm
1093,RL,Pave,No_Feature,Reg,Bnk,AllPub,Inside,Gtl,SWISU,Norm,Norm
1094,RL,Pave,No_Feature,Reg,Lvl,AllPub,Corner,Gtl,NAmes,Feedr,Norm
1095,RL,Pave,No_Feature,Reg,Lvl,AllPub,Inside,Gtl,NAmes,Norm,Norm
1096,RL,Pave,No_Feature,IR1,Lvl,AllPub,Inside,Gtl,CollgCr,Norm,Norm
1097,RM,Pave,No_Feature,Reg,Lvl,AllPub,Inside,Gtl,IDOTRR,Norm,Norm
1098,RL,Pave,No_Feature,Reg,Lvl,AllPub,Inside,Gtl,StoneBr,Norm,Norm
1099,RM,Pave,No_Feature,Reg,Lvl,AllPub,Inside,Gtl,BrkSide,Norm,Norm
1100,RL,Pave,No_Feature,IR1,Lvl,AllPub,Inside,Gtl,NWAmes,RRAn,Norm
1101,RL,Pave,No_Feature,Reg,Bnk,AllPub,Inside,Gtl,SWISU,Norm,Norm
1102,RL,Pave,No_Feature,IR1,Lvl,AllPub,Inside,Gtl,NAmes,Norm,Norm
1103,RL,Pave,No_Feature,Reg,Lvl,AllPub,Inside,Gtl,NAmes,Norm,Norm
1104,RL,Pave,No_Feature,Reg,Lvl,AllPub,Corner,Gtl,NAmes,Norm,Norm
1105,RM,Pave,No_Feature,Reg,Lvl,AllPub,Inside,Gtl,BrDale,Norm,Norm
1106,RL,Pave,No_Feature,IR1,Lvl,AllPub,Corner,Gtl,NoRidge,Norm,Norm
1107,RL,Pave,No_Feature,IR1,Lvl,AllPub,Corner,Gtl,SawyerW,Feedr,Norm
1108,RL,Pave,No_Feature,IR3,HLS,AllPub,CulDSac,Gtl,Gilbert,Norm,Norm
1109,RL,Pave,No_Feature,Reg,Lvl,AllPub,Inside,Gtl,Gilbert,Norm,Norm
1110,RL,Pave,No_Feature,IR1,Lvl,AllPub,Inside,Gtl,NridgHt,Norm,Norm
1111,RL,Pave,No_Feature,Reg,Lvl,AllPub,Inside,Gtl,Gilbert,Norm,Norm
1112,RL,Pave,No_Feature,Reg,Lvl,AllPub,Inside,Gtl,NWAmes,Norm,Norm
1113,RL,Pave,No_Feature,IR1,Lvl,AllPub,Corner,Gtl,NAmes,Norm,Norm
1114,RL,Pave,No_Feature,Reg,Lvl,AllPub,Inside,Gtl,NAmes,Norm,Norm
1115,RL,Pave,No_Feature,Reg,Lvl,AllPub,Inside,Gtl,OldTown,Norm,Norm
1116,RL,Pave,No_Feature,Reg,Lvl,AllPub,Inside,Gtl,NridgHt,Norm,Norm
1117,RL,Pave,No_Feature,Reg,Lvl,AllPub,Inside,Gtl,Gilbert,Norm,Norm
1118,RL,Pave,No_Feature,IR1,Lvl,AllPub,FR2,Gtl,Sawyer,Feedr,Norm
1119,RL,Pave,No_Feature,Reg,Lvl,AllPub,Inside,Gtl,Sawyer,Norm,Norm
1120,RL,Pave,No_Feature,Reg,Lvl,AllPub,Inside,Gtl,NAmes,Norm,Norm
1121,RM,Pave,No_Feature,Reg,Bnk,AllPub,Inside,Mod,IDOTRR,Norm,Norm
1122,RL,Pave,No_Feature,Reg,Lvl,AllPub,Inside,Gtl,CollgCr,Norm,Norm
1123,RL,Pave,No_Feature,IR1,Lvl,AllPub,Corner,Gtl,Edwards,Norm,Norm
1124,RL,Pave,No_Feature,Reg,Lvl,AllPub,Inside,Gtl,Edwards,Norm,Norm
1125,RL,Pave,No_Feature,IR1,Lvl,AllPub,Inside,Gtl,Gilbert,Norm,Norm
1126,RL,Pave,No_Feature,Reg,Lvl,AllPub,Inside,Gtl,NAmes,Norm,Norm
1127,RL,Pave,No_Feature,Reg,Lvl,AllPub,Inside,Gtl,Blmngtn,Norm,Norm
1128,RL,Pave,No_Feature,IR3,Lvl,AllPub,Corner,Gtl,Gilbert,Norm,Norm
1129,RL,Pave,No_Feature,IR1,Lvl,AllPub,Inside,Gtl,Gilbert,Norm,Norm
1130,RM,Pave,Grvl,Reg,Lvl,AllPub,Inside,Gtl,OldTown,Norm,Norm
1131,RL,Pave,No_Feature,Reg,Lvl,AllPub,Inside,Gtl,SWISU,Norm,Norm
1132,RL,Pave,No_Feature,Reg,Lvl,AllPub,Inside,Gtl,Mitchel,Norm,Norm
1133,RM,Pave,No_Feature,Reg,Lvl,AllPub,Inside,Gtl,OldTown,Norm,Norm
1134,RL,Pave,No_Feature,IR1,Lvl,AllPub,Inside,Gtl,SawyerW,Norm,Norm
1135,RL,Pave,No_Feature,IR1,HLS,AllPub,Inside,Gtl,Gilbert,Norm,Norm
1136,RM,Pave,No_Feature,Reg,Lvl,AllPub,Corner,Gtl,BrkSide,Norm,Norm
1137,RL,Pave,No_Feature,Reg,Lvl,AllPub,Inside,Gtl,NAmes,Norm,Norm
1138,RL,Pave,No_Feature,Reg,Lvl,AllPub,Inside,Gtl,Sawyer,Feedr,Norm
1139,RL,Pave,No_Feature,IR1,Lvl,AllPub,Inside,Mod,Mitchel,Norm,Norm
1140,RL,Pave,No_Feature,IR1,Lvl,AllPub,Inside,Gtl,BrkSide,Norm,Norm
1141,RL,Pave,No_Feature,Reg,Lvl,AllPub,Corner,Gtl,NAmes,Norm,Norm
1142,RL,Pave,No_Feature,IR1,Lvl,AllPub,CulDSac,Gtl,NWAmes,PosN,Norm
1143,RL,Pave,No_Feature,Reg,Lvl,AllPub,Inside,Gtl,CollgCr,Norm,Norm
1144,RL,Pave,No_Feature,Reg,Lvl,AllPub,Inside,Gtl,Sawyer,Norm,Norm
1145,RL,Pave,No_Feature,Reg,Lvl,AllPub,Inside,Gtl,Edwards,Norm,Norm
1146,RM,Pave,No_Feature,Reg,Lvl,AllPub,Inside,Gtl,BrkSide,Norm,Norm
1147,RL,Pave,No_Feature,Reg,Lvl,AllPub,Inside,Gtl,SawyerW,Norm,Norm
1148,RL,Pave,No_Feature,Reg,Bnk,AllPub,Inside,Gtl,Crawfor,Norm,Norm
1149,RM,Pave,No_Feature,Reg,Lvl,AllPub,Inside,Gtl,OldTown,Norm,Norm
1150,RM,Pave,No_Feature,Reg,Lvl,AllPub,Inside,Gtl,OldTown,Artery,Norm
1151,RL,Pave,No_Feature,IR1,Lvl,AllPub,Inside,Gtl,NAmes,Norm,Norm
1152,RL,Pave,No_Feature,Reg,Lvl,AllPub,Inside,Gtl,Edwards,Norm,Norm
1153,RL,Pave,No_Feature,IR1,Lvl,AllPub,Inside,Gtl,Crawfor,Norm,Norm
1154,RM,Pave,No_Feature,Reg,Lvl,AllPub,Corner,Gtl,IDOTRR,Norm,Norm
1155,RL,Pave,No_Feature,IR1,Lvl,AllPub,Inside,Gtl,NAmes,Norm,Norm
1156,RL,Pave,No_Feature,IR1,Lvl,AllPub,Corner,Gtl,Veenker,Norm,Norm
1157,RL,Pave,No_Feature,Reg,Lvl,AllPub,Inside,Gtl,NAmes,Norm,Norm
1158,RL,Pave,No_Feature,IR1,Lvl,AllPub,Inside,Gtl,NridgHt,Norm,Norm
1159,RL,Pave,No_Feature,Reg,Lvl,AllPub,FR2,Gtl,Somerst,Feedr,Norm
1160,RL,Pave,No_Feature,Reg,Lvl,AllPub,Inside,Gtl,NWAmes,Norm,Norm
1161,RL,Pave,No_Feature,Reg,Lvl,AllPub,Inside,Gtl,NPkVill,Norm,Norm
1162,RL,Pave,No_Feature,IR1,Low,AllPub,CulDSac,Gtl,Crawfor,PosN,Norm
1163,RL,Pave,No_Feature,Reg,Lvl,AllPub,Inside,Gtl,Sawyer,Norm,Norm
1164,RL,Pave,No_Feature,Reg,Lvl,AllPub,Inside,Gtl,Sawyer,Feedr,Norm
1165,RL,Pave,No_Feature,IR1,Lvl,AllPub,FR2,Gtl,Veenker,Feedr,Norm
1166,RL,Pave,No_Feature,IR1,Lvl,AllPub,Inside,Gtl,NridgHt,Norm,Norm
1167,RL,Pave,No_Feature,IR1,Lvl,AllPub,Corner,Gtl,CollgCr,Norm,Norm
1168,RL,Pave,No_Feature,IR1,Lvl,AllPub,Inside,Gtl,Gilbert,RRAn,Norm
1169,RL,Pave,No_Feature,Reg,Lvl,AllPub,Corner,Gtl,Edwards,Norm,Norm
1170,RL,Pave,No_Feature,IR1,Lvl,AllPub,CulDSac,Gtl,NoRidge,Norm,Norm
1171,RL,Pave,No_Feature,Reg,Lvl,AllPub,Inside,Gtl,Mitchel,Norm,Norm
1172,RL,Pave,No_Feature,Reg,Lvl,AllPub,Inside,Gtl,NAmes,Norm,Norm
1173,FV,Pave,Pave,IR1,Lvl,AllPub,Inside,Gtl,Somerst,Norm,Norm
1174,RL,Pave,No_Feature,IR1,Bnk,AllPub,Inside,Gtl,ClearCr,Norm,Norm
1175,RL,Pave,No_Feature,IR1,Lvl,AllPub,Inside,Gtl,Crawfor,Norm,Norm
1176,RL,Pave,No_Feature,Reg,Lvl,AllPub,Inside,Gtl,NoRidge,Norm,Norm
1177,RL,Pave,No_Feature,IR1,Lvl,AllPub,CulDSac,Gtl,Mitchel,Norm,Norm
1178,RM,Pave,Grvl,Reg,Bnk,AllPub,Inside,Gtl,OldTown,Artery,Norm
1179,RL,Pave,No_Feature,IR1,Lvl,AllPub,FR2,Gtl,Crawfor,Norm,Norm
1180,RL,Pave,No_Feature,Reg,Lvl,AllPub,Corner,Gtl,Edwards,Norm,Norm
1181,RL,Pave,No_Feature,IR2,Lvl,AllPub,Corner,Gtl,Timber,Norm,Norm
1182,RM,Pave,No_Feature,IR1,HLS,AllPub,Inside,Mod,Crawfor,Norm,Norm
1183,RL,Pave,No_Feature,IR1,Lvl,AllPub,Corner,Gtl,NoRidge,Norm,Norm
1184,RL,Pave,Grvl,Reg,Lvl,AllPub,Inside,Gtl,OldTown,Norm,Norm
1185,RL,Grvl,No_Feature,Reg,Lvl,AllPub,Inside,Mod,Timber,Norm,Norm
1186,RL,Pave,No_Feature,Reg,Lvl,AllPub,Inside,Gtl,Edwards,Norm,Norm
1187,RL,Pave,No_Feature,IR1,Bnk,AllPub,Corner,Mod,OldTown,Artery,Artery
1188,RL,Pave,No_Feature,Reg,Lvl,AllPub,Corner,Gtl,NoRidge,Norm,Norm
1189,RL,Pave,No_Feature,IR1,Lvl,AllPub,Inside,Gtl,CollgCr,Norm,Norm
1190,RL,Pave,No_Feature,Reg,Lvl,AllPub,Inside,Gtl,Gilbert,Norm,Norm
1191,RL,Pave,No_Feature,Reg,Low,AllPub,Inside,Mod,Mitchel,Norm,Norm
1192,FV,Pave,Pave,Reg,Lvl,AllPub,Inside,Gtl,Somerst,Norm,Norm
1193,RM,Pave,Grvl,Reg,Lvl,AllPub,Inside,Gtl,OldTown,Norm,Norm
1194,RM,Pave,No_Feature,Reg,Lvl,AllPub,FR2,Gtl,Mitchel,Norm,Norm
1195,RL,Pave,No_Feature,Reg,Lvl,AllPub,Corner,Gtl,Sawyer,Norm,Norm
1196,RL,Pave,No_Feature,IR1,Lvl,AllPub,Inside,Gtl,Gilbert,Norm,Norm
1197,RL,Pave,No_Feature,IR1,Lvl,AllPub,Inside,Gtl,Gilbert,Norm,Norm
1198,RM,Pave,No_Feature,IR1,Bnk,AllPub,Corner,Gtl,OldTown,Norm,Norm
1199,RL,Pave,No_Feature,Reg,Lvl,AllPub,Inside,Gtl,CollgCr,Norm,Norm
1200,RL,Pave,No_Feature,Reg,Lvl,AllPub,Inside,Gtl,Sawyer,Norm,Norm
1201,RL,Pave,No_Feature,Reg,Lvl,AllPub,Inside,Gtl,NAmes,Norm,Norm
1202,RL,Pave,No_Feature,Reg,Lvl,AllPub,Corner,Gtl,CollgCr,Norm,Norm
1203,RM,Pave,No_Feature,Reg,Lvl,AllPub,Corner,Gtl,BrkSide,Norm,Norm
1204,RL,Pave,No_Feature,Reg,Lvl,AllPub,Inside,Gtl,CollgCr,Norm,Norm
1205,RL,Pave,No_Feature,Reg,Lvl,AllPub,Inside,Gtl,NWAmes,Norm,Norm
1206,RL,Pave,No_Feature,IR1,Lvl,AllPub,CulDSac,Gtl,SawyerW,Norm,Norm
1207,RH,Pave,No_Feature,Reg,Lvl,AllPub,Inside,Gtl,SawyerW,Norm,Norm
1208,RL,Pave,No_Feature,Reg,Lvl,AllPub,Inside,Gtl,CollgCr,Norm,Norm
1209,RL,Pave,No_Feature,Reg,Lvl,AllPub,Inside,Gtl,NAmes,Norm,Norm
1210,RL,Pave,No_Feature,IR1,Lvl,AllPub,CulDSac,Gtl,Somerst,RRNn,Norm
1211,RL,Pave,No_Feature,Reg,Lvl,AllPub,Inside,Gtl,SawyerW,Norm,Norm
1212,RL,Pave,No_Feature,IR1,Bnk,AllPub,Inside,Mod,Gilbert,Norm,Norm
1213,RL,Pave,No_Feature,Reg,Lvl,AllPub,Inside,Gtl,Edwards,Norm,Norm
1214,RL,Pave,No_Feature,IR1,Lvl,AllPub,CulDSac,Gtl,Sawyer,Norm,Norm
1215,RL,Pave,No_Feature,IR1,Lvl,AllPub,Inside,Gtl,NAmes,Norm,Norm
1216,RL,Pave,No_Feature,IR1,Lvl,AllPub,Inside,Gtl,Sawyer,Norm,Norm
1217,RM,Pave,No_Feature,Reg,Lvl,AllPub,Inside,Gtl,Sawyer,RRAe,Norm
1218,FV,Pave,No_Feature,Reg,Lvl,AllPub,Inside,Gtl,Somerst,Norm,Norm
1219,RM,Pave,No_Feature,Reg,Lvl,AllPub,Inside,Gtl,BrkSide,Norm,Norm
1220,RM,Pave,No_Feature,Reg,Lvl,AllPub,Inside,Gtl,BrDale,Norm,Norm
1221,RL,Pave,No_Feature,IR1,Lvl,AllPub,Inside,Gtl,NAmes,Norm,Norm
1222,RL,Pave,No_Feature,Reg,Lvl,AllPub,Inside,Gtl,Sawyer,Feedr,Norm
1223,RL,Pave,No_Feature,Reg,Lvl,AllPub,Inside,Gtl,NAmes,Artery,Norm
1224,RL,Pave,No_Feature,Reg,Lvl,AllPub,Inside,Gtl,NAmes,Norm,Norm
1225,RL,Pave,No_Feature,IR1,Lvl,AllPub,Inside,Gtl,Gilbert,RRAn,Norm
1226,RL,Pave,No_Feature,Reg,Lvl,AllPub,Inside,Gtl,NAmes,Norm,Norm
1227,RL,Pave,No_Feature,IR1,Lvl,AllPub,CulDSac,Gtl,Somerst,Feedr,Norm
1228,RL,Pave,No_Feature,Reg,Lvl,AllPub,Corner,Gtl,NAmes,Norm,Norm
1229,RL,Pave,No_Feature,Reg,Lvl,AllPub,Corner,Gtl,NridgHt,Norm,Norm
1230,RL,Pave,No_Feature,Reg,Lvl,AllPub,Inside,Gtl,NAmes,Norm,Norm
1231,RL,Pave,No_Feature,IR1,Lvl,AllPub,Inside,Gtl,Sawyer,Feedr,RRAe
1232,RL,Pave,No_Feature,Reg,Lvl,AllPub,Inside,Gtl,NAmes,Norm,Norm
1233,RL,Pave,No_Feature,Reg,Lvl,AllPub,FR2,Gtl,NAmes,Norm,Norm
1234,RL,Pave,No_Feature,IR1,Lvl,AllPub,Inside,Gtl,NAmes,Norm,Norm
1235,RH,Pave,No_Feature,Reg,Bnk,AllPub,Inside,Gtl,SWISU,Norm,Norm
1236,RL,Pave,No_Feature,Reg,Lvl,AllPub,Inside,Gtl,Crawfor,Norm,Norm
1237,RL,Pave,No_Feature,Reg,Lvl,AllPub,Inside,Gtl,NridgHt,Norm,Norm
1238,RL,Pave,No_Feature,IR2,Lvl,AllPub,FR2,Gtl,CollgCr,Norm,Norm
1239,RL,Pave,No_Feature,Reg,Lvl,AllPub,Inside,Gtl,SawyerW,RRAe,Norm
1240,RL,Pave,No_Feature,IR1,HLS,AllPub,Inside,Gtl,Timber,Norm,Norm
1241,RL,Pave,No_Feature,Reg,Lvl,AllPub,Inside,Gtl,CollgCr,Norm,Norm
1242,RL,Pave,No_Feature,Reg,Lvl,AllPub,Inside,Gtl,Somerst,Norm,Norm
1243,RL,Pave,No_Feature,Reg,Lvl,AllPub,Inside,Gtl,NWAmes,Norm,Norm
1244,RL,Pave,No_Feature,Reg,Lvl,AllPub,Inside,Gtl,NridgHt,Norm,Norm
1245,RL,Pave,No_Feature,IR1,HLS,AllPub,Corner,Mod,Crawfor,Norm,Norm
1246,RL,Pave,No_Feature,Reg,Lvl,AllPub,Inside,Gtl,NWAmes,Norm,Norm
1247,FV,Pave,No_Feature,Reg,Lvl,AllPub,Inside,Gtl,Somerst,Norm,Norm
1248,RL,Pave,No_Feature,IR1,Lvl,AllPub,Inside,Gtl,Mitchel,Norm,Norm
1249,RM,Pave,Grvl,Reg,Lvl,AllPub,Inside,Gtl,OldTown,Norm,Norm
1250,RL,Pave,No_Feature,Reg,Lvl,AllPub,Inside,Gtl,NAmes,Norm,Norm
1251,RL,Pave,No_Feature,Reg,Lvl,AllPub,Corner,Gtl,NAmes,Norm,Norm
1252,RL,Pave,No_Feature,IR1,Lvl,AllPub,Corner,Gtl,NridgHt,Norm,Norm
1253,RL,Pave,No_Feature,Reg,Lvl,AllPub,Inside,Gtl,Mitchel,Norm,Norm
1254,RL,Pave,No_Feature,IR1,Lvl,AllPub,Inside,Gtl,Veenker,Norm,Norm
1255,RL,Pave,No_Feature,Reg,Lvl,AllPub,Inside,Gtl,Edwards,Norm,Norm
1256,RM,Pave,No_Feature,Reg,Lvl,AllPub,Inside,Gtl,BrkSide,Norm,Norm
1257,RL,Pave,No_Feature,IR1,Lvl,AllPub,Corner,Gtl,NoRidge,Norm,Norm
1258,RL,Pave,No_Feature,Reg,Lvl,AllPub,Corner,Gtl,Edwards,Feedr,Norm
1259,RL,Pave,No_Feature,IR1,Lvl,AllPub,Inside,Gtl,Gilbert,Norm,Norm
1260,RL,Pave,No_Feature,Reg,Lvl,AllPub,FR2,Gtl,NAmes,Norm,Norm
1261,RL,Pave,No_Feature,IR3,Lvl,AllPub,CulDSac,Gtl,Gilbert,RRAn,Norm
1262,RL,Pave,No_Feature,Reg,Lvl,AllPub,Inside,Gtl,NAmes,Norm,Norm
1263,RL,Pave,No_Feature,Reg,Lvl,AllPub,Inside,Gtl,ClearCr,Norm,Norm
1264,RL,Pave,Pave,Reg,Lvl,AllPub,Inside,Gtl,BrkSide,Norm,Norm
1265,RH,Pave,No_Feature,Reg,Lvl,AllPub,Inside,Gtl,NAmes,Norm,Norm
1266,FV,Pave,No_Feature,Reg,Lvl,AllPub,FR3,Gtl,Somerst,Norm,Norm
1267,RM,Pave,No_Feature,IR1,Bnk,AllPub,Inside,Gtl,OldTown,Feedr,Norm
1268,RL,Pave,No_Feature,IR1,HLS,AllPub,Inside,Gtl,Timber,Norm,Norm
1269,RL,Pave,No_Feature,IR1,Lvl,AllPub,Inside,Mod,Crawfor,Norm,Norm
1270,RL,Pave,No_Feature,Reg,Lvl,AllPub,Inside,Gtl,NAmes,Feedr,Norm
1271,RL,Pave,No_Feature,Reg,Low,AllPub,Inside,Sev,ClearCr,Norm,Norm
1272,RL,Pave,No_Feature,IR1,Lvl,AllPub,Inside,Gtl,NWAmes,PosN,Norm
1273,RL,Pave,No_Feature,IR1,Lvl,AllPub,CulDSac,Gtl,Sawyer,Norm,Norm
1274,RL,Pave,No_Feature,IR1,Lvl,AllPub,Corner,Gtl,Edwards,Norm,Norm
1275,RL,Pave,No_Feature,Reg,Lvl,AllPub,Corner,Gtl,Crawfor,Norm,Norm
1276,RL,Pave,No_Feature,Reg,Lvl,AllPub,Corner,Gtl,NAmes,Feedr,Norm
1277,RL,Pave,No_Feature,IR1,Lvl,AllPub,CulDSac,Gtl,NWAmes,Norm,Norm
1278,RL,Pave,No_Feature,IR1,Lvl,AllPub,CulDSac,Gtl,NWAmes,Norm,Norm
1279,RL,Pave,No_Feature,Reg,Lvl,AllPub,Inside,Gtl,CollgCr,Norm,Norm
1280,C (all),Pave,No_Feature,Reg,Lvl,AllPub,Inside,Gtl,IDOTRR,Norm,Norm
1281,RL,Pave,No_Feature,IR1,Lvl,AllPub,Inside,Gtl,CollgCr,Norm,Norm
1282,RL,Pave,No_Feature,IR1,Lvl,AllPub,CulDSac,Gtl,Timber,Norm,Norm
1283,RL,Pave,No_Feature,IR1,Lvl,AllPub,Inside,Gtl,CollgCr,Norm,Norm
1284,RL,Pave,No_Feature,Reg,Low,AllPub,Corner,Gtl,Mitchel,Norm,Norm
1285,RL,Pave,No_Feature,Reg,Lvl,AllPub,Inside,Gtl,SWISU,Feedr,Norm
1286,RM,Pave,No_Feature,Reg,Lvl,AllPub,Inside,Gtl,BrkSide,Norm,Norm
1287,RL,Pave,No_Feature,Reg,Lvl,AllPub,Inside,Gtl,NWAmes,Feedr,Norm
1288,RL,Pave,No_Feature,IR1,Low,AllPub,Inside,Mod,ClearCr,Norm,Norm
1289,RL,Pave,No_Feature,IR1,Lvl,AllPub,Inside,Gtl,StoneBr,Norm,Norm
1290,RL,Pave,No_Feature,IR1,Lvl,AllPub,Inside,Gtl,NridgHt,Norm,Norm
1291,RL,Pave,No_Feature,IR1,Lvl,AllPub,Corner,Gtl,NAmes,Norm,Norm
1292,RM,Pave,No_Feature,Reg,Lvl,AllPub,Inside,Gtl,BrDale,Norm,Norm
1293,RM,Pave,No_Feature,Reg,Lvl,AllPub,Corner,Gtl,OldTown,Norm,Norm
1294,RL,Pave,No_Feature,Reg,Lvl,AllPub,Inside,Gtl,NWAmes,Norm,Norm
1295,RL,Pave,No_Feature,Reg,Lvl,AllPub,Inside,Gtl,Edwards,Norm,Norm
1296,RL,Pave,No_Feature,Reg,Lvl,AllPub,Inside,Gtl,NAmes,Feedr,Norm
1297,RL,Pave,No_Feature,Reg,Lvl,AllPub,Inside,Gtl,NAmes,Norm,Norm
1298,RM,Pave,No_Feature,Reg,Lvl,AllPub,Inside,Gtl,Edwards,Norm,Norm
1299,RL,Pave,No_Feature,IR3,Bnk,AllPub,Corner,Gtl,Edwards,Feedr,Norm
1300,RL,Pave,No_Feature,Reg,Lvl,AllPub,Inside,Gtl,NAmes,Norm,Norm
1301,RL,Pave,No_Feature,IR1,Lvl,AllPub,CulDSac,Gtl,Gilbert,Norm,Norm
1302,RL,Pave,No_Feature,IR1,Bnk,AllPub,Inside,Gtl,Crawfor,Norm,Norm
1303,RL,Pave,No_Feature,Reg,Lvl,AllPub,Inside,Gtl,NoRidge,Norm,Norm
1304,RL,Pave,No_Feature,Reg,Lvl,AllPub,Inside,Gtl,Somerst,Norm,Norm
1305,RM,Pave,No_Feature,Reg,Lvl,AllPub,Inside,Gtl,Edwards,Norm,Norm
1306,RL,Pave,No_Feature,IR1,Lvl,AllPub,Corner,Gtl,NridgHt,Norm,Norm
1307,RL,Pave,No_Feature,IR1,Lvl,AllPub,Inside,Gtl,NridgHt,Norm,Norm
1308,RL,Pave,No_Feature,Reg,Lvl,AllPub,Inside,Gtl,CollgCr,Norm,Norm
1309,RM,Pave,No_Feature,Reg,Lvl,AllPub,Inside,Gtl,OldTown,Norm,Norm
1310,RL,Pave,No_Feature,Reg,Lvl,AllPub,Inside,Gtl,SawyerW,Norm,Norm
1311,RL,Pave,No_Feature,Reg,Lvl,AllPub,Inside,Gtl,Crawfor,PosA,Norm
1312,RL,Pave,No_Feature,Reg,Lvl,AllPub,Inside,Gtl,CollgCr,Norm,Norm
1313,RL,Pave,No_Feature,IR1,Lvl,AllPub,Inside,Gtl,NoRidge,Norm,Norm
1314,RL,Pave,No_Feature,IR1,Lvl,AllPub,Corner,Gtl,NoRidge,Norm,Norm
1315,RL,Pave,No_Feature,Reg,Lvl,AllPub,Inside,Gtl,Edwards,Norm,Norm
1316,RL,Pave,No_Feature,Reg,Lvl,AllPub,Inside,Gtl,NAmes,Norm,Norm
1317,RL,Pave,No_Feature,IR1,Lvl,AllPub,Inside,Gtl,CollgCr,Norm,Norm
1318,FV,Pave,Pave,Reg,Lvl,AllPub,Corner,Gtl,Somerst,Norm,Norm
1319,RL,Pave,No_Feature,IR2,Lvl,AllPub,CulDSac,Gtl,CollgCr,Norm,Norm
1320,RL,Pave,No_Feature,Reg,Bnk,AllPub,Inside,Gtl,Edwards,Norm,Norm
1321,RL,Pave,No_Feature,Reg,Lvl,AllPub,Inside,Gtl,NAmes,Norm,Norm
1322,RL,Pave,No_Feature,IR1,Lvl,AllPub,Corner,Gtl,BrkSide,Feedr,Norm
1323,RL,Pave,No_Feature,IR1,Lvl,AllPub,Inside,Gtl,NoRidge,Norm,Norm
1324,RL,Pave,No_Feature,Reg,HLS,AllPub,Inside,Gtl,BrkSide,Norm,Norm
1325,RL,Pave,No_Feature,Reg,Lvl,AllPub,Inside,Gtl,Somerst,Norm,Norm
1326,RM,Pave,No_Feature,Reg,Lvl,AllPub,Inside,Gtl,IDOTRR,Norm,Norm
1327,RH,Pave,No_Feature,Reg,Bnk,AllPub,Inside,Mod,Edwards,Norm,Norm
1328,RL,Pave,No_Feature,Reg,Lvl,AllPub,Inside,Gtl,Mitchel,Norm,Norm
1329,RM,Pave,Grvl,Reg,Lvl,AllPub,Corner,Gtl,OldTown,Norm,Norm
1330,RL,Pave,No_Feature,IR1,Lvl,AllPub,Inside,Gtl,Gilbert,Norm,Norm
1331,RL,Pave,No_Feature,Reg,Lvl,AllPub,Inside,Gtl,Somerst,Norm,Norm
1332,RL,Pave,No_Feature,IR1,Lvl,AllPub,Inside,Gtl,CollgCr,Norm,Norm
1333,RL,Pave,No_Feature,Reg,Lvl,AllPub,Inside,Mod,Edwards,Norm,Norm
1334,RM,Pave,No_Feature,Reg,Lvl,AllPub,Corner,Gtl,IDOTRR,Norm,Norm
1335,RM,Pave,No_Feature,Reg,Lvl,AllPub,Inside,Gtl,BrDale,Norm,Norm
1336,RL,Pave,No_Feature,Reg,Lvl,AllPub,Inside,Gtl,NWAmes,Norm,Norm
1337,RL,Pave,No_Feature,IR1,Lvl,AllPub,Inside,Gtl,NWAmes,Feedr,Norm
1338,RM,Pave,Grvl,IR1,Bnk,AllPub,Corner,Mod,OldTown,Feedr,Norm
1339,RL,Pave,No_Feature,IR1,Lvl,AllPub,Corner,Gtl,CollgCr,Norm,Norm
1340,RL,Pave,No_Feature,IR1,Lvl,AllPub,Corner,Gtl,CollgCr,Norm,Norm
1341,RL,Pave,No_Feature,Reg,Lvl,AllPub,Inside,Gtl,NAmes,Norm,Norm
1342,RL,Pave,No_Feature,Reg,Lvl,AllPub,Inside,Gtl,SawyerW,RRAe,Norm
1343,RL,Pave,No_Feature,Reg,Lvl,AllPub,Inside,Gtl,CollgCr,Norm,Norm
1344,RL,Pave,No_Feature,Reg,Bnk,AllPub,Inside,Gtl,Crawfor,Norm,Norm
1345,RL,Pave,No_Feature,IR1,Lvl,AllPub,Corner,Gtl,CollgCr,Norm,Norm
1346,RM,Pave,No_Feature,Reg,Lvl,AllPub,Inside,Gtl,OldTown,Norm,Norm
1347,RL,Pave,No_Feature,IR2,Lvl,AllPub,CulDSac,Gtl,NWAmes,PosN,Norm
1348,RL,Pave,No_Feature,IR1,HLS,AllPub,Corner,Gtl,Timber,Norm,Norm
1349,RL,Pave,No_Feature,IR3,Low,AllPub,Inside,Gtl,SawyerW,Norm,Norm
1350,RM,Pave,Pave,Reg,Lvl,AllPub,Inside,Gtl,OldTown,Norm,Norm
1351,RL,Pave,No_Feature,Reg,Lvl,AllPub,Inside,Gtl,NAmes,Artery,Norm
1352,RL,Pave,No_Feature,IR1,Lvl,AllPub,Inside,Gtl,NAmes,Norm,Norm
1353,RM,Pave,No_Feature,Reg,Lvl,AllPub,Inside,Gtl,BrkSide,Norm,Norm
1354,RL,Pave,No_Feature,IR1,Lvl,AllPub,CulDSac,Gtl,NoRidge,Norm,Norm
1355,RL,Pave,No_Feature,IR1,Lvl,AllPub,Inside,Gtl,CollgCr,Norm,Norm
1356,RL,Pave,No_Feature,IR1,Lvl,AllPub,Inside,Gtl,NWAmes,Norm,Norm
1357,RL,Pave,No_Feature,Reg,Lvl,AllPub,Corner,Gtl,NAmes,Norm,Norm
1358,RL,Pave,No_Feature,IR1,Lvl,AllPub,CulDSac,Gtl,NAmes,Norm,Norm
1359,FV,Pave,No_Feature,Reg,Lvl,AllPub,Inside,Gtl,Somerst,Norm,Norm
1360,RL,Pave,No_Feature,Reg,Lvl,AllPub,FR3,Gtl,NridgHt,Norm,Norm
1361,RL,Pave,No_Feature,Reg,Lvl,AllPub,Inside,Gtl,SWISU,Feedr,Norm
1362,RL,Pave,No_Feature,IR1,Low,AllPub,Inside,Mod,StoneBr,Norm,Norm
1363,RL,Pave,No_Feature,IR1,Lvl,AllPub,FR2,Gtl,NAmes,Feedr,Norm
1364,RL,Pave,No_Feature,IR1,Lvl,AllPub,Inside,Gtl,Gilbert,Norm,Norm
1365,FV,Pave,Pave,Reg,Lvl,AllPub,Inside,Gtl,Somerst,Norm,Norm
1366,FV,Pave,No_Feature,Reg,Lvl,AllPub,Inside,Gtl,Somerst,Norm,Norm
1367,RL,Pave,No_Feature,IR1,Lvl,AllPub,Inside,Gtl,CollgCr,Norm,Norm
1368,RM,Pave,No_Feature,Reg,Lvl,AllPub,Inside,Gtl,MeadowV,Norm,Norm
1369,RM,Pave,No_Feature,Reg,Lvl,AllPub,Inside,Gtl,CollgCr,Norm,Norm
1370,RL,Pave,No_Feature,IR2,Lvl,AllPub,FR2,Gtl,CollgCr,Norm,Norm
1371,RL,Pave,No_Feature,Reg,Lvl,AllPub,Corner,Gtl,OldTown,Artery,Norm
1372,RL,Pave,No_Feature,Reg,Lvl,AllPub,Inside,Gtl,NAmes,Norm,Norm
1373,RL,Pave,No_Feature,Reg,Lvl,AllPub,Corner,Gtl,CollgCr,Norm,Norm
1374,RL,Pave,No_Feature,Reg,Lvl,AllPub,Inside,Gtl,NoRidge,Norm,Norm
1375,FV,Pave,No_Feature,Reg,Lvl,AllPub,Inside,Gtl,Somerst,Norm,Norm
1376,RL,Pave,No_Feature,IR1,HLS,AllPub,Inside,Gtl,Timber,Norm,Norm
1377,RL,Pave,No_Feature,Reg,Bnk,AllPub,Inside,Gtl,SWISU,Norm,Norm
1378,RL,Pave,Grvl,Reg,Lvl,AllPub,Inside,Gtl,Edwards,Norm,Norm
1379,RM,Pave,No_Feature,Reg,Lvl,AllPub,Inside,Gtl,BrDale,Norm,Norm
1380,RL,Pave,No_Feature,Reg,Lvl,AllPub,Inside,Gtl,Timber,Norm,Norm
1381,RL,Pave,Grvl,Reg,Lvl,AllPub,Inside,Gtl,Edwards,Norm,Norm
1382,RL,Pave,No_Feature,IR1,Lvl,AllPub,Corner,Gtl,NAmes,Norm,Norm
1383,RM,Pave,No_Feature,Reg,Lvl,AllPub,Corner,Gtl,OldTown,Norm,Norm
1384,RL,Pave,No_Feature,Reg,Lvl,AllPub,Inside,Gtl,Sawyer,Norm,Norm
1385,RL,Pave,No_Feature,Reg,Lvl,AllPub,Inside,Gtl,Edwards,Norm,Norm
1386,RM,Pave,No_Feature,Reg,Lvl,AllPub,Inside,Gtl,IDOTRR,Norm,Norm
1387,RL,Pave,No_Feature,IR1,Lvl,AllPub,Inside,Gtl,NWAmes,RRAn,Norm
1388,RM,Pave,Grvl,Reg,Lvl,AllPub,Inside,Gtl,OldTown,Artery,Norm
1389,RL,Pave,No_Feature,IR1,HLS,AllPub,CulDSac,Gtl,Gilbert,Norm,Norm
1390,RM,Pave,No_Feature,Reg,Lvl,AllPub,Inside,Gtl,BrkSide,Norm,Norm
1391,RL,Pave,No_Feature,Reg,Lvl,AllPub,Inside,Gtl,CollgCr,Norm,Norm
1392,RL,Pave,No_Feature,Reg,Lvl,AllPub,Inside,Gtl,NAmes,Norm,Norm
1393,RL,Pave,No_Feature,Reg,Lvl,AllPub,Inside,Gtl,NAmes,Norm,Norm
1394,RM,Pave,Pave,Reg,Lvl,AllPub,Inside,Gtl,OldTown,Norm,Norm
1395,RL,Pave,No_Feature,Reg,Lvl,AllPub,Inside,Gtl,Blmngtn,Norm,Norm
1396,RL,Pave,No_Feature,IR1,Lvl,AllPub,Inside,Gtl,Timber,Norm,Norm
1397,RL,Pave,No_Feature,IR1,Bnk,AllPub,Inside,Sev,Timber,Norm,Norm
1398,RM,Pave,No_Feature,Reg,Lvl,AllPub,Inside,Gtl,BrkSide,Norm,Norm
1399,RL,Pave,No_Feature,Reg,Lvl,AllPub,Inside,Gtl,NAmes,Norm,Norm
1400,RL,Pave,No_Feature,Reg,Lvl,AllPub,Inside,Gtl,SWISU,Norm,Norm
1401,RM,Pave,No_Feature,Reg,Lvl,AllPub,Corner,Gtl,BrkSide,Norm,Norm
1402,RL,Pave,No_Feature,IR1,Lvl,AllPub,Inside,Gtl,Gilbert,Norm,Norm
1403,RL,Pave,No_Feature,Reg,Lvl,AllPub,Inside,Gtl,CollgCr,Norm,Norm
1404,RL,Pave,No_Feature,IR1,Lvl,AllPub,CulDSac,Gtl,Somerst,RRAn,Norm
1405,RL,Pave,Grvl,Reg,Lvl,AllPub,Corner,Gtl,OldTown,Artery,Norm
1406,RM,Pave,No_Feature,IR1,HLS,AllPub,Inside,Mod,Crawfor,Norm,Norm
1407,RL,Pave,No_Feature,Reg,Lvl,AllPub,Corner,Gtl,CollgCr,Norm,Norm
1408,RL,Pave,No_Feature,IR1,Lvl,AllPub,Corner,Gtl,Mitchel,Norm,Norm
1409,RM,Pave,No_Feature,Reg,Lvl,AllPub,Inside,Gtl,OldTown,Norm,Norm
1410,RL,Pave,No_Feature,IR1,Lvl,AllPub,CulDSac,Gtl,NWAmes,Norm,Norm
1411,RL,Pave,No_Feature,Reg,Lvl,AllPub,Inside,Gtl,CollgCr,Norm,Norm
1412,RL,Pave,No_Feature,Reg,Lvl,AllPub,Inside,Gtl,NAmes,Norm,Norm
1413,RL,Pave,No_Feature,Reg,Lvl,AllPub,Inside,Gtl,NAmes,Norm,Norm
1414,RL,Pave,No_Feature,IR1,Lvl,AllPub,Corner,Gtl,SawyerW,Norm,Norm
1415,RL,Pave,Pave,Reg,Bnk,AllPub,Inside,Gtl,BrkSide,Norm,Norm
1416,RL,Pave,No_Feature,Reg,Lvl,AllPub,Inside,Gtl,Blmngtn,Norm,Norm
1417,RM,Pave,No_Feature,Reg,Lvl,AllPub,Inside,Gtl,OldTown,Norm,Norm
1418,RL,Pave,No_Feature,IR1,Lvl,AllPub,Inside,Gtl,NoRidge,Norm,Norm
1419,RL,Pave,No_Feature,Reg,Lvl,AllPub,Inside,Gtl,NAmes,Norm,Norm
1420,RL,Pave,No_Feature,IR1,Lvl,AllPub,Inside,Gtl,Crawfor,Norm,Norm
1421,RL,Pave,No_Feature,Reg,Lvl,AllPub,Corner,Gtl,NWAmes,Norm,Norm
1422,RL,Pave,No_Feature,Reg,Lvl,AllPub,Inside,Gtl,NPkVill,Norm,Norm
1423,RM,Pave,No_Feature,Reg,Lvl,AllPub,Inside,Gtl,CollgCr,Norm,Norm
1424,RL,Pave,No_Feature,IR1,Lvl,AllPub,CulDSac,Gtl,Edwards,Norm,Norm
1425,RL,Pave,No_Feature,Reg,Lvl,AllPub,Inside,Gtl,NAmes,Norm,Norm
1426,RL,Pave,No_Feature,IR1,Lvl,AllPub,Inside,Gtl,NAmes,Norm,Norm
1427,RL,Pave,No_Feature,IR1,Lvl,AllPub,Inside,Gtl,NoRidge,Norm,Norm
1428,RL,Pave,Grvl,Reg,Bnk,AllPub,Inside,Gtl,NAmes,Artery,Norm
1429,RM,Pave,No_Feature,Reg,Lvl,AllPub,Corner,Gtl,OldTown,Norm,Norm
1430,RL,Pave,No_Feature,IR1,Lvl,AllPub,Corner,Gtl,NWAmes,Norm,Norm
1431,RL,Pave,No_Feature,IR3,Lvl,AllPub,Inside,Gtl,Gilbert,RRAn,Norm
1432,RL,Pave,No_Feature,IR1,Lvl,AllPub,Inside,Gtl,NPkVill,Norm,Norm
1433,RL,Pave,Grvl,Reg,Lvl,AllPub,Inside,Gtl,OldTown,Norm,Norm
1434,RL,Pave,No_Feature,IR1,Lvl,AllPub,Inside,Gtl,Gilbert,Norm,Norm
1435,RL,Pave,No_Feature,Reg,Low,AllPub,Inside,Mod,Mitchel,Norm,Norm
1436,RL,Pave,No_Feature,Reg,Lvl,AllPub,Inside,Gtl,NAmes,Norm,Norm
1437,RL,Pave,No_Feature,Reg,Lvl,AllPub,FR2,Gtl,NAmes,Norm,Norm
1438,RL,Pave,No_Feature,Reg,Lvl,AllPub,FR2,Gtl,NridgHt,Norm,Norm
1439,RM,Pave,No_Feature,Reg,Lvl,AllPub,Inside,Gtl,OldTown,Artery,Norm
1440,RL,Pave,No_Feature,Reg,Lvl,AllPub,Inside,Gtl,NWAmes,Norm,Norm
1441,RL,Pave,No_Feature,IR1,Bnk,AllPub,Inside,Mod,Crawfor,Norm,Norm
1442,RM,Pave,No_Feature,Reg,Lvl,AllPub,Inside,Gtl,CollgCr,Norm,Norm
1443,FV,Pave,No_Feature,Reg,Lvl,AllPub,Inside,Gtl,Somerst,Norm,Norm
1444,RL,Pave,No_Feature,Reg,Lvl,AllPub,Inside,Gtl,BrkSide,Norm,Norm
1445,RL,Pave,No_Feature,Reg,Lvl,AllPub,FR2,Gtl,CollgCr,Norm,Norm
1446,RL,Pave,No_Feature,Reg,Lvl,AllPub,Inside,Gtl,Sawyer,Norm,Norm
1447,RL,Pave,No_Feature,IR1,Lvl,AllPub,CulDSac,Gtl,Mitchel,Norm,Norm
1448,RL,Pave,No_Feature,Reg,Lvl,AllPub,Inside,Gtl,CollgCr,Norm,Norm
1449,RL,Pave,No_Feature,Reg,Lvl,AllPub,Inside,Gtl,Edwards,Norm,Norm
1450,RM,Pave,No_Feature,Reg,Lvl,AllPub,Inside,Gtl,MeadowV,Norm,Norm
1451,RL,Pave,No_Feature,Reg,Lvl,AllPub,FR2,Gtl,NAmes,Norm,Norm
1452,RL,Pave,No_Feature,Reg,Lvl,AllPub,Inside,Gtl,Somerst,Norm,Norm
1453,RM,Pave,No_Feature,Reg,Lvl,AllPub,Inside,Gtl,Edwards,Norm,Norm
1454,RL,Pave,No_Feature,Reg,Lvl,AllPub,Inside,Gtl,Mitchel,Norm,Norm
1455,FV,Pave,Pave,Reg,Lvl,AllPub,Inside,Gtl,Somerst,Norm,Norm
1456,RL,Pave,No_Feature,Reg,Lvl,AllPub,Inside,Gtl,Gilbert,Norm,Norm
1457,RL,Pave,No_Feature,Reg,Lvl,AllPub,Inside,Gtl,NWAmes,Norm,Norm
1458,RL,Pave,No_Feature,Reg,Lvl,AllPub,Inside,Gtl,Crawfor,Norm,Norm
1459,RL,Pave,No_Feature,Reg,Lvl,AllPub,Inside,Gtl,NAmes,Norm,Norm
1460,RL,Pave,No_Feature,Reg,Lvl,AllPub,Inside,Gtl,Edwards,Norm,Norm
