Property_ID,OverallQual,OverallCond,ExterQual,ExterCond,KitchenQual,FireplaceQu,TotalBathrooms,IsRemodeled
1,7,5,Gd,TA,Gd,No_Feature,3.5,0
2,6,8,TA,TA,TA,TA,2.5,0
3,7,5,Gd,TA,Gd,TA,3.5,1
4,7,5,TA,TA,Gd,Gd,2.0,1
5,8,5,Gd,TA,Gd,TA,3.5,0
6,5,5,TA,TA,TA,No_Feature,2.5,1
7,8,5,Gd,TA,Gd,Gd,3.0,1
8,7,6,TA,TA,TA,TA,3.5,0
9,7,5,TA,TA,TA,TA,2.0,1
10,5,6,TA,TA,TA,TA,2.0,1
11,5,5,TA,TA,TA,No_Feature,2.0,0
12,9,5,Ex,TA,Ex,Gd,4.0,1
13,5,6,TA,TA,TA,No_Feature,2.0,0
14,7,5,Gd,TA,Gd,Gd,2.0,1
15,6,5,TA,TA,TA,Fa,2.5,0
16,7,8,TA,TA,TA,No_Feature,1.0,1
17,6,7,TA,TA,TA,TA,2.0,0
18,4,5,TA,TA,TA,No_Feature,2.0,0
19,5,5,TA,TA,Gd,No_Feature,2.5,0
20,5,6,TA,TA,TA,No_Feature,1.0,1
21,8,5,Gd,TA,Gd,Gd,3.5,1
22,7,7,TA,TA,Gd,Gd,1.0,1
23,8,5,Gd,TA,Gd,Gd,2.0,0
24,5,7,TA,TA,TA,TA,2.0,0
25,5,8,TA,Gd,Gd,TA,2.0,1
26,8,5,Gd,TA,Gd,Gd,2.0,0
27,5,7,TA,TA,Gd,No_Feature,1.5,1
28,8,5,Gd,TA,Gd,Gd,3.0,1
29,5,6,TA,TA,TA,Gd,2.0,1
30,4,6,TA,TA,Fa,No_Feature,1.0,1
31,4,4,TA,Fa,TA,No_Feature,1.0,1
32,5,6,TA,TA,Gd,No_Feature,1.5,1
33,8,5,Gd,TA,Gd,No_Feature,2.0,0
34,5,5,TA,TA,Gd,Gd,2.0,0
35,9,5,Ex,TA,Ex,Gd,3.0,0
36,8,5,Gd,TA,Gd,Gd,3.5,1
37,5,5,TA,TA,TA,No_Feature,1.5,1
38,5,6,TA,TA,TA,TA,1.5,1
39,5,7,TA,Gd,Gd,No_Feature,2.0,1
40,4,5,TA,TA,Fa,No_Feature,2.0,0
41,6,5,TA,TA,TA,TA,2.0,0
42,5,6,TA,Gd,TA,Gd,2.0,0
43,5,7,TA,TA,Gd,No_Feature,2.0,0
44,5,6,TA,TA,TA,No_Feature,2.0,1
45,5,6,TA,TA,TA,No_Feature,2.0,0
46,9,5,Ex,TA,Ex,Gd,3.0,0
47,7,5,Gd,TA,Gd,Ex,2.5,0
48,8,5,Gd,TA,Gd,No_Feature,2.0,0
49,4,5,TA,TA,TA,No_Feature,2.0,1
50,5,7,TA,TA,TA,No_Feature,2.0,0
51,6,6,TA,TA,TA,No_Feature,2.5,0
52,6,6,TA,TA,TA,Gd,1.0,1
53,5,5,Fa,TA,TA,No_Feature,2.0,0
54,9,5,Gd,TA,Gd,Gd,2.5,1
55,5,5,TA,TA,TA,TA,1.0,0
56,6,5,TA,TA,TA,Gd,2.0,0
57,8,5,Gd,TA,Gd,No_Feature,3.5,1
58,7,5,Gd,TA,Gd,No_Feature,2.5,0
59,10,5,Ex,TA,Gd,Gd,3.5,0
60,5,7,TA,TA,TA,No_Feature,1.0,0
61,6,5,TA,TA,Gd,No_Feature,2.5,0
62,5,7,TA,TA,Fa,No_Feature,1.0,1
63,8,5,Gd,TA,Gd,Gd,2.0,0
64,7,6,TA,TA,TA,No_Feature,2.0,1
65,7,5,TA,TA,Gd,No_Feature,3.5,1
66,8,5,Gd,TA,Gd,Gd,2.5,1
67,7,5,TA,TA,TA,Gd,3.0,1
68,7,5,Gd,TA,Gd,No_Feature,3.0,0
69,4,6,TA,Gd,TA,No_Feature,1.0,1
70,7,4,Gd,TA,TA,TA,2.0,0
71,7,6,TA,Gd,TA,Gd,3.0,0
72,4,6,TA,TA,TA,No_Feature,2.0,1
73,7,5,TA,TA,TA,TA,2.5,0
74,5,7,TA,TA,TA,No_Feature,2.0,1
75,3,6,Gd,Gd,TA,No_Feature,2.0,1
76,4,5,TA,TA,TA,No_Feature,2.0,0
77,4,7,TA,TA,TA,No_Feature,1.0,0
78,5,5,TA,TA,TA,No_Feature,2.0,1
79,4,5,TA,TA,TA,No_Feature,2.0,0
80,5,6,TA,TA,TA,No_Feature,1.5,1
81,6,6,TA,Gd,Gd,Gd,2.5,0
82,6,5,TA,Gd,TA,No_Feature,3.0,0
83,8,5,TA,TA,Gd,Gd,2.0,0
84,5,5,TA,TA,TA,No_Feature,1.5,0
85,7,5,TA,TA,TA,TA,2.5,1
86,8,5,Gd,TA,Gd,TA,2.5,1
87,6,5,Gd,TA,Gd,Gd,2.5,0
88,6,5,Gd,TA,Gd,No_Feature,2.5,0
89,3,2,Fa,Fa,Fa,No_Feature,1.0,1
90,4,5,TA,TA,TA,No_Feature,2.0,1
91,4,5,TA,TA,TA,No_Feature,1.0,0
92,5,3,TA,TA,TA,No_Feature,1.0,0
93,5,7,TA,Gd,TA,No_Feature,2.0,1
94,6,6,TA,TA,TA,Gd,2.5,1
95,6,5,TA,Gd,Gd,No_Feature,3.5,0
96,6,8,Ex,Gd,TA,TA,2.5,0
97,7,5,Gd,TA,Gd,No_Feature,2.0,0
98,4,5,TA,TA,TA,No_Feature,2.0,0
99,5,5,TA,TA,TA,No_Feature,1.0,1
100,4,5,TA,TA,TA,No_Feature,2.5,0
101,6,7,TA,TA,Gd,TA,3.0,1
102,6,5,Gd,TA,Gd,TA,2.5,0
103,5,5,TA,Fa,TA,No_Feature,2.0,0
104,7,5,TA,TA,Gd,No_Feature,2.0,0
105,7,4,TA,Fa,TA,TA,1.5,1
106,8,5,Gd,TA,Gd,Gd,2.5,1
107,4,7,TA,TA,TA,No_Feature,1.0,1
108,5,5,TA,TA,TA,No_Feature,1.0,1
109,5,7,TA,TA,Fa,No_Feature,2.0,1
110,6,6,TA,TA,TA,TA,2.0,0
111,6,4,TA,TA,TA,No_Feature,2.0,1
112,7,5,TA,TA,TA,TA,2.5,0
113,7,5,Gd,TA,Ex,Gd,3.5,0
114,6,5,TA,Gd,Gd,Gd,3.0,0
115,6,8,TA,TA,Gd,TA,3.5,1
116,6,5,TA,TA,TA,Fa,2.5,0
117,5,5,TA,TA,TA,Po,1.5,0
118,5,5,TA,TA,TA,No_Feature,1.5,1
119,7,5,TA,TA,Gd,TA,4.0,0
120,6,5,Gd,TA,Gd,Gd,2.5,1
121,6,5,TA,TA,TA,TA,2.0,0
122,4,5,TA,TA,TA,No_Feature,1.0,1
123,6,7,TA,Gd,TA,No_Feature,1.0,0
124,6,5,Gd,TA,Gd,No_Feature,2.0,0
125,6,5,TA,Gd,TA,TA,2.0,1
126,6,8,TA,Fa,TA,No_Feature,2.0,1
127,6,5,TA,TA,TA,TA,2.0,0
128,5,7,TA,Gd,TA,TA,1.0,1
129,6,5,TA,TA,TA,Fa,1.5,0
130,5,7,TA,TA,Ex,No_Feature,2.0,1
131,7,6,TA,TA,Gd,Gd,2.5,0
132,6,5,Gd,TA,Gd,TA,3.5,0
133,5,6,TA,TA,Gd,No_Feature,2.0,1
134,8,5,Gd,TA,Gd,No_Feature,3.0,1
135,5,6,TA,TA,TA,TA,2.5,1
136,7,6,TA,TA,TA,Gd,2.0,0
137,5,5,TA,TA,TA,Fa,2.0,0
138,7,5,TA,TA,TA,No_Feature,3.0,1
139,8,5,Gd,TA,Gd,TA,2.5,1
140,6,5,TA,TA,Gd,No_Feature,3.5,0
141,4,5,TA,TA,TA,Po,1.0,0
142,7,5,Gd,TA,Gd,No_Feature,3.0,0
143,5,4,TA,Fa,TA,No_Feature,2.0,0
144,7,5,Gd,TA,Gd,No_Feature,3.0,0
145,5,5,TA,TA,TA,No_Feature,3.0,0
146,6,5,Gd,TA,Gd,No_Feature,2.0,1
147,5,7,TA,TA,TA,No_Feature,2.0,1
148,7,5,Gd,TA,Gd,Gd,2.5,0
149,7,5,TA,TA,Gd,No_Feature,2.0,1
150,5,4,TA,TA,TA,No_Feature,1.0,1
151,5,6,TA,TA,TA,No_Feature,1.5,0
152,8,5,Gd,TA,Gd,Gd,3.0,1
153,6,5,TA,TA,TA,Gd,2.5,0
154,6,7,TA,TA,TA,Gd,2.0,1
155,6,5,TA,TA,TA,No_Feature,1.0,1
156,6,5,TA,TA,TA,No_Feature,1.0,1
157,5,7,TA,TA,TA,No_Feature,1.0,0
158,8,5,Gd,TA,Ex,Gd,2.5,1
159,7,5,Gd,TA,Gd,Gd,2.5,1
160,7,5,Gd,TA,Gd,Gd,3.5,1
161,6,6,TA,TA,TA,No_Feature,2.0,0
162,9,5,Gd,TA,Ex,Gd,3.5,1
163,7,5,Gd,TA,Gd,Gd,2.0,0
164,4,6,TA,TA,TA,No_Feature,1.0,0
165,6,7,TA,Gd,Gd,No_Feature,2.0,1
166,5,7,TA,Gd,TA,No_Feature,3.0,1
167,5,5,Gd,TA,TA,Gd,2.0,1
168,8,5,Gd,TA,Ex,Gd,2.5,0
169,7,5,Gd,TA,Gd,Gd,2.5,0
170,8,6,Gd,TA,TA,TA,2.5,0
171,5,6,TA,TA,TA,No_Feature,1.5,1
172,6,5,TA,TA,TA,Gd,2.0,0
173,7,7,Gd,Gd,Gd,TA,3.0,0
174,6,5,TA,TA,TA,TA,2.5,0
175,6,5,TA,TA,TA,TA,3.0,0
176,6,7,TA,TA,Gd,Gd,3.0,1
177,6,5,Gd,TA,TA,TA,3.0,1
178,5,5,Gd,Gd,Gd,Gd,3.0,0
179,9,5,Ex,TA,Ex,Gd,3.0,1
180,5,6,Gd,TA,TA,No_Feature,1.0,1
181,6,5,Gd,TA,Gd,TA,2.5,0
182,7,6,TA,TA,TA,Gd,1.5,1
183,5,6,TA,TA,TA,Gd,1.0,1
184,7,5,TA,TA,Gd,No_Feature,2.5,0
185,5,8,TA,TA,TA,No_Feature,1.0,1
186,10,9,Gd,Gd,Ex,TA,2.5,1
187,7,5,TA,TA,Gd,No_Feature,3.0,1
188,5,7,TA,TA,TA,No_Feature,2.5,1
189,5,5,TA,TA,TA,TA,3.0,0
190,8,5,Gd,TA,Ex,Gd,2.5,1
191,8,8,Gd,TA,Gd,TA,2.5,1
192,7,9,TA,TA,Gd,No_Feature,2.5,1
193,7,5,Gd,TA,Gd,No_Feature,3.0,0
194,7,5,Gd,TA,Gd,No_Feature,2.0,0
195,5,7,TA,TA,TA,No_Feature,1.0,0
196,6,6,TA,TA,TA,TA,2.5,0
197,7,5,Ex,TA,Ex,Gd,3.0,0
198,8,4,Gd,Gd,Gd,Ex,3.5,1
199,6,6,TA,TA,TA,No_Feature,1.0,1
200,8,5,Gd,TA,Ex,Gd,3.0,1
201,4,5,TA,TA,TA,No_Feature,2.0,1
202,6,6,TA,TA,TA,Fa,2.5,0
203,6,6,TA,Gd,TA,No_Feature,2.0,1
204,6,5,Gd,TA,Gd,Gd,2.0,0
205,5,7,TA,TA,TA,No_Feature,1.5,1
206,7,5,TA,TA,TA,No_Feature,2.0,0
207,5,5,TA,Gd,TA,TA,1.5,0
208,4,5,TA,TA,TA,Po,2.0,0
209,7,5,Gd,TA,TA,Gd,3.5,1
210,6,7,TA,TA,TA,No_Feature,2.0,0
211,5,6,TA,TA,TA,No_Feature,2.0,1
212,6,5,TA,TA,Gd,No_Feature,2.0,0
213,7,5,TA,TA,Gd,TA,3.5,0
214,5,5,TA,TA,TA,No_Feature,1.5,0
215,6,7,TA,TA,TA,No_Feature,1.5,0
216,5,6,TA,TA,Gd,Fa,1.5,1
217,7,5,Gd,TA,Gd,No_Feature,3.0,0
218,4,4,TA,TA,TA,No_Feature,1.0,1
219,7,9,Gd,Gd,Gd,TA,2.0,1
220,7,5,Gd,TA,Gd,No_Feature,2.0,1
221,7,5,Gd,TA,Gd,No_Feature,2.0,0
222,6,5,Gd,TA,Gd,TA,2.5,0
223,6,6,TA,TA,TA,TA,3.5,0
224,4,6,TA,TA,TA,No_Feature,1.0,0
225,10,5,Ex,TA,Ex,Ex,2.0,0
226,5,5,TA,TA,TA,No_Feature,2.5,0
227,7,5,Gd,TA,Gd,TA,2.5,0
228,6,6,TA,TA,TA,No_Feature,1.5,0
229,5,5,TA,TA,TA,Fa,1.0,0
230,7,5,Gd,TA,Gd,TA,2.0,1
231,6,6,TA,TA,TA,No_Feature,2.0,0
232,8,5,Gd,TA,Ex,TA,3.5,1
233,6,5,TA,TA,TA,Po,1.5,0
234,5,6,TA,TA,TA,No_Feature,2.0,0
235,6,5,Gd,TA,Gd,TA,3.5,0
236,6,3,TA,TA,TA,No_Feature,1.5,0
237,7,5,Gd,TA,Gd,No_Feature,2.0,0
238,7,7,Gd,TA,Gd,No_Feature,2.5,1
239,8,5,Ex,TA,Gd,No_Feature,2.0,0
240,6,4,TA,TA,TA,Gd,1.5,1
241,8,5,Gd,TA,Gd,No_Feature,3.0,0
242,5,9,TA,Gd,Gd,No_Feature,1.0,1
243,5,4,TA,TA,TA,No_Feature,1.0,1
244,6,6,TA,TA,TA,TA,1.5,0
245,7,5,Gd,TA,Gd,Fa,3.5,1
246,7,5,TA,TA,TA,TA,2.5,0
247,6,8,TA,Fa,Fa,No_Feature,2.0,1
248,6,5,TA,TA,TA,TA,1.0,0
249,7,5,Gd,TA,Gd,No_Feature,2.5,0
250,6,7,Gd,TA,Gd,TA,2.5,1
251,3,2,TA,Po,Fa,No_Feature,1.0,1
252,8,5,Gd,TA,Gd,Gd,3.5,1
253,6,5,Gd,TA,Gd,No_Feature,2.5,0
254,6,7,TA,TA,Gd,No_Feature,2.5,1
255,5,6,TA,Gd,TA,No_Feature,2.0,0
256,7,5,Gd,TA,Gd,TA,2.5,0
257,6,5,Gd,TA,Gd,No_Feature,2.5,0
258,7,5,Gd,TA,Gd,Gd,3.5,0
259,7,5,Gd,TA,Gd,TA,2.5,0
260,5,5,TA,TA,TA,No_Feature,1.0,0
261,6,5,TA,TA,TA,TA,2.0,0
262,8,5,Gd,TA,Ex,Gd,2.5,0
263,6,7,TA,TA,TA,TA,2.0,1
264,5,7,TA,TA,TA,No_Feature,2.0,1
265,5,5,TA,TA,TA,No_Feature,1.0,1
266,6,6,TA,Gd,Gd,TA,2.0,0
267,6,5,TA,TA,TA,TA,3.5,0
268,5,8,TA,TA,Gd,Gd,2.5,1
269,5,6,TA,TA,TA,Gd,1.0,1
270,6,7,TA,Gd,TA,Fa,2.5,0
271,8,5,Gd,TA,Gd,Gd,2.5,0
272,7,7,TA,TA,TA,TA,2.0,1
273,8,7,Gd,TA,Gd,Gd,2.5,1
274,6,6,TA,TA,TA,Gd,3.0,1
275,5,7,TA,TA,TA,No_Feature,1.0,0
276,7,7,Gd,Gd,Ex,No_Feature,2.5,1
277,7,5,Gd,TA,Gd,No_Feature,2.0,0
278,4,5,TA,TA,TA,No_Feature,1.0,0
279,9,5,Ex,TA,Ex,Ex,2.5,1
280,7,5,TA,TA,TA,TA,2.5,0
281,7,6,Gd,TA,Gd,TA,2.5,0
282,6,5,Gd,TA,Gd,No_Feature,2.0,0
283,7,5,Gd,TA,Gd,Gd,3.0,1
284,8,5,Gd,TA,Gd,Gd,2.0,1
285,6,5,Gd,TA,Gd,No_Feature,3.0,0
286,7,5,Gd,TA,Gd,No_Feature,2.5,1
287,6,7,TA,TA,Gd,Gd,1.5,1
288,4,4,TA,TA,TA,No_Feature,1.0,0
289,5,5,TA,Gd,TA,No_Feature,1.0,0
290,6,7,TA,TA,TA,No_Feature,1.0,1
291,8,5,Gd,TA,Gd,Gd,2.5,0
292,5,6,TA,Fa,Fa,No_Feature,3.0,1
293,5,4,TA,TA,TA,Gd,1.5,1
294,7,7,TA,TA,Gd,TA,3.5,1
295,6,5,TA,TA,TA,Gd,2.0,0
296,6,6,TA,TA,TA,No_Feature,2.0,0
297,5,5,TA,TA,TA,No_Feature,1.5,0
298,7,5,Gd,TA,Gd,TA,2.5,1
299,6,6,Gd,TA,TA,Gd,2.5,0
300,6,8,TA,Gd,Gd,Gd,1.5,1
301,5,5,TA,TA,TA,Gd,2.0,0
302,8,5,Gd,TA,Gd,TA,2.5,1
303,7,5,Gd,TA,Gd,TA,2.0,1
304,5,7,TA,TA,TA,No_Feature,2.0,0
305,7,9,TA,TA,Gd,Ex,3.0,1
306,8,5,Gd,TA,Gd,No_Feature,3.0,1
307,7,5,Gd,TA,Gd,TA,3.5,1
308,6,7,TA,Fa,Fa,No_Feature,1.0,1
309,4,5,TA,TA,TA,No_Feature,1.0,1
310,9,5,Gd,TA,Ex,Ex,3.0,1
311,6,5,TA,TA,Gd,TA,2.5,1
312,6,6,TA,Gd,TA,Gd,2.0,1
313,5,7,TA,TA,TA,Gd,2.0,1
314,7,5,TA,TA,TA,Gd,4.0,0
315,7,7,TA,TA,Ex,Gd,2.0,1
316,7,5,Gd,TA,Gd,Gd,3.5,1
317,7,7,Gd,TA,Ex,TA,3.5,0
318,8,5,Gd,TA,Gd,Gd,2.5,0
319,7,5,Gd,TA,Gd,TA,3.5,0
320,7,5,TA,TA,TA,TA,3.0,0
321,9,5,TA,TA,Gd,No_Feature,3.5,0
322,8,5,Gd,TA,Gd,Gd,3.5,0
323,7,5,Gd,TA,Gd,TA,3.5,1
324,3,8,TA,Gd,TA,No_Feature,2.0,1
325,7,7,Gd,Gd,Gd,Gd,2.5,1
326,5,6,TA,TA,TA,No_Feature,1.0,1
327,8,5,Gd,TA,Gd,Gd,3.5,0
328,6,5,TA,TA,TA,No_Feature,1.5,0
329,6,6,TA,TA,Gd,No_Feature,2.0,1
330,5,5,TA,TA,TA,No_Feature,1.0,1
331,5,4,TA,TA,TA,No_Feature,2.5,0
332,5,6,TA,TA,TA,No_Feature,2.0,1
333,8,5,Gd,TA,Gd,Gd,3.0,1
334,7,5,Gd,TA,Gd,Gd,3.0,0
335,6,5,TA,TA,TA,TA,3.5,0
336,5,6,TA,TA,TA,Gd,4.0,0
337,9,5,Gd,TA,Gd,Gd,3.0,1
338,7,5,Gd,TA,Gd,No_Feature,3.0,1
339,7,7,Gd,TA,Gd,No_Feature,3.0,1
340,6,7,TA,TA,TA,No_Feature,1.0,1
341,8,5,Gd,TA,Gd,No_Feature,2.5,0
342,4,4,Fa,Fa,TA,No_Feature,1.0,0
343,3,4,TA,TA,TA,No_Feature,2.0,1
344,9,5,Ex,TA,Ex,Ex,2.0,0
345,5,3,TA,TA,TA,No_Feature,1.5,0
346,6,5,TA,TA,Fa,Gd,1.0,1
347,6,8,TA,Gd,TA,No_Feature,1.0,1
348,6,5,TA,TA,TA,Gd,3.0,0
349,7,5,Gd,TA,Gd,No_Feature,3.5,1
350,9,5,Ex,TA,Ex,Ex,3.5,1
351,9,5,Ex,TA,Ex,Gd,2.0,0
352,7,5,TA,TA,Gd,TA,2.5,0
353,5,6,TA,TA,TA,No_Feature,1.5,1
354,6,8,TA,Gd,TA,No_Feature,1.0,1
355,6,5,TA,TA,TA,Gd,1.0,1
356,6,5,Gd,Gd,Gd,No_Feature,3.0,0
357,6,6,TA,TA,Gd,No_Feature,3.0,0
358,5,5,TA,TA,TA,Po,2.5,0
359,5,4,TA,TA,Gd,No_Feature,1.5,0
360,8,5,Gd,TA,Gd,TA,3.5,0
361,6,6,TA,TA,TA,TA,2.0,0
362,5,5,TA,TA,TA,No_Feature,2.0,1
363,7,5,Gd,TA,Gd,Ex,3.0,0
364,6,8,TA,TA,Gd,No_Feature,1.5,1
365,6,5,TA,TA,TA,TA,3.5,0
366,5,7,TA,Gd,TA,No_Feature,1.0,1
367,6,5,TA,TA,TA,Gd,2.5,0
368,6,5,TA,TA,TA,Gd,1.5,0
369,5,6,TA,TA,TA,Gd,1.0,0
370,5,7,TA,Gd,Gd,Gd,2.0,1
371,6,5,TA,TA,TA,TA,2.5,0
372,4,4,TA,TA,TA,Gd,2.0,0
373,6,5,TA,TA,TA,No_Feature,2.0,0
374,5,6,TA,TA,TA,No_Feature,2.0,0
375,7,5,Gd,TA,Gd,Gd,2.5,1
376,1,1,Fa,Fa,Fa,No_Feature,1.5,1
377,5,5,Gd,TA,TA,No_Feature,1.0,0
378,8,5,Gd,TA,Gd,Gd,3.0,1
379,9,2,Gd,TA,Ex,Ex,2.5,0
380,6,5,TA,TA,TA,TA,2.5,0
381,5,6,TA,TA,Gd,Gd,2.0,1
382,7,5,Gd,TA,Gd,Gd,3.0,0
383,7,5,Gd,TA,Gd,No_Feature,2.5,0
384,6,3,TA,TA,TA,No_Feature,1.0,1
385,6,5,Gd,TA,Gd,Fa,3.5,0
386,8,5,Gd,TA,Gd,TA,2.0,1
387,5,3,TA,Fa,TA,No_Feature,1.0,1
388,6,6,TA,TA,TA,Fa,2.0,0
389,7,5,Gd,TA,Gd,No_Feature,2.0,1
390,10,5,Ex,TA,Ex,Ex,3.5,1
391,5,8,TA,TA,TA,No_Feature,2.0,1
392,6,5,TA,TA,Gd,TA,3.5,1
393,5,7,TA,TA,TA,No_Feature,1.0,0
394,4,5,TA,TA,TA,TA,1.0,1
395,5,6,TA,TA,TA,No_Feature,1.0,1
396,5,6,TA,TA,TA,No_Feature,2.0,0
397,5,5,TA,TA,TA,No_Feature,1.0,0
398,5,5,TA,TA,TA,TA,2.0,0
399,5,2,TA,Fa,TA,No_Feature,1.0,1
400,7,5,Gd,TA,Gd,No_Feature,3.0,1
401,8,5,Gd,TA,Ex,Gd,2.5,0
402,7,5,Gd,TA,Gd,Gd,2.0,0
403,5,8,TA,TA,TA,No_Feature,1.0,1
404,8,5,Gd,TA,Gd,TA,2.5,0
405,6,5,TA,TA,TA,TA,2.5,1
406,4,4,TA,TA,TA,TA,3.0,1
407,6,5,TA,TA,TA,No_Feature,1.0,1
408,6,7,TA,TA,TA,No_Feature,2.0,1
409,7,5,Gd,TA,Gd,Gd,2.5,0
410,8,5,Gd,TA,Ex,Gd,3.5,1
411,5,3,TA,Fa,TA,No_Feature,1.0,0
412,5,5,TA,TA,TA,No_Feature,2.0,0
413,7,5,Ex,TA,Gd,Gd,3.5,0
414,5,6,TA,TA,TA,Gd,1.0,1
415,7,5,Gd,TA,Gd,TA,3.0,0
416,7,5,Gd,TA,Gd,No_Feature,2.0,0
417,6,7,TA,TA,TA,TA,1.5,0
418,6,6,TA,TA,TA,Gd,3.5,1
419,5,6,TA,TA,TA,No_Feature,2.5,1
420,5,6,TA,TA,TA,Fa,2.0,0
421,7,5,TA,Gd,TA,No_Feature,4.0,1
422,6,7,Gd,TA,Gd,TA,2.5,1
423,5,5,TA,TA,TA,No_Feature,1.0,0
424,8,5,Gd,TA,Gd,TA,3.5,0
425,6,5,TA,TA,TA,Gd,2.0,0
426,7,8,TA,Gd,TA,Gd,1.5,1
427,7,5,Gd,TA,Gd,TA,3.5,0
428,4,6,TA,TA,TA,No_Feature,1.0,0
429,7,5,Gd,TA,Gd,No_Feature,3.0,0
430,6,5,TA,TA,Gd,TA,3.0,0
431,6,5,TA,TA,TA,No_Feature,1.5,0
432,6,7,TA,TA,TA,No_Feature,1.0,1
433,5,5,TA,TA,TA,No_Feature,2.5,0
434,6,5,TA,TA,TA,TA,2.5,1
435,4,7,TA,Gd,TA,No_Feature,2.0,0
436,7,6,Gd,TA,Gd,TA,3.5,0
437,6,8,TA,TA,TA,No_Feature,1.0,1
438,6,7,Gd,TA,TA,No_Feature,1.0,1
439,5,6,TA,TA,Gd,Gd,1.0,1
440,6,8,TA,TA,Gd,No_Feature,1.0,1
441,10,5,Ex,TA,Ex,Gd,3.0,0
442,4,4,TA,TA,Fa,No_Feature,2.0,0
443,5,7,TA,TA,TA,Gd,2.0,1
444,7,5,Gd,TA,Gd,Gd,2.0,1
445,7,5,Gd,Gd,Gd,TA,3.5,1
446,6,5,TA,TA,TA,Gd,1.0,0
447,6,6,Gd,TA,Gd,Gd,2.5,1
448,7,5,Gd,TA,Gd,TA,2.5,1
449,6,6,TA,TA,TA,Gd,2.0,1
450,3,7,TA,Gd,TA,No_Feature,1.5,1
451,6,8,TA,TA,Gd,No_Feature,1.0,1
452,7,5,TA,TA,Gd,TA,3.0,0
453,6,5,Gd,TA,TA,No_Feature,3.5,1
454,8,5,Gd,TA,Gd,No_Feature,2.5,0
455,5,5,TA,TA,TA,No_Feature,4.0,0
456,7,6,TA,TA,TA,TA,1.5,0
457,5,5,TA,TA,TA,No_Feature,1.0,1
458,4,6,TA,TA,Gd,Gd,2.0,1
459,8,7,TA,Gd,Gd,Gd,1.0,1
460,5,4,TA,TA,Gd,TA,2.0,0
461,8,5,Gd,TA,TA,No_Feature,3.5,0
462,7,9,Gd,Gd,Gd,No_Feature,2.0,1
463,5,5,TA,TA,TA,Po,1.0,0
464,6,7,TA,TA,TA,Gd,1.5,1
465,5,5,TA,TA,TA,No_Feature,2.0,0
466,7,5,Gd,TA,Gd,TA,2.0,0
467,7,5,TA,Gd,TA,Po,2.0,0
468,5,7,TA,TA,Gd,Gd,1.5,1
469,8,5,Gd,TA,Gd,Gd,2.0,0
470,6,5,Gd,TA,Gd,No_Feature,2.5,0
471,8,5,Gd,TA,Gd,No_Feature,2.5,0
472,7,6,TA,TA,TA,Gd,2.5,0
473,6,5,TA,TA,TA,No_Feature,2.0,0
474,8,5,Gd,TA,Gd,Ex,3.0,1
475,8,5,Gd,TA,Ex,No_Feature,3.0,0
476,5,6,TA,TA,TA,No_Feature,2.0,0
477,6,5,TA,TA,Gd,TA,3.0,1
478,9,5,Ex,TA,Ex,Gd,2.5,0
479,8,5,Gd,TA,Gd,Gd,3.0,1
480,4,7,TA,TA,TA,No_Feature,1.0,1
481,9,5,Gd,TA,Gd,Gd,3.0,1
482,9,5,Gd,TA,Ex,Gd,3.0,1
483,7,8,Gd,TA,Ex,Gd,2.5,1
484,6,5,TA,TA,TA,No_Feature,3.0,0
485,5,7,TA,Gd,Gd,No_Feature,2.0,1
486,5,7,Gd,TA,Gd,Gd,1.0,1
487,5,7,TA,TA,TA,No_Feature,2.5,0
488,5,6,TA,TA,TA,TA,2.0,0
489,5,4,TA,Fa,TA,Gd,2.0,1
490,4,8,TA,Gd,Gd,No_Feature,2.0,1
491,5,6,TA,TA,TA,Gd,1.5,0
492,6,7,TA,TA,Fa,TA,2.0,1
493,6,5,Gd,TA,TA,No_Feature,2.5,0
494,5,6,TA,TA,TA,Fa,1.5,0
495,5,8,TA,TA,TA,No_Feature,1.0,1
496,4,5,TA,TA,TA,No_Feature,1.0,1
497,8,5,Gd,TA,Gd,Gd,4.0,1
498,7,6,TA,Gd,TA,No_Feature,3.0,1
499,5,7,TA,TA,Gd,No_Feature,1.0,1
500,5,7,TA,TA,TA,No_Feature,1.5,1
501,6,5,TA,TA,TA,No_Feature,1.5,0
502,7,5,Gd,TA,Gd,No_Feature,2.5,0
503,5,7,TA,TA,TA,No_Feature,2.0,0
504,7,8,TA,TA,TA,TA,3.0,1
505,6,5,TA,TA,TA,Fa,3.0,0
506,5,5,TA,TA,TA,No_Feature,2.0,0
507,8,5,Gd,TA,Gd,TA,2.5,1
508,6,5,Gd,TA,Gd,No_Feature,2.0,0
509,7,9,TA,Ex,Gd,Gd,2.0,1
510,5,6,TA,TA,TA,No_Feature,2.0,0
511,5,7,Gd,TA,TA,TA,2.0,1
512,7,5,Gd,TA,Gd,Gd,2.0,1
513,5,5,TA,TA,TA,No_Feature,2.0,0
514,6,5,TA,Gd,TA,No_Feature,1.5,0
515,5,5,TA,TA,TA,No_Feature,1.0,1
516,10,5,Ex,TA,Ex,Gd,3.5,0
517,6,6,TA,TA,TA,TA,2.5,0
518,7,5,Gd,TA,Gd,TA,2.5,1
519,6,5,TA,TA,TA,No_Feature,3.5,0
520,7,9,Gd,TA,Gd,Gd,1.5,1
521,4,7,TA,TA,TA,No_Feature,2.0,1
522,6,6,TA,TA,TA,Gd,1.5,0
523,6,7,TA,Gd,TA,Gd,2.0,1
524,10,5,Ex,TA,Ex,Gd,4.5,1
525,7,5,Gd,TA,Gd,TA,3.5,1
526,7,5,Gd,TA,Gd,TA,2.0,0
527,5,7,TA,TA,TA,No_Feature,1.0,1
528,9,5,Ex,TA,Ex,Gd,3.5,0
529,4,7,TA,TA,TA,No_Feature,2.0,1
530,6,3,Gd,TA,TA,TA,4.0,1
531,6,5,Gd,TA,Gd,Fa,3.0,1
532,6,8,TA,TA,TA,No_Feature,2.0,1
533,5,7,TA,TA,TA,Po,1.0,1
534,1,3,Fa,Fa,Fa,No_Feature,1.0,1
535,8,5,Gd,TA,Gd,Gd,2.5,0
536,5,7,TA,TA,TA,No_Feature,2.0,1
537,7,5,TA,TA,Gd,No_Feature,2.5,1
538,4,5,TA,TA,TA,No_Feature,1.0,0
539,5,5,TA,TA,TA,Fa,1.5,0
540,8,5,Gd,TA,Gd,TA,3.0,1
541,9,5,Ex,TA,Ex,Gd,3.0,0
542,8,5,Gd,TA,Gd,TA,2.5,0
543,7,5,Gd,TA,Gd,TA,3.0,1
544,7,5,TA,TA,TA,No_Feature,2.0,0
545,7,5,Gd,TA,Gd,Gd,3.5,0
546,7,5,Gd,Gd,Gd,No_Feature,2.5,0
547,6,7,TA,TA,TA,Gd,1.5,1
548,5,7,TA,Gd,TA,No_Feature,2.0,0
549,5,7,TA,Gd,TA,No_Feature,2.0,1
550,7,5,Gd,TA,Gd,Gd,2.5,1
551,6,6,TA,TA,TA,No_Feature,2.0,0
552,5,6,TA,TA,TA,No_Feature,1.0,0
553,8,5,Gd,TA,Gd,Gd,2.0,0
554,4,5,TA,TA,Gd,No_Feature,2.0,1
555,7,5,Gd,TA,Gd,Gd,3.5,1
556,5,6,TA,TA,TA,Gd,1.0,1
557,5,5,TA,TA,TA,TA,2.0,0
558,4,6,TA,TA,TA,No_Feature,1.5,1
559,7,5,TA,TA,TA,TA,3.0,1
560,7,5,Gd,TA,Gd,TA,2.0,1
561,5,6,TA,TA,TA,Gd,2.5,1
562,5,5,TA,TA,TA,TA,2.0,1
563,5,6,TA,TA,TA,Gd,2.0,1
564,6,7,TA,TA,TA,Gd,2.0,1
565,7,5,Gd,TA,Gd,TA,3.5,1
566,6,4,TA,TA,Fa,No_Feature,2.5,1
567,9,5,Gd,TA,Ex,Gd,2.5,1
568,7,5,Gd,TA,Gd,No_Feature,2.0,0
569,8,8,Gd,TA,Gd,Gd,2.5,1
570,5,5,TA,TA,TA,TA,2.0,0
571,5,5,TA,TA,TA,No_Feature,2.0,0
572,6,6,TA,TA,Gd,No_Feature,2.0,0
573,7,5,TA,TA,Gd,No_Feature,2.5,0
574,7,5,TA,TA,TA,TA,2.5,0
575,5,7,TA,TA,TA,No_Feature,1.5,1
576,5,5,TA,TA,TA,No_Feature,1.0,1
577,7,7,TA,TA,TA,Gd,2.5,1
578,5,6,TA,TA,TA,Fa,2.0,0
579,7,5,Gd,TA,Gd,No_Feature,2.0,0
580,5,5,TA,TA,TA,No_Feature,2.0,0
581,6,6,TA,TA,Gd,Gd,1.5,1
582,8,5,Ex,TA,Ex,Gd,2.5,1
583,6,5,TA,Gd,TA,No_Feature,2.0,0
584,10,9,Ex,Ex,Gd,Gd,3.5,1
585,4,7,TA,TA,Gd,No_Feature,1.0,1
586,8,5,Gd,TA,Gd,Gd,3.0,1
587,6,7,TA,Gd,Fa,No_Feature,2.0,1
588,5,6,TA,TA,TA,No_Feature,2.0,0
589,5,8,TA,TA,Ex,Gd,3.0,1
590,5,6,TA,TA,TA,No_Feature,1.0,1
591,7,5,Gd,TA,Gd,No_Feature,2.5,0
592,10,5,Ex,TA,Ex,Gd,3.5,0
593,5,8,TA,Gd,TA,No_Feature,2.0,1
594,6,5,Gd,TA,Gd,No_Feature,2.0,0
595,5,6,TA,TA,TA,No_Feature,1.0,0
596,8,5,Gd,TA,Gd,TA,3.0,1
597,6,7,TA,TA,TA,No_Feature,1.0,1
598,7,5,Gd,TA,Gd,Gd,2.0,1
599,5,6,TA,TA,Gd,TA,3.0,0
600,6,6,TA,Gd,TA,TA,3.5,0
601,8,5,Gd,TA,Ex,Gd,3.5,0
602,6,6,TA,Gd,Gd,Gd,1.5,1
603,8,5,Gd,TA,Gd,TA,3.5,0
604,7,5,Gd,TA,Gd,No_Feature,2.5,1
605,7,5,Gd,TA,Gd,TA,3.0,0
606,7,6,TA,TA,TA,Fa,2.5,1
607,5,5,TA,Gd,Gd,No_Feature,2.0,0
608,5,8,TA,Gd,Ex,No_Feature,4.0,1
609,8,6,TA,TA,TA,Gd,2.5,1
610,4,5,TA,Fa,TA,No_Feature,2.0,0
611,9,5,Gd,TA,Ex,Ex,3.5,0
612,6,6,TA,TA,TA,TA,2.5,0
613,8,5,Gd,TA,Ex,TA,3.5,0
614,5,5,TA,TA,TA,No_Feature,1.0,0
615,4,6,TA,TA,TA,No_Feature,2.0,0
616,6,7,TA,Gd,Gd,No_Feature,2.0,0
617,6,5,Gd,TA,Gd,Gd,3.5,1
618,6,6,TA,TA,Gd,No_Feature,1.0,0
619,9,5,Ex,TA,Gd,Gd,2.0,0
620,8,5,Gd,TA,Gd,Gd,3.5,0
621,3,3,TA,TA,TA,No_Feature,2.0,1
622,6,7,TA,TA,TA,TA,2.5,1
623,5,6,TA,TA,TA,No_Feature,1.0,0
624,6,5,Gd,TA,Gd,TA,2.5,0
625,6,5,TA,TA,TA,TA,3.0,0
626,6,6,TA,TA,TA,No_Feature,1.5,0
627,5,5,TA,TA,TA,TA,1.0,1
628,6,6,TA,TA,TA,Gd,2.0,1
629,5,5,TA,TA,Fa,TA,2.5,0
630,6,5,TA,TA,TA,No_Feature,2.5,0
631,5,6,TA,TA,Ex,No_Feature,1.0,1
632,8,5,Gd,TA,Gd,Gd,2.0,0
633,7,5,TA,Gd,TA,TA,2.0,0
634,5,7,TA,TA,TA,No_Feature,1.5,1
635,6,5,TA,TA,TA,No_Feature,2.0,0
636,6,7,Fa,TA,Fa,No_Feature,2.0,1
637,2,3,Fa,Fa,Fa,Po,1.0,1
638,5,4,TA,TA,Gd,No_Feature,2.0,0
639,5,7,TA,TA,TA,No_Feature,1.0,1
640,8,5,Gd,TA,Ex,Gd,3.0,0
641,8,5,Ex,TA,Ex,Gd,1.5,1
642,7,5,Gd,TA,Gd,TA,3.5,0
643,8,7,Gd,TA,Ex,TA,3.5,1
644,5,5,TA,TA,TA,No_Feature,2.5,0
645,9,5,Ex,TA,Ex,Gd,3.5,0
646,6,5,TA,TA,TA,No_Feature,2.5,0
647,5,5,TA,TA,TA,No_Feature,1.0,0
648,6,5,TA,TA,TA,Gd,1.0,0
649,6,5,TA,TA,TA,TA,1.5,0
650,4,6,TA,TA,TA,No_Feature,2.0,0
651,7,6,Gd,TA,Gd,No_Feature,2.5,0
652,4,5,TA,TA,TA,Gd,2.0,1
653,7,5,Gd,TA,Gd,TA,2.5,0
654,6,7,TA,TA,TA,No_Feature,1.0,1
655,8,6,Gd,Gd,Gd,TA,3.5,0
656,6,5,TA,TA,TA,No_Feature,1.5,0
657,5,7,Gd,TA,Gd,No_Feature,2.5,1
658,7,6,TA,Fa,TA,Gd,1.5,1
659,6,5,TA,TA,TA,Gd,1.5,1
660,5,7,TA,Gd,TA,No_Feature,2.0,1
661,7,7,TA,TA,TA,TA,2.5,0
662,8,7,Gd,TA,Gd,TA,3.5,1
663,6,3,TA,TA,TA,TA,2.0,0
664,4,5,TA,TA,TA,No_Feature,3.0,0
665,8,5,Gd,TA,Ex,Ex,2.5,1
666,8,5,Gd,TA,Gd,TA,2.5,0
667,6,5,TA,Gd,TA,Po,2.5,1
668,6,5,TA,TA,Gd,Fa,3.0,1
669,5,6,TA,TA,TA,TA,2.5,1
670,4,5,TA,TA,Fa,Gd,1.0,1
671,6,5,Gd,TA,Gd,No_Feature,3.5,0
672,6,6,TA,Gd,TA,No_Feature,3.0,1
673,6,6,Gd,TA,TA,TA,2.5,0
674,6,7,TA,TA,Gd,TA,3.0,1
675,6,6,TA,TA,TA,Gd,2.0,0
676,6,6,TA,TA,TA,TA,2.5,0
677,4,2,TA,TA,TA,No_Feature,3.0,1
678,5,8,Gd,TA,Gd,No_Feature,1.0,1
679,8,5,Gd,TA,Gd,Gd,2.5,0
680,5,5,TA,TA,TA,No_Feature,2.0,0
681,6,5,TA,TA,TA,TA,2.0,0
682,5,5,TA,TA,TA,No_Feature,1.0,1
683,6,5,TA,TA,Gd,Gd,2.0,1
684,9,5,Gd,TA,Gd,TA,3.0,0
685,7,5,Gd,TA,TA,No_Feature,2.5,0
686,7,5,Gd,TA,Gd,TA,3.0,0
687,7,6,Gd,TA,Gd,No_Feature,3.0,0
688,7,5,Gd,TA,Gd,No_Feature,2.5,0
689,8,6,Gd,TA,Gd,Gd,3.0,0
690,6,5,Gd,TA,Gd,Gd,2.0,1
691,6,5,Gd,TA,Gd,TA,2.0,0
692,10,6,Ex,TA,Ex,Ex,4.0,1
693,7,5,Gd,TA,Gd,Gd,3.5,1
694,5,6,TA,TA,TA,No_Feature,1.0,1
695,5,6,TA,Fa,TA,No_Feature,1.5,1
696,6,6,TA,TA,Gd,TA,3.0,0
697,5,7,TA,TA,TA,No_Feature,1.0,1
698,5,7,TA,TA,TA,No_Feature,1.5,0
699,5,8,TA,Gd,TA,Gd,2.0,1
700,7,5,Gd,TA,Gd,No_Feature,2.0,0
701,8,5,Gd,TA,Gd,Gd,3.0,0
702,7,5,TA,TA,TA,No_Feature,1.5,0
703,8,5,Ex,TA,Ex,Gd,2.5,0
704,5,9,TA,Gd,Gd,Po,2.0,1
705,7,5,Gd,TA,Gd,No_Feature,3.0,1
706,4,5,Fa,Fa,Fa,No_Feature,2.0,1
707,7,5,TA,TA,Gd,TA,3.0,1
708,8,5,Gd,TA,Gd,Gd,3.0,0
709,7,5,Gd,TA,Gd,Gd,2.5,0
710,5,7,TA,TA,TA,No_Feature,1.0,0
711,3,6,Gd,TA,TA,No_Feature,1.0,1
712,4,7,TA,TA,TA,No_Feature,1.0,1
713,8,5,Gd,TA,Gd,Gd,3.0,1
714,4,5,TA,TA,TA,No_Feature,2.0,0
715,6,8,Gd,TA,Gd,No_Feature,2.5,1
716,6,5,TA,TA,TA,TA,2.0,0
717,7,8,TA,Gd,TA,No_Feature,1.5,1
718,5,6,TA,TA,Gd,Fa,2.0,1
719,7,5,Gd,TA,Gd,TA,3.5,1
720,5,6,TA,TA,TA,Po,1.5,0
721,8,5,Gd,TA,Gd,TA,3.0,0
722,6,5,Gd,TA,Gd,No_Feature,2.0,0
723,4,7,TA,Gd,TA,No_Feature,1.0,0
724,4,6,TA,TA,TA,No_Feature,2.0,1
725,9,5,Ex,TA,Ex,Gd,3.0,1
726,4,6,TA,TA,Gd,No_Feature,1.0,0
727,6,9,Gd,Gd,Gd,Gd,3.0,1
728,7,5,Gd,TA,Gd,No_Feature,3.0,0
729,5,5,TA,TA,TA,No_Feature,3.0,0
730,4,5,TA,TA,TA,No_Feature,1.0,1
731,8,5,Gd,TA,Gd,TA,3.0,1
732,7,5,Gd,TA,Gd,Gd,3.0,0
733,7,5,Gd,TA,Gd,TA,2.5,1
734,5,6,TA,TA,TA,TA,2.0,1
735,5,5,TA,TA,TA,No_Feature,1.0,0
736,7,7,TA,TA,TA,TA,1.5,1
737,3,4,TA,TA,TA,No_Feature,2.0,0
738,8,5,Gd,TA,Gd,Gd,2.5,0
739,5,5,TA,TA,TA,No_Feature,6.0,1
740,7,5,Gd,TA,Gd,No_Feature,2.5,0
741,5,7,TA,Gd,TA,No_Feature,2.0,1
742,6,8,TA,Gd,Gd,No_Feature,2.5,1
743,7,5,TA,TA,TA,No_Feature,2.0,1
744,5,6,TA,TA,TA,TA,2.5,1
745,8,5,Gd,TA,Gd,TA,3.0,0
746,8,9,Ex,Gd,Gd,TA,4.0,1
747,7,5,Gd,TA,Gd,TA,2.5,0
748,7,7,Gd,TA,Gd,Gd,1.5,1
749,7,5,Gd,TA,Gd,TA,3.0,0
750,4,3,TA,TA,TA,No_Feature,2.0,1
751,4,7,TA,TA,TA,No_Feature,1.0,1
752,7,5,Gd,TA,Gd,No_Feature,2.5,0
753,6,5,TA,Gd,Gd,No_Feature,3.0,0
754,8,5,Gd,TA,Ex,Gd,2.5,0
755,6,8,TA,TA,Gd,No_Feature,2.0,1
756,6,5,TA,TA,TA,No_Feature,2.5,0
757,8,5,Gd,TA,Gd,No_Feature,2.5,0
758,6,5,TA,TA,TA,TA,2.5,0
759,7,5,TA,TA,TA,No_Feature,2.5,0
760,8,5,Gd,TA,Gd,TA,2.5,0
761,6,6,TA,TA,TA,No_Feature,1.0,0
762,5,5,TA,TA,Fa,No_Feature,1.0,1
763,7,5,TA,TA,Gd,No_Feature,2.5,0
764,8,5,Gd,TA,Gd,Gd,3.5,0
765,8,5,Gd,Gd,Ex,Gd,2.5,1
766,9,5,Gd,TA,Ex,Gd,2.0,0
767,7,5,TA,TA,TA,TA,2.5,0
768,6,7,TA,TA,TA,No_Feature,3.0,1
769,7,5,Gd,TA,Gd,Gd,2.0,1
770,8,5,Ex,TA,Ex,Gd,4.5,0
771,5,5,TA,TA,TA,No_Feature,2.0,0
772,4,5,TA,TA,TA,No_Feature,1.0,0
773,6,5,TA,TA,TA,TA,2.0,0
774,5,5,TA,TA,TA,No_Feature,1.0,0
775,8,5,Gd,TA,Gd,Gd,2.0,0
776,6,5,TA,TA,TA,No_Feature,3.0,0
777,7,5,Gd,TA,Gd,No_Feature,2.0,1
778,5,5,TA,TA,TA,Fa,2.0,0
779,5,5,TA,TA,TA,TA,2.0,0
780,6,5,TA,TA,TA,No_Feature,2.0,0
781,7,5,TA,TA,TA,TA,2.0,1
782,6,5,Gd,Gd,Gd,No_Feature,2.5,0
783,7,5,Gd,TA,Gd,No_Feature,2.0,1
784,5,6,TA,Gd,Gd,TA,2.0,0
785,6,6,TA,TA,TA,Gd,2.0,1
786,6,5,TA,TA,TA,Gd,2.0,0
787,5,6,TA,Gd,TA,No_Feature,3.0,1
788,7,5,Gd,TA,Gd,No_Feature,3.5,0
789,4,7,TA,TA,TA,No_Feature,1.0,1
790,6,8,TA,TA,Gd,No_Feature,2.5,1
791,7,5,Gd,TA,Gd,Gd,2.0,1
792,6,5,TA,TA,TA,TA,2.0,0
793,7,5,Gd,TA,TA,TA,3.5,1
794,8,5,Gd,TA,Gd,No_Feature,2.0,0
795,7,5,Gd,TA,Gd,TA,2.5,1
796,6,6,TA,TA,TA,TA,2.5,1
797,6,5,TA,TA,TA,TA,1.5,0
798,5,5,TA,TA,TA,No_Feature,1.0,0
799,9,5,Ex,TA,Ex,Gd,3.5,1
800,5,7,TA,TA,Gd,TA,2.5,1
801,6,5,TA,TA,Gd,No_Feature,3.5,0
802,4,7,TA,TA,TA,No_Feature,2.0,1
803,7,5,Gd,TA,Gd,Gd,3.5,0
804,9,5,Ex,TA,Ex,Gd,3.5,1
805,5,5,TA,TA,TA,No_Feature,1.0,0
806,7,5,Gd,TA,Ex,No_Feature,2.0,0
807,5,5,TA,TA,TA,No_Feature,2.0,0
808,5,6,TA,TA,Gd,TA,3.5,1
809,5,5,TA,TA,TA,Gd,2.0,0
810,5,5,TA,TA,TA,No_Feature,2.0,1
811,6,6,TA,TA,Gd,Fa,2.5,1
812,6,5,Gd,TA,Gd,Gd,2.0,0
813,5,5,Fa,TA,Fa,No_Feature,1.0,0
814,6,6,TA,TA,TA,No_Feature,1.5,0
815,5,7,TA,TA,Fa,No_Feature,2.0,1
816,7,5,TA,TA,Gd,No_Feature,2.0,0
817,5,6,TA,TA,TA,Gd,1.0,0
818,8,5,Gd,TA,Gd,Gd,3.0,0
819,6,7,TA,TA,TA,No_Feature,2.0,0
820,7,5,Gd,TA,Gd,Gd,3.0,1
821,7,5,Gd,TA,Gd,No_Feature,2.5,0
822,4,4,Fa,TA,TA,No_Feature,1.0,0
823,7,5,Gd,TA,Gd,Gd,2.5,0
824,6,7,TA,TA,TA,Gd,2.0,1
825,8,5,Gd,TA,Gd,Gd,2.0,0
826,10,5,Ex,TA,Ex,Gd,3.0,1
827,5,6,TA,TA,Gd,No_Feature,2.0,1
828,7,5,Gd,TA,Gd,TA,2.0,0
829,5,5,TA,TA,TA,No_Feature,3.0,0
830,7,5,Gd,TA,Gd,No_Feature,2.5,0
831,6,5,TA,TA,TA,Gd,2.5,0
832,7,5,TA,TA,Gd,No_Feature,2.5,0
833,7,6,Gd,TA,Gd,TA,3.5,0
834,6,6,TA,TA,TA,No_Feature,1.5,0
835,5,6,TA,TA,TA,No_Feature,2.0,0
836,4,7,TA,TA,Gd,No_Feature,2.0,1
837,5,6,TA,TA,TA,No_Feature,2.0,1
838,6,5,TA,TA,TA,No_Feature,2.5,0
839,5,6,TA,TA,Gd,No_Feature,1.5,1
840,5,6,TA,TA,TA,No_Feature,1.0,1
841,6,8,TA,TA,Fa,No_Feature,2.0,1
842,5,8,TA,TA,Gd,Po,2.0,1
843,6,7,TA,TA,TA,No_Feature,2.5,0
844,5,4,TA,TA,TA,No_Feature,2.0,0
845,5,8,TA,TA,TA,Gd,1.5,1
846,5,5,TA,TA,TA,TA,3.0,1
847,7,5,Gd,TA,Gd,TA,3.5,0
848,5,6,TA,TA,TA,Fa,2.0,0
849,6,8,TA,TA,TA,Gd,3.0,1
850,6,7,Gd,Gd,TA,TA,2.5,1
851,6,5,Gd,TA,Gd,No_Feature,2.0,0
852,8,5,Gd,TA,Gd,TA,2.0,0
853,7,5,TA,Gd,TA,Gd,2.0,1
854,6,6,TA,Gd,TA,Fa,1.5,0
855,5,4,TA,TA,TA,Gd,2.5,1
856,5,8,TA,Gd,TA,No_Feature,2.5,1
857,6,6,TA,TA,TA,No_Feature,2.0,0
858,6,5,TA,TA,TA,TA,2.5,1
859,7,5,TA,TA,TA,TA,2.0,0
860,6,7,TA,TA,Gd,Gd,3.5,1
861,7,8,Gd,TA,Gd,Gd,1.5,1
862,5,4,TA,TA,TA,No_Feature,2.5,0
863,6,5,TA,TA,TA,No_Feature,2.0,1
864,5,5,TA,TA,TA,No_Feature,2.0,0
865,7,5,Gd,TA,Gd,No_Feature,2.0,1
866,5,6,TA,TA,TA,No_Feature,2.0,0
867,8,5,Gd,TA,Gd,Gd,2.0,1
868,4,5,TA,TA,Fa,No_Feature,2.5,0
869,5,6,TA,TA,TA,TA,2.0,1
870,7,5,Gd,TA,Gd,TA,3.5,1
871,5,5,TA,TA,TA,No_Feature,1.0,0
872,6,5,TA,TA,Gd,No_Feature,2.5,0
873,5,7,Gd,TA,Gd,No_Feature,1.0,1
874,5,7,Gd,TA,TA,Gd,1.0,1
875,5,6,TA,TA,TA,No_Feature,1.5,1
876,8,5,Gd,TA,Ex,Gd,2.5,0
877,4,5,TA,TA,TA,No_Feature,2.0,0
878,9,5,Gd,TA,Ex,Gd,3.5,1
879,5,7,TA,TA,Gd,No_Feature,2.0,1
880,5,8,Gd,Gd,TA,No_Feature,2.0,1
881,5,5,TA,TA,TA,No_Feature,2.5,1
882,7,5,Gd,Gd,Gd,TA,2.5,1
883,6,5,TA,TA,TA,TA,2.5,1
884,4,5,Gd,TA,TA,No_Feature,2.0,1
885,5,5,TA,TA,TA,No_Feature,1.0,0
886,9,5,Gd,TA,Gd,TA,3.0,1
887,5,5,TA,TA,TA,No_Feature,2.0,1
888,5,7,TA,Gd,TA,No_Feature,1.5,0
889,8,6,Gd,Gd,Gd,TA,3.0,0
890,6,4,TA,TA,TA,TA,2.0,0
891,5,7,TA,Gd,TA,Po,1.0,1
892,6,5,TA,TA,TA,TA,2.5,0
893,6,8,TA,TA,TA,No_Feature,1.5,1
894,5,5,TA,TA,TA,Gd,2.0,0
895,5,5,TA,TA,TA,No_Feature,2.0,0
896,6,5,TA,TA,TA,TA,2.5,0
897,4,6,TA,TA,TA,No_Feature,1.0,1
898,5,5,TA,TA,TA,No_Feature,2.0,0
899,9,5,Ex,TA,Ex,Gd,3.5,1
900,5,7,TA,TA,TA,TA,1.0,1
901,4,6,TA,TA,TA,No_Feature,1.0,0
902,5,7,TA,Gd,TA,No_Feature,2.0,1
903,7,5,Gd,TA,Gd,Gd,2.5,0
904,7,5,Gd,TA,Gd,Gd,2.0,0
905,5,6,TA,TA,TA,No_Feature,1.0,0
906,5,5,TA,TA,TA,No_Feature,2.0,0
907,8,5,Gd,TA,Gd,Gd,3.0,0
908,7,7,Gd,TA,Gd,Gd,1.5,1
909,5,5,TA,TA,TA,No_Feature,2.0,0
910,6,5,Gd,TA,Gd,Gd,2.5,0
911,5,5,TA,TA,TA,No_Feature,2.0,0
912,5,7,TA,TA,Gd,No_Feature,1.5,1
913,5,7,TA,TA,TA,No_Feature,1.0,1
914,5,6,TA,TA,TA,No_Feature,2.0,1
915,6,5,Gd,TA,Gd,No_Feature,2.5,0
916,4,5,TA,TA,TA,No_Feature,1.5,0
917,2,3,TA,TA,TA,No_Feature,1.0,1
918,4,6,TA,TA,TA,No_Feature,1.0,0
919,7,5,Gd,TA,Gd,TA,3.5,0
920,6,8,Ex,TA,TA,TA,2.0,1
921,6,5,Gd,Gd,Gd,No_Feature,3.0,0
922,5,7,TA,TA,TA,No_Feature,5.0,1
923,6,5,Gd,TA,Gd,Gd,2.0,1
924,6,5,Gd,TA,Gd,Fa,3.0,1
925,6,6,TA,Gd,TA,TA,3.0,0
926,5,6,TA,TA,Ex,No_Feature,2.5,0
927,8,5,Gd,TA,Ex,Gd,2.5,1
928,7,5,TA,TA,TA,Gd,2.5,0
929,8,5,Gd,TA,Ex,TA,2.0,0
930,7,5,TA,TA,Gd,TA,2.5,0
931,8,5,Gd,TA,Gd,No_Feature,2.0,0
932,5,6,TA,TA,TA,No_Feature,1.5,0
933,9,5,Ex,TA,Ex,Gd,2.0,0
934,7,5,Gd,TA,Gd,No_Feature,2.0,0
935,7,7,TA,TA,Gd,Gd,3.0,1
936,4,5,TA,Gd,TA,No_Feature,1.0,1
937,7,5,Gd,TA,Gd,No_Feature,3.0,0
938,7,5,Gd,TA,Gd,Gd,2.5,0
939,7,5,Gd,TA,Gd,No_Feature,2.5,0
940,7,7,TA,Gd,TA,TA,2.0,1
941,6,5,TA,TA,TA,No_Feature,2.0,0
942,7,5,Gd,TA,Gd,TA,3.5,0
943,4,3,TA,TA,TA,No_Feature,4.0,0
944,5,4,TA,TA,TA,No_Feature,2.0,0
945,6,6,TA,TA,Gd,Gd,1.5,0
946,5,6,TA,TA,TA,No_Feature,1.0,1
947,5,6,TA,Gd,TA,TA,2.0,0
948,8,5,Gd,TA,Gd,Gd,3.0,1
949,7,5,Gd,TA,Gd,TA,2.5,0
950,6,7,TA,TA,Gd,TA,2.5,1
951,5,8,TA,TA,Gd,No_Feature,2.0,1
952,5,5,TA,TA,TA,No_Feature,2.0,0
953,5,8,TA,Gd,TA,No_Feature,1.5,1
954,5,4,TA,TA,TA,Po,3.0,0
955,6,5,TA,TA,TA,No_Feature,3.0,0
956,6,6,TA,TA,TA,No_Feature,2.0,1
957,6,6,TA,TA,TA,TA,1.5,0
958,5,5,TA,TA,TA,No_Feature,1.0,0
959,7,5,Gd,TA,Gd,No_Feature,3.0,0
960,7,5,Gd,TA,Gd,No_Feature,3.5,0
961,5,7,TA,Gd,TA,No_Feature,2.0,1
962,6,7,TA,Gd,TA,TA,3.5,1
963,6,6,TA,TA,Gd,TA,3.5,0
964,9,5,Gd,TA,Ex,No_Feature,2.0,0
965,7,5,Gd,TA,Gd,Gd,3.5,1
966,6,5,Gd,TA,Gd,Gd,2.5,1
967,5,7,Gd,Gd,TA,TA,2.5,1
968,5,7,TA,TA,TA,No_Feature,2.0,0
969,3,6,TA,TA,TA,No_Feature,1.0,1
970,6,5,TA,Fa,TA,No_Feature,2.0,0
971,4,4,TA,TA,TA,No_Feature,1.5,1
972,7,5,Gd,TA,Gd,No_Feature,2.0,1
973,6,5,TA,TA,TA,TA,2.0,0
974,7,5,Gd,TA,Gd,No_Feature,2.0,1
975,7,8,TA,Gd,Gd,No_Feature,1.0,1
976,7,5,Gd,TA,Gd,No_Feature,3.5,0
977,4,7,TA,TA,Fa,No_Feature,1.0,1
978,7,5,Gd,TA,Gd,No_Feature,2.5,1
979,4,5,TA,TA,TA,No_Feature,1.0,0
980,5,6,TA,TA,TA,No_Feature,2.0,0
981,7,9,Ex,TA,Ex,No_Feature,2.0,1
982,8,5,Gd,TA,Gd,TA,3.5,1
983,7,5,Gd,TA,Gd,Gd,2.0,0
984,8,5,Gd,TA,Gd,Gd,2.5,0
985,5,5,TA,TA,Gd,No_Feature,2.0,0
986,5,5,TA,TA,TA,No_Feature,2.0,0
987,6,8,TA,Gd,Gd,No_Feature,1.0,1
988,9,5,Ex,TA,Ex,Gd,3.5,1
989,6,6,TA,TA,Gd,TA,2.5,0
990,7,5,Gd,TA,Gd,No_Feature,2.5,0
991,8,5,Gd,TA,Gd,TA,3.5,1
992,8,9,Gd,Gd,Gd,Gd,1.5,1
993,6,8,TA,TA,Gd,Fa,2.5,1
994,6,5,TA,TA,Gd,No_Feature,2.5,1
995,10,5,Ex,TA,Ex,Gd,3.0,1
996,4,7,TA,TA,TA,No_Feature,2.5,1
997,5,6,TA,TA,TA,No_Feature,2.0,0
998,6,6,TA,TA,TA,TA,2.0,0
999,3,4,TA,TA,TA,Gd,1.0,1
1000,7,5,Gd,TA,Gd,No_Feature,3.0,0
1001,3,3,TA,TA,Fa,No_Feature,1.0,0
1002,5,6,TA,TA,Ex,No_Feature,1.0,1
1003,8,5,Gd,TA,Gd,Gd,2.0,0
1004,5,6,TA,TA,TA,No_Feature,2.0,0
1005,7,5,Gd,TA,Gd,Gd,2.0,1
1006,5,8,Gd,TA,TA,No_Feature,2.0,0
1007,6,3,TA,TA,TA,TA,2.5,0
1008,4,4,TA,TA,TA,No_Feature,1.5,0
1009,7,5,Gd,TA,Gd,Gd,2.0,1
1010,5,5,TA,Fa,TA,No_Feature,2.0,1
1011,5,5,TA,TA,TA,Gd,2.0,1
1012,5,5,TA,TA,TA,No_Feature,2.0,0
1013,6,7,TA,Gd,Gd,TA,1.5,1
1014,5,4,TA,TA,TA,No_Feature,2.0,1
1015,6,5,TA,TA,TA,Gd,1.0,1
1016,8,6,Gd,TA,Gd,No_Feature,3.5,0
1017,7,5,Gd,TA,Gd,TA,3.0,0
1018,8,5,Gd,TA,Gd,Ex,2.0,0
1019,7,5,Gd,TA,Gd,TA,2.5,1
1020,7,5,Gd,TA,Gd,Gd,2.0,0
1021,4,5,TA,TA,Gd,No_Feature,2.5,0
1022,7,5,Gd,TA,Gd,No_Feature,3.0,0
1023,5,5,TA,TA,TA,No_Feature,1.0,1
1024,7,5,Gd,TA,Gd,Gd,2.0,1
1025,8,6,Gd,TA,Gd,Gd,3.0,0
1026,5,5,TA,TA,TA,No_Feature,2.0,0
1027,5,5,TA,TA,TA,Gd,2.0,0
1028,8,5,Gd,TA,Gd,Gd,3.0,1
1029,5,5,TA,TA,TA,Gd,2.0,1
1030,6,7,TA,TA,TA,No_Feature,2.0,0
1031,5,8,TA,TA,TA,No_Feature,2.0,1
1032,7,3,TA,TA,TA,TA,3.5,1
1033,8,7,Gd,Gd,Gd,TA,3.5,0
1034,7,5,Gd,TA,Gd,No_Feature,3.0,0
1035,5,7,TA,Gd,Fa,Gd,1.0,1
1036,4,3,TA,Gd,TA,No_Feature,1.0,0
1037,9,5,Gd,TA,Ex,Ex,3.0,1
1038,8,5,Gd,TA,Gd,TA,2.5,1
1039,4,6,TA,TA,TA,TA,1.5,1
1040,4,4,TA,TA,TA,No_Feature,2.0,0
1041,5,4,TA,TA,TA,TA,3.0,1
1042,6,8,TA,TA,Gd,No_Feature,2.0,1
1043,6,5,Gd,TA,Gd,Gd,3.0,0
1044,7,5,TA,TA,Gd,Ex,3.5,0
1045,8,5,Gd,TA,Gd,Gd,3.5,0
1046,3,5,TA,TA,TA,Gd,2.0,0
1047,9,5,Gd,TA,Ex,Gd,3.5,1
1048,5,5,TA,TA,TA,No_Feature,1.5,1
1049,5,4,TA,Fa,TA,TA,1.0,1
1050,4,7,TA,TA,Gd,No_Feature,1.0,1
1051,7,5,Gd,TA,Gd,No_Feature,2.0,0
1052,7,5,Gd,TA,Gd,Gd,2.0,0
1053,6,6,TA,TA,TA,TA,2.0,1
1054,5,6,TA,TA,TA,Gd,1.0,1
1055,8,5,Gd,TA,Gd,Gd,3.5,0
1056,6,5,TA,TA,TA,TA,2.5,0
1057,7,5,Gd,TA,Gd,Gd,3.0,0
1058,7,6,Gd,TA,Gd,Gd,2.5,0
1059,9,5,Ex,TA,Ex,Gd,3.5,0
1060,6,7,TA,TA,TA,Gd,1.5,1
1061,8,5,Gd,TA,Gd,No_Feature,3.0,0
1062,3,4,Fa,TA,TA,No_Feature,1.0,1
1063,5,5,TA,TA,TA,No_Feature,2.0,1
1064,6,6,TA,Gd,Gd,Gd,1.0,1
1065,5,6,TA,TA,TA,Po,1.5,0
1066,7,5,Gd,TA,Gd,No_Feature,3.5,1
1067,6,7,Gd,TA,TA,TA,2.5,1
1068,6,6,TA,TA,TA,No_Feature,2.5,0
1069,6,4,TA,TA,TA,Gd,3.5,0
1070,5,7,TA,TA,Gd,No_Feature,1.5,1
1071,5,5,TA,TA,TA,No_Feature,2.0,0
1072,6,6,TA,TA,TA,No_Feature,1.5,0
1073,5,3,TA,TA,TA,TA,2.5,1
1074,6,6,TA,TA,TA,No_Feature,1.5,0
1075,7,5,Gd,TA,Gd,No_Feature,2.0,0
1076,7,6,TA,TA,TA,Gd,1.5,1
1077,5,8,TA,TA,Gd,TA,2.5,1
1078,5,5,TA,TA,TA,No_Feature,2.0,0
1079,6,5,Gd,TA,Gd,Gd,2.0,0
1080,5,5,TA,TA,TA,No_Feature,1.0,0
1081,6,7,Gd,Gd,Gd,No_Feature,2.5,1
1082,5,5,TA,TA,TA,No_Feature,2.5,0
1083,7,5,Gd,TA,Gd,Gd,2.0,0
1084,6,6,TA,TA,TA,Gd,2.0,0
1085,6,5,TA,TA,TA,TA,2.5,1
1086,6,6,TA,TA,Gd,No_Feature,2.0,0
1087,4,5,TA,TA,TA,No_Feature,1.5,0
1088,8,5,Gd,TA,Gd,Gd,2.5,1
1089,7,5,Gd,TA,Gd,No_Feature,2.0,0
1090,8,5,Gd,TA,Gd,Gd,2.5,0
1091,3,4,TA,TA,TA,No_Feature,2.0,0
1092,7,5,Gd,TA,Gd,No_Feature,3.5,1
1093,6,5,TA,TA,TA,Gd,2.0,1
1094,5,8,TA,TA,Gd,No_Feature,2.5,1
1095,5,7,TA,TA,TA,No_Feature,2.0,1
1096,6,5,Gd,TA,Gd,Gd,2.0,0
1097,6,7,TA,TA,Gd,No_Feature,1.5,1
1098,8,5,Gd,TA,Gd,No_Feature,1.5,0
1099,4,6,TA,TA,TA,No_Feature,1.0,1
1100,7,5,TA,TA,TA,TA,2.0,0
1101,2,5,TA,TA,Fa,No_Feature,1.0,1
1102,5,5,TA,TA,TA,No_Feature,1.0,0
1103,5,7,TA,TA,TA,No_Feature,1.0,1
1104,6,6,TA,TA,TA,Fa,1.5,0
1105,5,5,TA,TA,TA,No_Feature,2.5,0
1106,8,5,Gd,TA,Gd,TA,3.5,1
1107,7,5,Gd,TA,Gd,TA,3.0,1
1108,7,5,Gd,TA,Gd,Gd,2.5,0
1109,6,5,TA,TA,TA,TA,2.5,0
1110,8,5,Gd,TA,Gd,Gd,3.0,1
1111,6,5,TA,TA,TA,TA,3.5,1
1112,7,6,TA,TA,TA,Gd,2.5,0
1113,5,7,TA,TA,TA,No_Feature,2.0,0
1114,5,7,TA,TA,Gd,No_Feature,2.0,1
1115,5,7,TA,Gd,Gd,No_Feature,1.0,1
1116,8,5,Gd,TA,Ex,Gd,3.0,0
1117,8,5,Gd,TA,Gd,TA,3.5,0
1118,5,7,TA,TA,Gd,No_Feature,2.0,1
1119,5,6,TA,Gd,TA,No_Feature,1.5,1
1120,5,5,TA,TA,TA,No_Feature,1.0,0
1121,6,5,TA,TA,TA,Gd,1.0,1
1122,7,5,Gd,TA,Gd,No_Feature,2.0,1
1123,4,3,TA,TA,TA,No_Feature,1.0,0
1124,5,9,TA,Ex,TA,No_Feature,1.5,1
1125,7,5,TA,TA,Gd,TA,2.5,0
1126,4,5,TA,TA,Fa,TA,1.0,0
1127,7,5,Gd,TA,Gd,TA,2.0,0
1128,7,5,Gd,TA,Gd,Gd,3.0,0
1129,7,5,Gd,TA,Gd,Gd,2.5,1
1130,5,5,TA,TA,TA,No_Feature,2.0,0
1131,4,3,TA,TA,Gd,TA,3.0,1
1132,5,5,TA,TA,TA,No_Feature,1.0,1
1133,6,4,TA,TA,Fa,No_Feature,2.0,1
1134,8,5,Gd,TA,Gd,TA,2.5,0
1135,6,5,TA,TA,TA,TA,2.5,0
1136,6,5,TA,TA,TA,Gd,1.0,1
1137,6,5,TA,TA,TA,No_Feature,1.0,0
1138,5,8,TA,Gd,TA,No_Feature,1.0,1
1139,6,5,TA,TA,Gd,TA,3.0,0
1140,5,5,TA,Fa,TA,Gd,1.0,1
1141,5,7,TA,TA,TA,No_Feature,2.0,0
1142,5,7,TA,Gd,Gd,TA,3.5,0
1143,8,5,Gd,TA,Gd,TA,4.0,1
1144,5,3,TA,TA,TA,No_Feature,1.0,0
1145,4,4,TA,Fa,Fa,No_Feature,2.0,1
1146,5,6,TA,TA,TA,Gd,1.0,1
1147,6,5,Gd,TA,Gd,TA,3.0,0
1148,7,7,TA,TA,Fa,Gd,1.5,1
1149,7,7,TA,TA,TA,Gd,1.0,1
1150,7,9,TA,Gd,TA,No_Feature,1.5,1
1151,6,5,TA,TA,Gd,Gd,1.0,0
1152,5,4,TA,TA,Fa,Gd,1.5,0
1153,6,7,TA,TA,Ex,Gd,1.0,1
1154,6,8,Gd,Gd,TA,No_Feature,1.0,1
1155,7,6,TA,TA,Gd,Gd,2.0,1
1156,5,8,Gd,Gd,Gd,Fa,3.0,1
1157,5,8,TA,Gd,Gd,Gd,2.5,1
1158,7,5,Gd,TA,Gd,Gd,3.0,1
1159,8,5,Gd,TA,Gd,No_Feature,2.0,1
1160,6,6,Gd,TA,Gd,TA,2.5,0
1161,6,5,TA,TA,TA,TA,2.5,0
1162,6,7,Gd,TA,Gd,Gd,2.0,1
1163,5,5,TA,TA,TA,Po,1.0,0
1164,4,4,TA,TA,TA,No_Feature,3.0,0
1165,5,7,TA,TA,Gd,TA,2.5,0
1166,7,5,Gd,TA,Gd,No_Feature,2.0,0
1167,8,5,Gd,TA,Gd,No_Feature,2.0,0
1168,6,5,TA,TA,TA,TA,3.5,0
1169,6,7,TA,TA,Gd,TA,2.0,1
1170,10,5,Gd,Gd,Gd,TA,4.5,1
1171,6,6,TA,TA,TA,Po,2.0,0
1172,6,6,TA,TA,TA,TA,2.0,0
1173,7,5,Gd,TA,Gd,No_Feature,2.5,1
1174,5,6,TA,TA,Ex,Gd,3.0,1
1175,6,8,TA,TA,TA,Gd,2.5,1
1176,8,5,Gd,TA,Gd,TA,2.5,1
1177,5,5,TA,TA,TA,No_Feature,2.0,1
1178,6,8,TA,TA,TA,No_Feature,1.0,1
1179,5,6,TA,TA,TA,Gd,1.5,1
1180,5,5,TA,TA,TA,Gd,1.0,0
1181,7,5,TA,TA,TA,No_Feature,2.5,1
1182,8,5,Ex,TA,Gd,Gd,3.5,0
1183,10,5,Gd,TA,Ex,TA,4.5,0
1184,5,6,TA,TA,TA,Gd,2.0,1
1185,5,4,TA,TA,TA,TA,2.5,0
1186,5,7,TA,Gd,TA,No_Feature,2.0,1
1187,3,5,TA,TA,TA,No_Feature,3.0,1
1188,8,5,Gd,TA,Gd,Fa,3.0,1
1189,7,5,Gd,TA,Gd,No_Feature,2.5,0
1190,7,5,TA,TA,Gd,TA,2.5,0
1191,4,4,TA,Gd,TA,TA,2.0,1
1192,8,5,Gd,TA,Gd,No_Feature,2.5,1
1193,5,8,TA,TA,Gd,No_Feature,1.0,1
1194,6,5,TA,TA,TA,No_Feature,3.0,0
1195,6,7,TA,TA,TA,No_Feature,1.5,0
1196,6,5,TA,TA,Gd,No_Feature,2.5,0
1197,7,5,Gd,TA,Gd,Gd,2.5,0
1198,7,6,TA,TA,TA,Gd,1.0,1
1199,7,5,Gd,TA,Gd,No_Feature,2.0,0
1200,4,5,TA,TA,TA,Po,1.5,1
1201,4,5,TA,TA,TA,No_Feature,1.0,0
1202,7,5,TA,TA,Gd,No_Feature,2.5,0
1203,5,8,TA,TA,TA,Fa,2.0,1
1204,7,5,Gd,TA,Gd,TA,2.0,1
1205,5,6,TA,TA,TA,No_Feature,2.5,0
1206,7,7,Gd,TA,Gd,TA,2.0,1
1207,4,4,TA,TA,TA,No_Feature,2.0,0
1208,6,5,Gd,TA,Gd,No_Feature,3.0,0
1209,5,7,TA,Gd,TA,No_Feature,2.0,1
1210,8,5,Gd,TA,Gd,Gd,3.0,0
1211,6,5,Gd,TA,Gd,TA,2.5,0
1212,8,7,Gd,TA,TA,No_Feature,2.0,1
1213,4,6,TA,TA,TA,No_Feature,2.0,1
1214,4,9,TA,Gd,TA,No_Feature,1.5,1
1215,5,5,TA,TA,TA,No_Feature,2.0,0
1216,5,5,TA,TA,TA,No_Feature,1.0,0
1217,6,5,TA,TA,TA,No_Feature,2.0,0
1218,8,5,Gd,TA,Gd,No_Feature,3.0,0
1219,4,5,TA,TA,TA,No_Feature,1.0,1
1220,6,5,TA,TA,TA,No_Feature,1.5,0
1221,5,5,TA,TA,TA,No_Feature,1.0,0
1222,5,5,TA,TA,TA,TA,1.0,0
1223,6,6,TA,TA,TA,Gd,2.0,1
1224,5,3,TA,TA,TA,No_Feature,2.0,0
1225,7,5,Gd,TA,Gd,Gd,3.5,1
1226,6,8,TA,Gd,TA,No_Feature,1.5,0
1227,6,5,Gd,TA,Gd,Gd,2.5,0
1228,5,8,TA,TA,Gd,No_Feature,2.0,1
1229,9,5,Ex,TA,Ex,Gd,2.5,0
1230,5,5,TA,TA,TA,No_Feature,2.0,0
1231,5,5,TA,TA,TA,TA,3.0,0
1232,5,6,TA,TA,TA,No_Feature,2.0,0
1233,4,5,TA,TA,TA,No_Feature,2.0,0
1234,5,5,TA,TA,TA,No_Feature,2.0,0
1235,5,6,TA,TA,TA,No_Feature,1.5,1
1236,5,5,TA,TA,TA,No_Feature,1.5,1
1237,7,5,Gd,TA,Gd,No_Feature,2.5,0
1238,7,5,Gd,TA,Gd,Gd,2.5,1
1239,6,5,Gd,TA,TA,No_Feature,1.5,0
1240,8,5,Gd,TA,Ex,Gd,2.0,0
1241,7,5,Gd,TA,Gd,No_Feature,3.5,0
1242,7,6,Gd,TA,Gd,No_Feature,2.0,0
1243,7,6,TA,TA,Gd,TA,3.0,0
1244,10,5,Ex,TA,Ex,Gd,3.5,0
1245,8,7,TA,TA,Gd,Gd,1.0,1
1246,6,7,TA,TA,TA,TA,3.5,1
1247,7,5,Gd,TA,Gd,No_Feature,2.5,1
1248,6,5,TA,TA,TA,No_Feature,2.0,0
1249,6,5,TA,TA,TA,Gd,1.5,1
1250,5,7,TA,TA,TA,No_Feature,1.0,0
1251,7,5,Gd,TA,Ex,TA,3.5,0
1252,7,5,Gd,TA,Gd,Gd,2.0,0
1253,5,6,TA,TA,TA,No_Feature,2.0,0
1254,7,7,Gd,TA,Gd,Gd,3.5,1
1255,7,5,Gd,TA,Gd,Gd,2.5,1
1256,6,6,TA,TA,TA,Gd,1.0,1
1257,8,5,Gd,TA,Gd,TA,3.0,0
1258,5,8,TA,TA,TA,No_Feature,1.0,1
1259,7,5,Gd,TA,Gd,No_Feature,3.0,0
1260,6,8,TA,TA,TA,No_Feature,2.5,0
1261,6,5,TA,TA,TA,TA,2.5,0
1262,5,6,TA,TA,TA,No_Feature,1.0,0
1263,4,5,TA,TA,TA,TA,2.0,1
1264,6,6,TA,TA,TA,Gd,1.0,1
1265,6,5,Gd,TA,Gd,No_Feature,3.0,1
1266,7,5,Gd,TA,Gd,No_Feature,3.5,0
1267,7,4,Fa,TA,TA,Gd,1.5,1
1268,9,5,Ex,TA,Ex,Gd,2.0,1
1269,8,9,TA,Gd,Gd,Gd,3.5,1
1270,5,5,TA,TA,TA,No_Feature,1.5,0
1271,7,6,Gd,TA,Gd,TA,2.5,0
1272,6,7,TA,TA,Gd,Gd,2.0,0
1273,5,6,TA,TA,TA,No_Feature,2.0,0
1274,6,7,TA,TA,Ex,Gd,2.0,1
1275,5,6,TA,TA,TA,Gd,2.0,1
1276,5,5,TA,TA,TA,No_Feature,2.0,1
1277,6,6,TA,TA,TA,TA,2.0,0
1278,6,5,TA,TA,TA,Gd,2.5,1
1279,8,5,Gd,TA,Gd,Gd,3.5,0
1280,4,4,TA,Gd,TA,No_Feature,1.0,1
1281,7,5,Gd,TA,Gd,No_Feature,3.0,0
1282,7,5,TA,TA,TA,TA,3.0,0
1283,5,7,TA,TA,Gd,No_Feature,2.0,1
1284,6,5,TA,TA,TA,No_Feature,3.0,0
1285,6,7,TA,TA,Gd,Gd,2.0,1
1286,6,6,TA,Fa,TA,Gd,1.0,1
1287,6,5,TA,TA,TA,Gd,2.5,0
1288,5,5,TA,Gd,TA,No_Feature,2.5,0
1289,8,5,Gd,TA,Ex,Ex,3.0,0
1290,8,5,Gd,TA,Ex,Gd,2.5,0
1291,5,7,TA,TA,TA,Gd,2.0,0
1292,5,7,TA,TA,TA,No_Feature,2.5,0
1293,5,4,TA,TA,TA,No_Feature,2.0,1
1294,7,5,TA,TA,TA,TA,2.5,0
1295,5,7,TA,TA,TA,No_Feature,2.0,1
1296,5,5,TA,TA,TA,No_Feature,2.5,0
1297,5,6,TA,Gd,TA,No_Feature,3.0,0
1298,6,5,TA,TA,TA,No_Feature,3.0,1
1299,10,5,Ex,TA,Ex,Gd,4.5,0
1300,5,7,TA,TA,Gd,No_Feature,2.5,1
1301,7,5,Gd,TA,Gd,TA,2.5,0
1302,6,7,TA,TA,Gd,Gd,1.0,1
1303,8,5,Gd,TA,Gd,TA,3.5,0
1304,7,5,Gd,TA,Gd,No_Feature,2.0,0
1305,7,5,Gd,TA,Gd,No_Feature,2.0,0
1306,9,5,Gd,TA,Ex,Ex,3.0,1
1307,7,5,Gd,TA,Gd,Gd,2.0,1
1308,5,5,TA,Gd,TA,No_Feature,2.0,1
1309,5,7,TA,TA,Gd,No_Feature,2.0,1
1310,6,5,TA,TA,Gd,No_Feature,3.0,0
1311,7,8,Gd,Gd,Ex,TA,3.0,1
1312,7,5,Gd,TA,Gd,No_Feature,3.0,1
1313,8,5,Gd,TA,Gd,Ex,2.5,0
1314,9,5,Gd,TA,Gd,TA,2.5,0
1315,4,6,TA,TA,TA,TA,2.0,0
1316,6,5,TA,TA,TA,Gd,2.5,0
1317,8,5,Gd,TA,Ex,Gd,3.0,0
1318,7,5,Gd,TA,Gd,Gd,2.0,1
1319,8,5,Gd,TA,Gd,TA,2.0,1
1320,4,5,TA,TA,TA,No_Feature,1.0,0
1321,6,3,TA,TA,TA,Gd,2.5,0
1322,3,6,TA,TA,TA,No_Feature,1.0,1
1323,7,5,Gd,TA,Gd,TA,3.5,0
1324,4,7,Fa,TA,Fa,No_Feature,1.0,1
1325,8,5,Gd,TA,Gd,Gd,2.0,1
1326,4,4,TA,TA,TA,No_Feature,1.0,1
1327,3,6,TA,TA,Gd,No_Feature,1.0,1
1328,5,9,Gd,Gd,Gd,Ex,1.5,1
1329,6,7,Gd,Gd,TA,TA,2.0,1
1330,7,5,TA,TA,TA,TA,2.5,0
1331,8,5,Gd,TA,Gd,Gd,2.0,0
1332,5,5,TA,TA,TA,No_Feature,1.0,0
1333,4,6,TA,TA,TA,Gd,2.0,1
1334,5,6,TA,TA,Gd,No_Feature,1.5,1
1335,5,6,TA,TA,TA,No_Feature,1.5,0
1336,6,5,TA,TA,TA,TA,2.5,0
1337,5,5,TA,TA,TA,No_Feature,2.0,0
1338,4,4,TA,TA,Fa,No_Feature,1.0,1
1339,7,5,Gd,TA,Gd,No_Feature,3.5,0
1340,5,7,TA,Gd,TA,No_Feature,1.0,0
1341,4,5,TA,TA,TA,No_Feature,1.0,0
1342,6,5,TA,TA,Gd,No_Feature,2.0,1
1343,8,5,Gd,TA,Gd,Gd,2.5,0
1344,6,6,TA,TA,TA,TA,1.5,1
1345,7,5,Gd,TA,Gd,TA,2.5,0
1346,4,4,TA,TA,Fa,No_Feature,1.0,1
1347,7,7,TA,TA,TA,Gd,2.0,1
1348,8,5,Gd,TA,Gd,Gd,3.0,1
1349,7,5,Gd,TA,Gd,Fa,3.0,0
1350,8,5,TA,Gd,TA,No_Feature,2.0,1
1351,5,5,TA,TA,TA,No_Feature,4.5,0
1352,6,6,TA,TA,TA,Gd,1.5,0
1353,6,9,Gd,TA,TA,No_Feature,1.0,1
1354,8,5,Gd,TA,Gd,Ex,3.5,1
1355,7,5,Gd,TA,Gd,TA,3.5,0
1356,7,6,TA,TA,Gd,TA,3.0,1
1357,5,5,TA,TA,TA,No_Feature,1.0,0
1358,5,6,TA,TA,TA,Fa,2.5,1
1359,6,5,Gd,TA,Gd,No_Feature,2.5,0
1360,9,5,Gd,TA,Ex,Gd,3.0,1
1361,5,6,TA,TA,TA,No_Feature,3.5,1
1362,7,5,Gd,TA,Gd,Gd,3.0,0
1363,4,4,TA,Gd,TA,Gd,2.0,1
1364,6,5,TA,TA,Gd,Gd,2.5,1
1365,7,5,Gd,TA,Gd,No_Feature,2.5,0
1366,7,5,Gd,TA,Gd,No_Feature,3.5,0
1367,7,5,Gd,TA,Gd,No_Feature,3.5,0
1368,5,6,TA,TA,TA,TA,2.0,0
1369,6,5,Gd,TA,Gd,No_Feature,2.0,1
1370,8,5,Gd,TA,Gd,TA,3.0,0
1371,4,6,Fa,TA,TA,No_Feature,1.0,1
1372,6,6,TA,TA,Gd,TA,2.0,1
1373,7,6,TA,TA,Gd,TA,3.5,0
1374,10,5,Ex,TA,Ex,Gd,3.5,1
1375,7,5,Gd,TA,Gd,Gd,2.5,0
1376,8,5,Gd,TA,Gd,Gd,2.0,0
1377,6,5,TA,TA,TA,No_Feature,1.0,1
1378,5,5,TA,TA,TA,No_Feature,2.0,1
1379,6,5,TA,TA,TA,No_Feature,1.5,0
1380,5,5,TA,TA,Gd,No_Feature,2.5,1
1381,3,3,TA,Fa,TA,No_Feature,2.0,1
1382,6,7,TA,TA,TA,Gd,2.5,0
1383,7,7,TA,TA,Gd,No_Feature,2.5,1
1384,5,7,TA,Gd,Gd,No_Feature,2.0,1
1385,6,5,TA,TA,TA,No_Feature,1.0,1
1386,4,8,TA,Gd,Gd,No_Feature,2.0,1
1387,7,5,TA,TA,Gd,TA,4.5,0
1388,6,7,TA,Gd,Gd,Gd,2.0,1
1389,9,5,Ex,TA,Ex,Gd,3.0,1
1390,6,6,TA,Gd,TA,Gd,1.5,1
1391,7,5,Gd,TA,Gd,No_Feature,3.0,0
1392,5,5,TA,TA,TA,No_Feature,2.0,0
1393,5,5,TA,TA,TA,Po,2.0,0
1394,6,7,TA,TA,TA,TA,2.0,1
1395,7,5,Gd,TA,Gd,Gd,3.0,0
1396,8,5,Gd,TA,Gd,Gd,2.5,1
1397,5,5,TA,TA,TA,TA,2.0,1
1398,5,8,TA,TA,TA,No_Feature,1.5,1
1399,5,4,TA,TA,TA,No_Feature,2.5,1
1400,6,6,TA,TA,Gd,Gd,2.5,1
1401,6,7,TA,TA,TA,Gd,1.0,1
1402,6,5,TA,TA,TA,TA,3.5,0
1403,7,5,Gd,TA,Gd,Gd,2.0,0
1404,8,5,Gd,TA,Gd,No_Feature,3.0,0
1405,3,4,TA,TA,TA,No_Feature,1.0,1
1406,8,5,Gd,TA,Gd,Gd,3.5,1
1407,5,7,TA,TA,TA,No_Feature,2.0,1
1408,5,5,TA,TA,TA,No_Feature,2.0,0
1409,4,7,TA,TA,TA,No_Feature,1.0,1
1410,7,6,TA,Gd,TA,TA,2.5,1
1411,7,5,Gd,TA,Gd,No_Feature,3.5,0
1412,6,8,TA,Gd,TA,No_Feature,1.5,1
1413,4,5,TA,TA,TA,No_Feature,2.0,1
1414,8,5,Gd,TA,Gd,Gd,3.0,1
1415,6,7,TA,TA,Gd,Gd,1.5,1
1416,7,5,Gd,TA,Gd,TA,2.5,0
1417,4,6,TA,TA,TA,No_Feature,2.0,1
1418,8,5,Gd,TA,Gd,TA,3.5,0
1419,5,5,TA,TA,TA,No_Feature,2.5,0
1420,6,5,Gd,Gd,Gd,TA,3.0,0
1421,6,6,TA,TA,TA,TA,2.5,0
1422,6,5,TA,TA,TA,Fa,2.0,0
1423,6,5,Gd,TA,Gd,No_Feature,2.0,0
1424,6,7,Gd,Gd,Gd,Gd,2.0,0
1425,5,5,TA,TA,TA,TA,2.0,1
1426,6,6,Gd,TA,Gd,No_Feature,1.0,0
1427,7,5,Gd,TA,Gd,TA,3.5,0
1428,5,6,TA,TA,TA,TA,2.5,1
1429,5,7,TA,Gd,Gd,Gd,2.0,1
1430,6,7,Gd,Gd,Gd,TA,2.0,0
1431,5,5,Gd,TA,TA,Gd,2.5,0
1432,6,6,TA,TA,TA,No_Feature,2.0,0
1433,4,6,TA,TA,TA,No_Feature,2.0,1
1434,6,5,TA,TA,TA,TA,3.5,0
1435,5,5,TA,TA,TA,Gd,3.0,0
1436,6,9,Gd,Gd,Gd,Gd,2.5,1
1437,4,6,TA,TA,TA,No_Feature,1.0,0
1438,8,5,Ex,TA,Ex,Gd,3.0,0
1439,6,7,TA,TA,TA,No_Feature,2.0,1
1440,7,6,TA,TA,TA,TA,2.5,0
1441,6,7,TA,TA,TA,Gd,2.0,1
1442,6,5,Gd,TA,Gd,TA,2.0,0
1443,10,5,Ex,TA,Ex,Ex,3.5,0
1444,6,6,TA,TA,Fa,Gd,1.0,1
1445,7,5,Gd,TA,Gd,No_Feature,2.0,0
1446,6,5,TA,TA,TA,No_Feature,2.0,0
1447,5,7,TA,TA,TA,No_Feature,1.0,0
1448,8,5,Gd,TA,Gd,TA,3.5,1
1449,4,7,TA,TA,TA,No_Feature,1.5,1
1450,5,7,TA,TA,Ex,No_Feature,2.0,0
1451,5,5,TA,TA,TA,No_Feature,3.0,0
1452,8,5,Gd,TA,Ex,Gd,2.0,1
1453,5,5,TA,TA,TA,No_Feature,2.0,0
1454,5,5,TA,TA,TA,No_Feature,1.0,0
1455,7,5,Gd,TA,Gd,No_Feature,3.0,1
1456,6,5,TA,TA,TA,TA,2.5,1
1457,6,6,TA,TA,TA,TA,3.0,1
1458,7,9,Ex,Gd,Gd,Gd,2.0,1
1459,5,6,TA,TA,Gd,No_Feature,2.0,1
1460,5,6,Gd,TA,TA,No_Feature,2.5,0
