Property_ID,TotalBsmtSF,BsmtFinSF1,BsmtFinSF2,BsmtUnfSF,BsmtFullBath,BsmtHalfBath,BsmtQual,BsmtCond,BsmtExposure,BsmtFinType1,BsmtFinType2
1,856,706,0,150,1,0,Gd,TA,No,GLQ,Unf
2,1262,978,0,284,0,1,Gd,TA,Gd,ALQ,Unf
3,920,486,0,434,1,0,Gd,TA,Mn,GLQ,Unf
4,756,216,0,540,1,0,TA,Gd,No,ALQ,Unf
5,1145,655,0,490,1,0,Gd,TA,Av,GLQ,Unf
6,796,732,0,64,1,0,Gd,TA,No,GLQ,Unf
7,1686,1369,0,317,1,0,Ex,TA,Av,GLQ,Unf
8,1107,859,32,216,1,0,Gd,TA,Mn,ALQ,BLQ
9,952,0,0,952,0,0,TA,TA,No,Unf,Unf
10,991,851,0,140,1,0,TA,TA,No,GLQ,Unf
11,1040,906,0,134,1,0,TA,TA,No,Rec,Unf
12,1175,998,0,177,1,0,Ex,TA,No,GLQ,Unf
13,912,737,0,175,1,0,TA,TA,No,ALQ,Unf
14,1494,0,0,1494,0,0,Gd,TA,Av,Unf,Unf
15,1253,733,0,520,1,0,TA,TA,No,BLQ,Unf
16,832,0,0,832,0,0,TA,TA,No,Unf,Unf
17,1004,578,0,426,1,0,TA,TA,No,ALQ,Unf
18,0,0,0,0,0,0,No_Feature,No_Feature,No_Feature,No_Feature,No_Feature
19,1114,646,0,468,1,0,TA,TA,No,GLQ,Unf
20,1029,504,0,525,0,0,TA,TA,No,LwQ,Unf
21,1158,0,0,1158,0,0,Ex,TA,Av,Unf,Unf
22,637,0,0,637,0,0,TA,TA,No,Unf,Unf
23,1777,0,0,1777,0,0,Gd,TA,No,Unf,Unf
24,1040,840,0,200,1,0,Gd,TA,No,GLQ,Unf
25,1060,188,668,204,1,0,TA,TA,Mn,Rec,ALQ
26,1566,0,0,1566,0,0,Gd,TA,No,Unf,Unf
27,900,234,486,180,0,1,TA,TA,Mn,BLQ,Rec
28,1704,1218,0,486,1,0,Ex,TA,No,GLQ,Unf
29,1484,1277,0,207,1,0,TA,TA,Gd,BLQ,Unf
30,520,0,0,520,0,0,TA,TA,No,Unf,Unf
31,649,0,0,649,0,0,TA,TA,No,Unf,Unf
32,1228,0,0,1228,0,0,TA,TA,No,Unf,Unf
33,1234,0,0,1234,0,0,Ex,TA,Av,Unf,Unf
34,1398,1018,0,380,0,1,TA,TA,No,Rec,Unf
35,1561,1153,0,408,1,0,Ex,TA,No,GLQ,Unf
36,1117,0,0,1117,0,0,Ex,TA,Av,Unf,Unf
37,1097,0,0,1097,0,0,Gd,TA,No,Unf,Unf
38,1297,1213,0,84,0,1,TA,TA,No,Rec,Unf
39,1057,731,0,326,1,0,TA,TA,No,GLQ,Unf
40,0,0,0,0,0,0,No_Feature,No_Feature,No_Feature,No_Feature,No_Feature
41,1088,643,0,445,0,0,TA,TA,No,Rec,Unf
42,1350,967,0,383,0,1,TA,TA,Gd,BLQ,Unf
43,840,747,93,0,1,0,Gd,TA,Av,ALQ,LwQ
44,938,280,491,167,1,0,Gd,TA,Av,LwQ,BLQ
45,1150,179,506,465,1,0,TA,TA,No,ALQ,BLQ
46,1752,456,0,1296,1,0,Ex,TA,No,GLQ,Unf
47,1434,1351,0,83,1,0,Ex,TA,No,GLQ,Unf
48,1656,24,0,1632,0,0,Gd,TA,Av,GLQ,Unf
49,736,0,0,736,0,0,TA,TA,No,Unf,Unf
50,955,763,0,192,1,0,TA,TA,No,BLQ,Unf
51,794,182,0,612,0,1,Gd,TA,Av,GLQ,Unf
52,816,0,0,816,0,0,TA,TA,No,Unf,Unf
53,816,104,712,0,1,0,Gd,TA,Gd,LwQ,GLQ
54,1842,1810,0,32,2,0,Ex,TA,Gd,GLQ,Unf
55,384,384,0,0,0,0,TA,TA,No,ALQ,Unf
56,1425,490,0,935,0,0,TA,TA,No,BLQ,Unf
57,970,649,0,321,1,0,Gd,TA,No,GLQ,Unf
58,860,0,0,860,0,0,Gd,TA,No,Unf,Unf
59,1410,0,0,1410,0,0,Ex,TA,Gd,Unf,Unf
60,780,632,0,148,0,0,TA,TA,Av,ALQ,Unf
61,1158,941,0,217,1,0,Gd,TA,No,ALQ,Unf
62,530,0,0,530,0,0,TA,Fa,No,Unf,Unf
63,1370,24,0,1346,0,0,Gd,Gd,Mn,GLQ,Unf
64,576,0,0,576,0,0,TA,TA,No,Unf,Unf
65,1057,739,0,318,1,0,Gd,TA,No,GLQ,Unf
66,1143,0,0,1143,0,0,Ex,TA,Av,Unf,Unf
67,1947,912,0,1035,1,0,Gd,TA,Gd,GLQ,Unf
68,1453,1013,0,440,1,0,Gd,TA,Av,GLQ,Unf
69,747,0,0,747,0,0,TA,TA,No,Unf,Unf
70,1304,603,0,701,0,0,TA,TA,No,BLQ,Unf
71,2223,1880,0,343,1,0,Gd,TA,Gd,ALQ,Unf
72,845,565,0,280,1,0,TA,TA,No,ALQ,Unf
73,832,0,0,832,0,0,Gd,TA,No,Unf,Unf
74,1086,320,362,404,1,0,TA,TA,No,ALQ,BLQ
75,840,0,0,840,0,0,Fa,TA,No,Unf,Unf
76,462,462,0,0,1,0,Gd,TA,Gd,GLQ,Unf
77,952,228,0,724,0,0,TA,TA,No,ALQ,Unf
78,672,336,41,295,1,0,TA,TA,No,BLQ,GLQ
79,1768,0,0,1768,0,0,TA,TA,No,Unf,Unf
80,440,0,0,440,0,0,TA,TA,No,Unf,Unf
81,896,448,0,448,0,0,Gd,TA,No,Rec,Unf
82,1237,1201,0,36,1,0,Ex,Gd,No,GLQ,Unf
83,1563,33,0,1530,0,0,Gd,TA,No,GLQ,Unf
84,1065,0,0,1065,0,0,TA,TA,No,Unf,Unf
85,384,0,0,384,0,0,Gd,TA,No,Unf,Unf
86,1288,0,0,1288,0,0,Gd,TA,No,Unf,Unf
87,684,0,0,684,0,0,Gd,TA,Av,Unf,Unf
88,612,0,0,612,0,0,Gd,TA,Av,Unf,Unf
89,1013,0,0,1013,0,0,TA,Fa,No,Unf,Unf
90,990,588,0,402,1,0,Gd,TA,No,GLQ,Unf
91,0,0,0,0,0,0,No_Feature,No_Feature,No_Feature,No_Feature,No_Feature
92,1235,600,0,635,0,0,TA,TA,No,Rec,Unf
93,876,713,0,163,1,0,Gd,TA,No,ALQ,Unf
94,1214,1046,0,168,0,1,TA,Fa,Mn,Rec,Unf
95,824,648,0,176,1,0,Gd,TA,No,GLQ,Unf
96,680,310,0,370,0,0,Gd,Gd,No,ALQ,Unf
97,1588,1162,0,426,0,0,Gd,TA,Av,ALQ,Unf
98,960,520,0,440,1,0,TA,TA,No,Rec,Unf
99,458,108,0,350,0,0,TA,TA,No,ALQ,Unf
100,950,569,0,381,1,0,TA,TA,No,ALQ,Unf
101,1610,1200,0,410,1,0,TA,TA,Mn,ALQ,Unf
102,741,0,0,741,0,0,Gd,TA,No,Unf,Unf
103,0,0,0,0,0,0,No_Feature,No_Feature,No_Feature,No_Feature,No_Feature
104,1226,0,0,1226,0,0,Gd,TA,No,Unf,Unf
105,1040,224,0,816,0,0,TA,TA,No,LwQ,Unf
106,1053,0,0,1053,0,0,Ex,TA,No,Unf,Unf
107,641,0,0,641,0,0,Fa,TA,No,Unf,Unf
108,789,104,169,516,0,0,TA,TA,No,ALQ,BLQ
109,793,0,0,793,0,0,TA,TA,No,Unf,Unf
110,1844,705,0,1139,0,0,Gd,TA,No,BLQ,Unf
111,994,444,0,550,0,0,TA,Fa,No,Rec,Unf
112,384,250,0,134,0,0,Gd,TA,No,GLQ,Unf
113,1264,984,0,280,1,0,Ex,TA,Av,GLQ,Unf
114,1809,35,869,905,1,0,Gd,TA,Mn,ALQ,Rec
115,1028,774,150,104,1,0,TA,TA,No,ALQ,LwQ
116,729,419,0,310,0,0,Gd,TA,No,GLQ,Unf
117,1092,170,670,252,0,1,TA,TA,No,LwQ,BLQ
118,1125,0,0,1125,0,0,Gd,TA,No,Unf,Unf
119,1673,1470,0,203,1,0,Gd,TA,Mn,GLQ,Unf
120,728,0,0,728,0,0,Gd,TA,No,Unf,Unf
121,938,938,0,0,1,0,TA,TA,Gd,ALQ,Unf
122,732,0,0,732,0,0,TA,TA,No,Unf,Unf
123,1080,570,0,510,0,0,TA,TA,No,BLQ,Unf
124,1199,300,0,899,0,0,Gd,TA,No,GLQ,Unf
125,1362,0,0,1362,0,0,Gd,Fa,No,Unf,Unf
126,520,490,0,30,1,0,TA,TA,Av,GLQ,Unf
127,1078,120,0,958,0,0,Gd,TA,No,ALQ,Unf
128,672,116,0,556,0,0,TA,TA,No,LwQ,Unf
129,660,512,0,148,0,0,TA,TA,No,BLQ,Unf
130,1008,567,28,413,0,1,TA,TA,No,Rec,BLQ
131,924,445,0,479,0,0,TA,TA,No,Rec,Unf
132,992,695,0,297,1,0,Gd,TA,No,GLQ,Unf
133,1063,405,0,658,1,0,TA,TA,No,Rec,Unf
134,1267,1005,0,262,1,0,Ex,TA,No,GLQ,Unf
135,1461,570,0,891,0,0,TA,TA,No,Rec,Unf
136,1304,0,0,1304,0,0,TA,TA,No,Unf,Unf
137,1214,695,0,519,0,0,TA,TA,No,BLQ,Unf
138,1907,0,0,1907,0,0,TA,TA,No,Unf,Unf
139,1004,668,0,336,0,0,Gd,TA,Mn,GLQ,Unf
140,928,821,0,107,1,0,Gd,TA,No,GLQ,Unf
141,864,432,0,432,0,0,TA,TA,No,ALQ,Unf
142,1734,1300,0,434,1,0,Gd,TA,Av,GLQ,Unf
143,910,507,0,403,0,0,TA,TA,No,Rec,Unf
144,1490,679,0,811,1,0,Gd,TA,Gd,GLQ,Unf
145,1728,1332,0,396,1,0,TA,TA,No,Rec,Unf
146,970,0,0,970,0,0,Gd,TA,No,Unf,Unf
147,715,209,0,506,1,0,TA,TA,No,BLQ,Unf
148,884,0,0,884,0,0,Gd,TA,No,Unf,Unf
149,1080,680,0,400,1,0,Gd,TA,No,GLQ,Unf
150,896,0,0,896,0,0,Gd,TA,No,Unf,Unf
151,969,716,0,253,0,0,TA,TA,Av,BLQ,Unf
152,1710,1400,0,310,1,0,Ex,TA,Gd,GLQ,Unf
153,825,416,0,409,0,0,TA,TA,No,Rec,Unf
154,1602,429,1080,93,1,0,Gd,TA,Gd,BLQ,ALQ
155,1200,0,0,1200,0,0,TA,TA,No,Unf,Unf
156,572,0,0,572,0,0,TA,TA,No,Unf,Unf
157,0,0,0,0,0,0,No_Feature,No_Feature,No_Feature,No_Feature,No_Feature
158,774,0,0,774,0,0,Ex,TA,No,Unf,Unf
159,991,222,0,769,0,0,Gd,TA,No,GLQ,Unf
160,1392,57,0,1335,1,0,Gd,TA,Mn,GLQ,Unf
161,1232,660,0,572,0,0,Gd,TA,No,BLQ,Unf
162,1572,1016,0,556,1,0,Ex,TA,Av,GLQ,Unf
163,1541,1201,0,340,0,0,Gd,TA,Mn,BLQ,Unf
164,882,0,0,882,0,0,TA,TA,No,Unf,Unf
165,1149,370,0,779,0,0,TA,TA,Mn,LwQ,Unf
166,644,351,181,112,1,0,TA,TA,No,ALQ,Rec
167,1617,379,768,470,1,0,TA,TA,No,LwQ,BLQ
168,1582,1288,0,294,1,0,Ex,TA,No,GLQ,Unf
169,840,0,0,840,0,0,Gd,TA,No,Unf,Unf
170,1686,0,0,1686,0,0,Gd,TA,No,Unf,Unf
171,720,360,0,360,0,0,TA,TA,No,Rec,Unf
172,1080,639,0,441,1,0,TA,Gd,Gd,BLQ,Unf
173,1064,495,215,354,1,0,Gd,Gd,No,GLQ,Rec
174,1362,288,374,700,1,0,TA,TA,No,ALQ,Rec
175,1606,1398,208,0,1,0,Gd,Fa,No,ALQ,LwQ
176,1202,477,0,725,1,0,TA,Gd,Av,ALQ,Unf
177,1151,831,0,320,0,1,Gd,TA,No,GLQ,Unf
178,1052,57,441,554,1,0,TA,TA,No,ALQ,BLQ
179,2216,1904,0,312,1,0,Ex,TA,No,GLQ,Unf
180,968,0,0,968,0,0,TA,TA,No,Unf,Unf
181,756,436,0,320,0,0,Gd,TA,No,GLQ,Unf
182,793,352,0,441,0,0,Fa,TA,No,LwQ,Unf
183,0,0,0,0,0,0,No_Feature,No_Feature,No_Feature,No_Feature,No_Feature
184,1362,0,0,1362,0,0,Gd,TA,No,Unf,Unf
185,504,0,0,504,0,0,Fa,TA,No,Unf,Unf
186,1107,0,0,1107,0,0,TA,TA,Mn,Unf,Unf
187,1188,611,0,577,1,0,Gd,TA,Av,GLQ,Unf
188,660,0,0,660,0,0,Fa,TA,No,Unf,Unf
189,1086,1086,0,0,2,0,Gd,TA,Av,GLQ,Unf
190,1593,1153,0,440,1,0,Ex,TA,Av,GLQ,Unf
191,853,297,0,556,0,0,Gd,Gd,No,Rec,Unf
192,725,626,0,99,1,0,TA,TA,No,ALQ,Unf
193,1431,560,0,871,1,0,Gd,TA,Av,GLQ,Unf
194,970,0,0,970,0,0,Gd,TA,No,Unf,Unf
195,864,390,0,474,0,0,TA,TA,Av,ALQ,Unf
196,855,566,0,289,0,0,Gd,TA,No,ALQ,Unf
197,1726,1126,0,600,1,0,Ex,TA,No,GLQ,Unf
198,1360,1036,184,140,1,1,TA,TA,No,GLQ,LwQ
199,755,0,0,755,0,0,TA,TA,No,Unf,Unf
200,1713,1088,0,625,1,0,Ex,TA,Av,GLQ,Unf
201,1121,0,0,1121,0,0,Gd,TA,No,Unf,Unf
202,1196,641,279,276,0,1,TA,TA,No,ALQ,LwQ
203,617,617,0,0,0,0,Fa,TA,No,LwQ,Unf
204,848,662,0,186,1,0,Gd,TA,Av,GLQ,Unf
205,720,312,0,408,0,0,TA,TA,No,LwQ,Unf
206,1424,0,0,1424,0,0,Gd,TA,No,Unf,Unf
207,1140,0,0,1140,0,0,TA,TA,No,Unf,Unf
208,1100,419,306,375,1,0,TA,TA,No,ALQ,Rec
209,1157,1065,0,92,1,0,Gd,TA,Gd,GLQ,Unf
210,1092,787,0,305,1,0,Gd,TA,No,Rec,Unf
211,864,468,0,396,1,0,TA,TA,No,Rec,Unf
212,1212,36,0,1176,0,0,Gd,TA,Mn,GLQ,Unf
213,900,822,0,78,1,0,Gd,TA,No,GLQ,Unf
214,990,716,0,274,0,1,Gd,TA,No,ALQ,Unf
215,689,378,0,311,0,0,Gd,TA,No,GLQ,Unf
216,1070,360,0,710,0,1,TA,TA,No,BLQ,Unf
217,1436,946,0,490,1,0,Gd,TA,Mn,GLQ,Unf
218,686,0,0,686,0,0,TA,TA,No,Unf,Unf
219,798,341,0,457,0,1,TA,TA,No,BLQ,Unf
220,1248,16,0,1232,0,0,Gd,TA,Av,GLQ,Unf
221,1498,0,0,1498,0,0,Gd,TA,Mn,Unf,Unf
222,1010,0,0,1010,0,0,Gd,TA,No,Unf,Unf
223,713,550,0,163,1,0,Gd,TA,No,ALQ,Unf
224,864,524,180,160,0,0,TA,TA,No,ALQ,LwQ
225,2392,56,0,2336,0,0,Ex,TA,Gd,GLQ,Unf
226,630,0,0,630,0,0,TA,TA,No,Unf,Unf
227,1203,565,0,638,0,0,Gd,TA,No,GLQ,Unf
228,483,321,0,162,0,0,TA,TA,No,Rec,Unf
229,912,842,0,70,0,0,TA,TA,No,ALQ,Unf
230,1373,16,0,1357,0,0,Gd,TA,Av,GLQ,Unf
231,1194,0,0,1194,1,0,TA,TA,No,Unf,Unf
232,1462,689,0,773,1,0,Gd,TA,No,GLQ,Unf
233,483,0,0,483,0,0,TA,TA,No,Unf,Unf
234,894,182,712,0,1,0,TA,Gd,Av,LwQ,ALQ
235,860,625,0,235,1,0,Gd,TA,No,GLQ,Unf
236,483,358,0,125,0,0,TA,TA,No,ALQ,Unf
237,1414,24,0,1390,0,0,Gd,TA,Av,GLQ,Unf
238,996,402,0,594,0,0,Gd,TA,No,BLQ,Unf
239,1694,0,0,1694,0,0,Ex,TA,No,Unf,Unf
240,735,94,0,641,0,0,TA,Fa,No,LwQ,Unf
241,1566,1078,0,488,1,0,Gd,TA,Av,GLQ,Unf
242,686,329,0,357,0,0,TA,TA,No,ALQ,Unf
243,540,0,0,540,0,0,TA,TA,No,Unf,Unf
244,626,0,0,626,0,0,Gd,TA,No,Unf,Unf
245,948,695,0,253,1,0,Gd,TA,No,GLQ,Unf
246,1845,929,0,916,0,1,Gd,TA,Av,GLQ,Unf
247,1020,0,0,1020,0,0,Fa,TA,No,Unf,Unf
248,1367,0,0,1367,0,0,TA,TA,No,Unf,Unf
249,840,0,0,840,0,0,Gd,TA,No,Unf,Unf
250,1444,697,0,747,0,1,Gd,TA,Gd,Rec,Unf
251,728,0,0,728,0,0,TA,TA,No,Unf,Unf
252,1573,1573,0,0,1,1,Gd,TA,Gd,GLQ,Unf
253,798,0,0,798,0,0,Gd,TA,No,Unf,Unf
254,1302,270,580,452,0,1,Gd,TA,Gd,LwQ,ALQ
255,1314,922,0,392,1,0,TA,TA,No,Rec,Unf
256,975,0,0,975,0,0,Gd,TA,No,Unf,Unf
257,864,503,0,361,0,0,Gd,TA,No,Rec,Unf
258,1604,1334,0,270,1,0,Gd,TA,No,GLQ,Unf
259,963,361,0,602,0,0,Gd,TA,No,GLQ,Unf
260,0,0,0,0,0,0,No_Feature,No_Feature,No_Feature,No_Feature,No_Feature
261,1362,672,690,0,1,0,TA,TA,Gd,Rec,ALQ
262,1482,0,0,1482,0,0,Ex,TA,No,Unf,Unf
263,506,506,0,0,1,0,Gd,Gd,Av,ALQ,Unf
264,926,234,692,0,1,0,TA,TA,No,LwQ,ALQ
265,680,0,0,680,0,0,Fa,TA,No,Unf,Unf
266,1422,588,228,606,0,0,Gd,TA,No,GLQ,LwQ
267,802,714,0,88,1,0,Gd,TA,Av,GLQ,Unf
268,720,378,0,342,0,0,TA,TA,No,LwQ,Unf
269,740,403,125,212,0,0,TA,TA,No,ALQ,Rec
270,1143,751,0,392,1,0,TA,Gd,No,BLQ,Unf
271,1095,0,0,1095,0,0,Gd,TA,Mn,Unf,Unf
272,1385,226,1063,96,1,0,Gd,TA,Gd,LwQ,GLQ
273,1152,524,0,628,0,0,Gd,TA,No,GLQ,Unf
274,1240,620,620,0,1,0,TA,TA,No,Rec,LwQ
275,816,546,0,270,0,0,TA,TA,Gd,ALQ,Unf
276,952,0,0,952,0,0,TA,TA,No,Unf,Unf
277,1560,0,0,1560,0,0,Ex,TA,No,Unf,Unf
278,864,120,0,744,0,0,TA,TA,No,LwQ,Unf
279,2121,0,0,2121,0,0,Ex,TA,Gd,Unf,Unf
280,1160,392,0,768,0,0,Gd,TA,No,BLQ,Unf
281,807,421,0,386,0,0,Gd,TA,Av,GLQ,Unf
282,1262,905,0,357,0,0,Gd,TA,No,GLQ,Unf
283,1314,904,0,410,1,0,Gd,TA,No,GLQ,Unf
284,1468,0,0,1468,0,0,Gd,TA,No,Unf,Unf
285,1575,430,0,1145,1,0,Gd,TA,No,GLQ,Unf
286,625,0,0,625,0,0,Gd,TA,No,Unf,Unf
287,912,600,0,312,0,0,TA,TA,No,Rec,Unf
288,858,614,0,244,0,0,TA,TA,No,BLQ,Unf
289,882,450,0,432,0,0,TA,TA,No,BLQ,Unf
290,698,0,0,698,0,0,TA,TA,No,Unf,Unf
291,1079,0,0,1079,0,0,Gd,TA,Av,Unf,Unf
292,780,210,0,570,1,0,TA,Fa,No,Rec,Unf
293,768,292,0,476,0,0,TA,TA,No,LwQ,Unf
294,795,795,0,0,1,0,TA,TA,No,ALQ,Unf
295,1416,1285,0,131,1,0,TA,TA,No,GLQ,Unf
296,1003,819,0,184,1,0,TA,TA,Av,GLQ,Unf
297,910,420,0,490,0,0,TA,TA,No,BLQ,Unf
298,975,649,0,326,0,0,Gd,TA,No,BLQ,Unf
299,702,384,175,143,0,1,TA,TA,No,ALQ,Rec
300,1092,0,0,1092,0,1,TA,TA,No,Unf,Unf
301,1165,841,0,324,1,0,TA,TA,Mn,BLQ,Unf
302,1028,281,0,747,0,0,Gd,TA,No,GLQ,Unf
303,1541,0,0,1541,0,0,Gd,TA,No,Unf,Unf
304,894,894,0,0,1,0,TA,TA,No,ALQ,Unf
305,1470,0,0,1470,0,0,TA,TA,No,Unf,Unf
306,2000,1464,0,536,1,0,Gd,TA,No,GLQ,Unf
307,700,700,0,0,1,0,Gd,TA,No,ALQ,Unf
308,319,0,0,319,0,0,TA,TA,No,Unf,Unf
309,861,262,0,599,0,0,TA,TA,No,BLQ,Unf
310,1896,1274,0,622,1,0,Ex,TA,Gd,GLQ,Unf
311,697,518,0,179,0,0,Gd,TA,No,ALQ,Unf
312,972,680,0,292,1,0,TA,TA,No,ALQ,Unf
313,793,507,0,286,1,0,Gd,TA,Mn,Rec,Unf
314,2136,1236,820,80,2,0,Gd,TA,Gd,ALQ,Rec
315,728,16,0,712,0,1,TA,Gd,No,LwQ,Unf
316,716,425,0,291,1,0,Gd,TA,No,GLQ,Unf
317,845,692,0,153,1,0,Gd,TA,No,GLQ,Unf
318,1088,0,0,1088,0,0,Gd,TA,Av,Unf,Unf
319,1347,987,0,360,1,0,Gd,TA,Gd,GLQ,Unf
320,1372,1036,0,336,1,0,Gd,TA,Av,GLQ,Unf
321,1249,0,0,1249,0,0,Ex,Gd,Av,Unf,Unf
322,1136,970,0,166,1,0,Ex,TA,Av,GLQ,Unf
323,1502,28,1474,0,1,0,TA,TA,Gd,LwQ,ALQ
324,1162,256,0,906,1,0,TA,TA,No,ALQ,Unf
325,710,0,0,710,0,0,Gd,TA,No,Unf,Unf
326,720,116,0,604,0,0,TA,TA,Av,BLQ,Unf
327,1719,1619,0,100,2,0,Gd,TA,Gd,GLQ,Unf
328,1383,565,0,818,0,0,TA,TA,No,Rec,Unf
329,844,0,0,844,0,0,TA,TA,No,Unf,Unf
330,596,0,0,596,0,0,TA,TA,Mn,Unf,Unf
331,1728,40,264,1424,0,1,TA,TA,No,GLQ,Rec
332,1056,846,0,210,1,0,TA,TA,No,Rec,Unf
333,3206,1124,479,1603,1,0,Gd,TA,No,GLQ,No_Feature
334,1358,720,0,638,1,0,Gd,TA,Av,GLQ,Unf
335,943,828,0,115,1,0,Gd,TA,Gd,GLQ,Unf
336,1499,1249,147,103,2,0,TA,TA,Gd,ALQ,BLQ
337,1922,1249,0,673,1,0,Ex,TA,Gd,GLQ,Unf
338,1536,810,0,726,1,0,Gd,TA,Av,GLQ,Unf
339,1208,213,0,995,1,0,Gd,TA,Mn,ALQ,Unf
340,1215,585,0,630,0,0,TA,Fa,No,Rec,Unf
341,967,0,0,967,0,0,Gd,TA,No,Unf,Unf
342,721,0,0,721,0,0,TA,Fa,No,Unf,Unf
343,0,0,0,0,0,0,No_Feature,No_Feature,No_Feature,No_Feature,No_Feature
344,1684,28,0,1656,0,0,Ex,TA,No,GLQ,Unf
345,536,129,232,175,0,0,Gd,TA,No,Rec,BLQ
346,972,0,0,972,0,0,TA,TA,No,Unf,Unf
347,958,498,0,460,0,0,TA,TA,Mn,BLQ,Unf
348,1478,1270,0,208,1,0,TA,TA,No,BLQ,Unf
349,764,573,0,191,1,0,Gd,TA,No,GLQ,Unf
350,1848,1410,0,438,1,0,Ex,TA,No,GLQ,Unf
351,1869,0,0,1869,0,0,Ex,TA,No,Unf,Unf
352,1453,1082,0,371,1,0,Gd,TA,Gd,GLQ,Unf
353,616,236,380,0,0,1,TA,Fa,Mn,LwQ,Rec
354,624,0,0,624,0,0,TA,TA,No,Unf,Unf
355,940,388,0,552,0,0,TA,TA,No,LwQ,Unf
356,1200,334,544,322,1,0,Gd,Gd,No,ALQ,BLQ
357,1158,560,0,598,1,0,Gd,TA,No,GLQ,Unf
358,1142,874,0,268,1,0,Gd,TA,No,ALQ,Unf
359,1062,300,294,468,0,1,TA,TA,Av,BLQ,Rec
360,1086,956,0,130,1,0,Gd,TA,Av,GLQ,Unf
361,888,773,0,115,1,0,Gd,TA,Av,GLQ,Unf
362,883,399,0,484,1,0,TA,TA,No,Rec,Unf
363,0,0,0,0,0,0,No_Feature,No_Feature,No_Feature,No_Feature,No_Feature
364,483,162,0,321,0,0,TA,TA,No,ALQ,Unf
365,796,712,0,84,1,0,Gd,TA,Mn,GLQ,Unf
366,672,456,0,216,0,0,TA,Fa,No,Rec,Unf
367,1394,609,0,785,1,0,Gd,TA,No,BLQ,Unf
368,1099,371,0,728,0,1,Gd,TA,Gd,GLQ,Unf
369,1268,540,0,728,0,0,TA,TA,No,LwQ,Unf
370,1063,72,258,733,1,0,TA,TA,No,ALQ,Rec
371,953,0,0,953,0,0,Gd,TA,No,Unf,Unf
372,0,0,0,0,0,0,No_Feature,No_Feature,No_Feature,No_Feature,No_Feature
373,744,623,121,0,1,0,Gd,TA,No,ALQ,LwQ
374,608,428,180,0,1,0,TA,TA,No,BLQ,LwQ
375,847,0,0,847,0,0,Gd,TA,No,Unf,Unf
376,683,350,0,333,1,0,Fa,Po,Gd,BLQ,Unf
377,870,298,0,572,0,0,Gd,TA,Av,GLQ,Unf
378,1580,0,0,1580,0,0,Gd,TA,No,Unf,Unf
379,1856,1445,0,411,1,0,Ex,TA,Av,GLQ,Unf
380,982,0,0,982,0,0,Gd,TA,No,Unf,Unf
381,1026,218,0,808,0,0,TA,TA,No,LwQ,Unf
382,1293,0,0,1293,1,0,Gd,Gd,No,Unf,Unf
383,939,0,0,939,0,0,Gd,TA,Av,Unf,Unf
384,784,0,0,784,0,0,Fa,Fa,No,Unf,Unf
385,1580,985,0,595,1,0,Gd,TA,Av,GLQ,Unf
386,1256,24,0,1232,0,0,Gd,TA,No,GLQ,Unf
387,658,0,0,658,0,0,TA,TA,No,Unf,Unf
388,1041,631,0,410,1,0,TA,TA,Av,ALQ,Unf
389,1468,0,0,1468,0,0,Gd,TA,No,Unf,Unf
390,1682,1280,0,402,1,0,Ex,TA,Av,GLQ,Unf
391,861,241,391,229,1,0,TA,Gd,No,Rec,BLQ
392,804,690,0,114,1,0,Ex,TA,No,ALQ,Unf
393,0,0,0,0,0,0,No_Feature,No_Feature,No_Feature,No_Feature,No_Feature
394,788,266,0,522,0,0,TA,TA,No,Rec,Unf
395,735,0,0,735,0,0,TA,TA,No,Unf,Unf
396,1144,739,0,405,1,0,TA,TA,Av,BLQ,Unf
397,894,777,0,117,0,0,TA,TA,Av,Rec,Unf
398,864,540,0,324,0,0,TA,TA,No,ALQ,Unf
399,961,0,0,961,0,0,Fa,Po,No,Unf,Unf
400,1092,812,0,280,1,0,Gd,TA,No,GLQ,Unf
401,1260,786,0,474,1,0,Gd,TA,No,GLQ,Unf
402,1310,24,0,1286,0,0,Gd,TA,Av,GLQ,Unf
403,672,0,0,672,0,0,TA,TA,No,Unf,Unf
404,1141,0,0,1141,0,0,Gd,TA,No,Unf,Unf
405,806,0,0,806,0,0,Gd,TA,No,Unf,Unf
406,1281,1116,0,165,1,0,TA,TA,No,BLQ,Unf
407,1064,0,0,1064,0,0,TA,TA,No,Unf,Unf
408,840,0,0,840,0,0,Gd,TA,No,Unf,Unf
409,1063,0,0,1063,0,0,Ex,Gd,No,Unf,Unf
410,1034,789,0,245,1,0,Ex,TA,No,GLQ,Unf
411,1276,0,0,1276,0,0,TA,Fa,No,Unf,Unf
412,1056,1056,0,0,1,0,TA,TA,Mn,Rec,Unf
413,1470,578,0,892,1,0,Ex,TA,Av,GLQ,Unf
414,1008,0,0,1008,0,0,TA,TA,No,Unf,Unf
415,1080,50,531,499,0,1,Gd,TA,No,BLQ,GLQ
416,1340,24,0,1316,0,0,Gd,TA,Av,GLQ,Unf
417,672,209,0,463,0,0,TA,TA,No,ALQ,Unf
418,1370,1128,0,242,1,0,Gd,TA,No,BLQ,Unf
419,756,312,0,444,1,0,TA,TA,No,ALQ,Unf
420,1056,775,0,281,1,0,TA,TA,No,BLQ,Unf
421,1344,1309,0,35,2,0,Gd,Gd,Gd,GLQ,Unf
422,1602,1246,0,356,0,1,Gd,TA,No,ALQ,Unf
423,988,0,0,988,0,0,TA,TA,No,Unf,Unf
424,1470,986,0,484,1,0,Gd,TA,No,GLQ,Unf
425,1196,616,0,580,1,0,Gd,TA,No,LwQ,Unf
426,651,0,0,651,0,0,TA,TA,No,Unf,Unf
427,1518,1518,0,0,1,1,Gd,TA,Gd,GLQ,Unf
428,907,288,0,619,0,0,TA,TA,No,Rec,Unf
429,1208,664,0,544,1,0,Gd,TA,No,GLQ,Unf
430,1392,1005,0,387,1,0,Gd,TA,Mn,GLQ,Unf
431,483,387,0,96,0,0,TA,TA,No,ALQ,Unf
432,901,0,0,901,0,0,TA,TA,No,Unf,Unf
433,765,471,0,294,1,0,TA,TA,No,ALQ,Unf
434,926,0,0,926,0,0,Gd,TA,No,Unf,Unf
435,630,495,0,135,1,0,Gd,TA,Av,ALQ,Unf
436,799,385,344,70,1,0,Gd,TA,Av,GLQ,ALQ
437,648,0,0,648,0,0,Fa,TA,No,Unf,Unf
438,884,0,0,884,0,0,TA,TA,No,Unf,Unf
439,440,365,0,75,0,0,TA,TA,No,LwQ,Unf
440,684,0,0,684,0,0,TA,Fa,Mn,Unf,Unf
441,3094,1767,539,788,1,0,Ex,TA,Gd,GLQ,ALQ
442,1440,133,0,1307,0,0,TA,TA,No,ALQ,Unf
443,1078,0,0,1078,0,0,TA,TA,No,Unf,Unf
444,1258,0,0,1258,0,0,Ex,TA,Av,Unf,Unf
445,915,642,0,273,1,0,Gd,TA,No,GLQ,Unf
446,1436,0,0,1436,0,0,TA,TA,No,Unf,Unf
447,1517,247,713,557,0,0,TA,TA,No,ALQ,Rec
448,930,0,0,930,0,0,Gd,TA,No,Unf,Unf
449,780,0,0,780,0,0,TA,TA,No,Unf,Unf
450,649,331,0,318,0,0,TA,TA,No,ALQ,Unf
451,813,0,0,813,0,0,TA,TA,No,Unf,Unf
452,1533,655,0,878,1,0,Gd,TA,Gd,ALQ,Unf
453,872,742,0,130,1,0,Ex,TA,No,ALQ,Unf
454,768,0,0,768,0,0,Gd,TA,No,Unf,Unf
455,1728,1606,0,122,2,0,TA,TA,No,ALQ,Unf
456,1242,916,0,326,0,0,TA,TA,No,ALQ,Unf
457,624,0,0,624,0,0,TA,TA,No,Unf,Unf
458,1364,1116,0,248,1,0,Gd,TA,Gd,BLQ,Unf
459,588,0,0,588,0,0,TA,TA,No,Unf,Unf
460,709,185,0,524,1,0,TA,TA,No,LwQ,Unf
461,832,544,0,288,1,0,Gd,TA,No,GLQ,Unf
462,560,350,210,0,1,0,Gd,Gd,No,ALQ,BLQ
463,864,553,311,0,0,0,TA,TA,No,Rec,BLQ
464,715,326,0,389,0,0,TA,TA,No,LwQ,Unf
465,1040,616,0,424,0,0,Gd,TA,No,Rec,Unf
466,1375,0,0,1375,0,0,Gd,TA,No,Unf,Unf
467,1277,778,0,499,1,0,TA,Gd,Gd,GLQ,Unf
468,728,386,0,342,0,0,TA,TA,No,LwQ,Unf
469,1626,0,0,1626,0,0,Gd,TA,No,Unf,Unf
470,832,426,0,406,0,0,Gd,TA,No,GLQ,Unf
471,1488,368,1120,0,1,0,Gd,TA,Av,GLQ,BLQ
472,808,0,0,808,0,0,Gd,TA,No,Unf,Unf
473,547,459,0,88,1,0,Gd,TA,Gd,GLQ,Unf
474,1976,1350,0,626,1,0,Ex,TA,Gd,GLQ,Unf
475,1494,1196,0,298,1,0,Gd,TA,Av,GLQ,Unf
476,970,630,0,340,1,0,TA,TA,No,GLQ,Unf
477,1478,994,0,484,1,0,Gd,TA,Gd,GLQ,Unf
478,2153,0,0,2153,0,0,Gd,TA,Av,Unf,Unf
479,1705,1288,0,417,1,0,Ex,TA,Gd,GLQ,Unf
480,907,168,0,739,0,0,Fa,TA,No,Rec,Unf
481,1833,1261,0,572,1,0,Ex,TA,Gd,GLQ,Unf
482,1792,1567,0,225,1,0,Ex,TA,Gd,GLQ,Unf
483,910,299,0,611,1,0,TA,TA,No,ALQ,Unf
484,1216,897,0,319,1,0,Ex,TA,No,GLQ,Unf
485,999,588,0,411,1,0,TA,TA,No,ALQ,Unf
486,1113,607,0,506,0,0,TA,TA,No,ALQ,Unf
487,1073,836,0,237,1,0,TA,TA,No,ALQ,Unf
488,1484,998,0,486,0,0,Gd,TA,Av,ALQ,Unf
489,954,664,0,290,0,0,TA,Fa,No,BLQ,Unf
490,630,515,0,115,1,0,Gd,TA,Av,GLQ,Unf
491,264,0,0,264,0,0,Gd,TA,Mn,Unf,Unf
492,806,403,165,238,1,0,TA,TA,No,BLQ,Rec
493,728,0,0,728,0,0,Gd,TA,No,Unf,Unf
494,1269,374,532,363,0,0,TA,TA,No,BLQ,LwQ
495,190,0,0,190,0,0,Fa,TA,No,Unf,Unf
496,720,495,0,225,0,0,TA,TA,No,Rec,Unf
497,3200,1231,0,1969,1,0,Gd,TA,No,GLQ,Unf
498,1026,329,0,697,1,0,TA,TA,No,Rec,Unf
499,864,450,0,414,0,0,TA,TA,No,ALQ,Unf
500,912,111,279,522,0,1,TA,TA,No,BLQ,LwQ
501,672,356,0,316,0,0,TA,TA,No,BLQ,Unf
502,866,400,0,466,0,0,Gd,TA,No,GLQ,Unf
503,1214,698,96,420,1,0,TA,TA,No,ALQ,GLQ
504,1501,1247,0,254,1,0,TA,TA,No,ALQ,Unf
505,855,257,495,103,0,1,TA,TA,No,ALQ,Rec
506,960,0,0,960,0,0,TA,TA,No,Unf,Unf
507,777,380,0,397,0,0,Gd,TA,No,GLQ,Unf
508,1218,27,0,1191,0,0,Gd,TA,No,GLQ,Unf
509,689,141,0,548,0,0,TA,TA,No,Rec,Unf
510,1041,991,0,50,1,0,TA,TA,No,ALQ,Unf
511,1008,650,180,178,1,0,TA,TA,No,BLQ,Rec
512,1368,0,0,1368,0,0,Gd,TA,No,Unf,Unf
513,864,521,174,169,1,0,TA,TA,No,BLQ,LwQ
514,1084,336,0,748,0,0,TA,TA,No,ALQ,Unf
515,768,0,0,768,0,0,TA,TA,No,Unf,Unf
516,2006,1436,0,570,1,0,Ex,TA,No,GLQ,Unf
517,689,0,0,689,0,0,TA,TA,No,Unf,Unf
518,1264,0,0,1264,0,0,Gd,TA,No,Unf,Unf
519,794,706,0,88,1,0,Gd,TA,Mn,GLQ,Unf
520,1276,0,0,1276,0,0,Gd,TA,No,Unf,Unf
521,0,0,0,0,0,0,No_Feature,No_Feature,No_Feature,No_Feature,No_Feature
522,1244,777,0,467,0,0,TA,TA,No,Rec,Unf
523,1004,399,0,605,0,0,TA,TA,No,ALQ,Unf
524,3138,2260,0,878,1,0,Ex,TA,Gd,GLQ,Unf
525,1379,719,0,660,1,0,Gd,TA,No,GLQ,Unf
526,1257,0,0,1257,0,0,Gd,TA,No,Unf,Unf
527,928,377,0,551,0,0,Gd,TA,No,Rec,Unf
528,1452,1330,0,122,1,0,Ex,TA,Av,GLQ,Unf
529,528,348,0,180,1,0,TA,TA,Mn,ALQ,Unf
530,2035,1219,0,816,1,0,TA,TA,No,Rec,Unf
531,1461,783,0,678,1,0,Gd,TA,Av,GLQ,Unf
532,611,0,0,611,0,0,Fa,Fa,Mn,Unf,Unf
533,0,0,0,0,0,0,No_Feature,No_Feature,No_Feature,No_Feature,No_Feature
534,0,0,0,0,0,0,No_Feature,No_Feature,No_Feature,No_Feature,No_Feature
535,707,0,0,707,0,0,Ex,Gd,Av,Unf,Unf
536,1117,969,0,148,1,0,Gd,TA,Gd,GLQ,Unf
537,880,0,0,880,0,0,Gd,TA,Av,Unf,Unf
538,864,600,0,264,0,0,TA,TA,No,BLQ,Unf
539,1051,673,0,378,0,0,TA,TA,No,BLQ,Unf
540,1581,1358,0,223,1,0,Gd,TA,Av,GLQ,Unf
541,1838,1260,0,578,1,0,Ex,TA,Av,GLQ,Unf
542,969,0,0,969,0,0,Gd,TA,No,Unf,Unf
543,1650,144,1127,379,1,0,Ex,TA,No,LwQ,GLQ
544,723,584,139,0,1,0,Gd,TA,Av,GLQ,LwQ
545,654,554,0,100,1,0,Gd,Gd,Av,GLQ,Unf
546,1204,1002,202,0,0,0,Gd,Gd,No,GLQ,LwQ
547,1065,300,0,765,0,0,Gd,TA,No,Rec,Unf
548,768,619,0,149,1,0,Gd,TA,Av,ALQ,Unf
549,825,180,645,0,1,0,TA,TA,No,LwQ,Rec
550,912,0,0,912,0,0,Gd,TA,No,Unf,Unf
551,1069,559,0,510,0,0,Gd,TA,No,ALQ,Unf
552,928,308,0,620,0,0,TA,TA,No,Rec,Unf
553,1709,0,0,1709,0,0,Ex,TA,Av,Unf,Unf
554,0,0,0,0,0,0,No_Feature,No_Feature,No_Feature,No_Feature,No_Feature
555,998,866,0,132,1,0,Gd,TA,No,GLQ,Unf
556,993,0,0,993,0,0,TA,Fa,No,Unf,Unf
557,1092,895,0,197,1,0,TA,TA,No,Rec,Unf
558,637,637,0,0,0,0,TA,TA,No,Rec,Unf
559,729,604,0,125,0,1,Gd,TA,Gd,GLQ,Unf
560,1374,0,0,1374,0,0,Gd,TA,Gd,Unf,Unf
561,1392,1302,0,90,1,0,Gd,TA,No,ALQ,Unf
562,1389,1071,123,195,1,0,Gd,TA,Av,ALQ,LwQ
563,996,290,0,706,1,0,TA,TA,No,BLQ,Unf
564,1163,0,0,1163,0,0,Gd,TA,Mn,Unf,Unf
565,1095,728,0,367,1,0,Gd,TA,No,GLQ,Unf
566,806,0,0,806,1,0,Gd,TA,No,Unf,Unf
567,1122,0,0,1122,0,0,Gd,Gd,No,Unf,Unf
568,1517,2,0,1515,0,0,Gd,TA,No,GLQ,Unf
569,1496,1441,0,55,1,0,Gd,TA,Gd,GLQ,Unf
570,943,943,0,0,1,0,Gd,TA,Gd,GLQ,Unf
571,1728,231,0,1497,0,0,TA,TA,No,LwQ,Unf
572,864,414,0,450,1,0,TA,TA,No,BLQ,Unf
573,846,0,0,846,0,0,Ex,TA,Av,Unf,Unf
574,384,0,0,384,0,0,Gd,TA,No,Unf,Unf
575,372,349,0,23,0,1,TA,TA,Av,ALQ,Unf
576,832,442,0,390,0,0,TA,TA,No,Rec,Unf
577,861,0,0,861,0,1,TA,TA,No,Unf,Unf
578,1164,328,551,285,1,0,TA,TA,Av,LwQ,ALQ
579,689,0,0,689,0,0,Gd,TA,No,Unf,Unf
580,1050,0,0,1050,0,0,TA,TA,No,Unf,Unf
581,1144,594,219,331,0,1,TA,TA,No,BLQ,Rec
582,2042,0,0,2042,0,0,Ex,TA,No,Unf,Unf
583,816,816,0,0,1,0,Gd,TA,Av,GLQ,Unf
584,1237,0,0,1237,0,0,TA,TA,No,Unf,Unf
585,884,0,0,884,0,0,TA,TA,No,Unf,Unf
586,1868,1460,0,408,1,0,Ex,TA,Gd,GLQ,Unf
587,816,210,606,0,1,0,TA,Gd,Mn,Rec,ALQ
588,840,672,0,168,1,0,TA,TA,Av,ALQ,Unf
589,1437,1324,0,113,2,0,TA,TA,Gd,GLQ,Unf
590,742,0,0,742,0,0,TA,TA,No,Unf,Unf
591,770,490,0,280,0,0,Gd,TA,No,GLQ,Unf
592,1722,1338,0,384,1,0,Ex,TA,Gd,GLQ,Unf
593,816,816,0,0,1,0,TA,Gd,No,GLQ,Unf
594,848,685,0,163,1,0,Gd,TA,Av,GLQ,Unf
595,924,0,0,924,0,0,Gd,TA,No,Unf,Unf
596,1814,1422,0,392,1,0,Gd,TA,Gd,GLQ,Unf
597,684,0,0,684,0,0,TA,TA,No,Unf,Unf
598,1258,0,0,1258,0,2,Ex,TA,Av,Unf,Unf
599,1430,1283,147,0,1,0,Gd,TA,Mn,ALQ,LwQ
600,716,81,612,23,1,0,Gd,TA,No,LwQ,GLQ
601,1058,546,0,512,1,0,Gd,TA,Av,GLQ,Unf
602,780,0,0,780,0,0,TA,TA,No,Unf,Unf
603,908,789,0,119,1,0,Gd,TA,Mn,GLQ,Unf
604,600,0,0,600,0,0,Gd,TA,No,Unf,Unf
605,1494,922,0,572,1,0,Gd,TA,Mn,GLQ,Unf
606,768,454,0,314,0,0,TA,TA,No,BLQ,Unf
607,1040,732,0,308,1,0,Gd,TA,No,GLQ,Unf
608,896,603,0,293,1,0,TA,Gd,No,GLQ,Unf
609,965,428,0,537,0,0,Gd,TA,Mn,BLQ,Unf
610,1029,903,0,126,1,0,TA,TA,Mn,Rec,Unf
611,1440,904,0,536,1,0,Ex,TA,Mn,GLQ,Unf
612,1032,605,0,427,0,1,Gd,TA,Av,ALQ,Unf
613,1299,990,0,309,1,0,Gd,TA,Av,GLQ,Unf
614,1120,206,0,914,0,0,Gd,TA,No,ALQ,Unf
615,630,150,480,0,1,0,Gd,TA,Av,LwQ,GLQ
616,936,763,0,173,1,0,TA,TA,Gd,GLQ,Unf
617,783,457,0,326,1,0,Gd,TA,No,GLQ,Unf
618,832,0,0,832,0,0,TA,TA,No,Unf,Unf
619,1822,48,0,1774,0,0,Ex,TA,Av,GLQ,Unf
620,1482,871,0,611,1,0,Gd,TA,Gd,GLQ,Unf
621,864,41,0,823,1,0,TA,TA,No,BLQ,Unf
622,1522,956,182,384,0,0,TA,TA,No,ALQ,Rec
623,980,560,0,420,0,0,TA,TA,No,BLQ,Unf
624,756,420,0,336,0,0,Gd,TA,No,GLQ,Unf
625,732,247,0,485,1,0,TA,TA,No,Rec,Unf
626,1116,0,0,1116,0,0,TA,TA,No,Unf,Unf
627,978,0,0,978,0,0,TA,TA,No,Unf,Unf
628,1156,674,132,350,1,0,TA,TA,Av,BLQ,LwQ
629,1040,650,0,390,0,1,Gd,TA,Av,Rec,Unf
630,1248,624,336,288,1,0,TA,TA,Gd,GLQ,Rec
631,636,0,0,636,0,0,Fa,Fa,No,Unf,Unf
632,1554,24,0,1530,0,0,Gd,Gd,Mn,GLQ,Unf
633,1386,822,0,564,0,0,TA,TA,No,ALQ,Unf
634,1056,480,468,108,0,1,TA,TA,No,BLQ,LwQ
635,1056,1056,0,0,2,0,TA,TA,No,GLQ,Unf
636,1440,256,0,1184,0,0,TA,Fa,No,LwQ,Unf
637,264,0,0,264,0,0,TA,Fa,No,Unf,Unf
638,811,0,0,811,0,0,TA,TA,No,Unf,Unf
639,796,0,0,796,0,0,Fa,TA,No,Unf,Unf
640,1520,1154,0,366,1,0,Gd,Gd,Av,GLQ,Unf
641,1518,1218,0,300,0,0,Ex,TA,Gd,GLQ,Unf
642,1057,738,0,319,1,0,Gd,TA,No,GLQ,Unf
643,1952,1410,0,542,1,0,Gd,TA,Gd,GLQ,Unf
644,780,493,287,0,0,0,TA,TA,No,Rec,BLQ
645,1766,1121,0,645,1,0,Ex,TA,Mn,GLQ,Unf
646,981,282,35,664,1,0,TA,TA,No,ALQ,LwQ
647,0,0,0,0,0,0,No_Feature,No_Feature,No_Feature,No_Feature,No_Feature
648,1094,500,0,594,0,0,TA,TA,Mn,Rec,Unf
649,756,0,0,756,0,0,TA,TA,No,Unf,Unf
650,630,131,499,0,1,0,Gd,TA,Av,BLQ,GLQ
651,813,0,0,813,0,0,Gd,TA,No,Unf,Unf
652,755,0,0,755,1,0,TA,TA,Mn,Unf,Unf
653,880,0,0,880,0,0,Gd,TA,No,Unf,Unf
654,756,0,0,756,0,0,TA,TA,No,Unf,Unf
655,2109,1696,0,413,1,0,Gd,TA,Gd,GLQ,Unf
656,525,0,0,525,0,0,TA,TA,No,Unf,Unf
657,1053,806,0,247,1,0,TA,TA,No,ALQ,Unf
658,776,0,0,776,0,0,Gd,TA,No,Unf,Unf
659,912,0,0,912,0,1,TA,TA,No,Unf,Unf
660,1486,637,0,849,1,0,TA,TA,No,BLQ,Unf
661,793,0,0,793,0,0,Gd,TA,No,Unf,Unf
662,1629,1361,180,88,1,0,Gd,Gd,No,GLQ,Rec
663,1392,0,0,1392,1,0,Fa,Fa,No,Unf,Unf
664,1138,920,180,38,1,0,Gd,TA,Av,BLQ,Rec
665,2077,1721,0,356,1,0,Ex,TA,Mn,GLQ,Unf
666,1406,0,0,1406,0,0,Gd,TA,No,Unf,Unf
667,1021,187,723,111,0,0,Gd,TA,No,LwQ,Rec
668,1408,1138,0,270,1,0,Gd,TA,No,GLQ,Unf
669,1188,988,0,200,1,0,TA,TA,No,Rec,Unf
670,700,0,0,700,0,0,Fa,TA,No,Unf,Unf
671,738,193,0,545,1,0,Gd,TA,No,GLQ,Unf
672,672,551,0,121,1,0,TA,TA,No,BLQ,Unf
673,1208,767,0,441,1,0,Gd,TA,No,ALQ,Unf
674,1477,1186,0,291,1,0,TA,TA,No,GLQ,Unf
675,1136,892,0,244,1,0,TA,TA,No,Rec,Unf
676,855,311,0,544,0,0,TA,TA,No,ALQ,Unf
677,1095,0,0,1095,1,0,TA,Fa,No,Unf,Unf
678,768,0,0,768,0,0,TA,TA,No,Unf,Unf
679,2046,0,0,2046,0,0,Ex,TA,Mn,Unf,Unf
680,988,827,0,161,1,0,TA,TA,No,Rec,Unf
681,923,543,119,261,0,0,Gd,TA,No,BLQ,BLQ
682,793,182,0,611,0,0,TA,TA,No,Rec,Unf
683,1291,1003,0,288,1,0,Gd,TA,Mn,GLQ,Unf
684,1626,1059,0,567,1,0,Gd,TA,Av,GLQ,Unf
685,1195,0,0,1195,0,0,Gd,TA,No,Unf,Unf
686,1190,828,182,180,1,0,Gd,TA,Mn,GLQ,LwQ
687,874,0,0,874,0,0,Gd,TA,No,Unf,Unf
688,551,239,0,312,0,0,Gd,TA,No,GLQ,Unf
689,1419,945,0,474,1,0,Gd,TA,Av,GLQ,Unf
690,1362,20,0,1342,0,0,Gd,TA,Av,ALQ,Unf
691,848,697,0,151,1,0,Gd,TA,Gd,GLQ,Unf
692,2444,1455,0,989,0,1,Ex,TA,Gd,GLQ,Unf
693,1210,965,0,245,1,0,Gd,TA,Gd,GLQ,Unf
694,1073,0,0,1073,0,0,TA,TA,No,Unf,Unf
695,927,0,0,927,0,0,TA,TA,No,Unf,Unf
696,1112,980,40,92,1,0,Gd,Gd,No,GLQ,LwQ
697,616,616,0,0,0,0,TA,TA,No,LwQ,Unf
698,980,210,551,219,0,1,Ex,Gd,Mn,LwQ,ALQ
699,894,553,117,224,1,0,TA,TA,No,GLQ,BLQ
700,1391,16,0,1375,0,0,Gd,TA,Mn,GLQ,Unf
701,1800,1274,0,526,1,0,Ex,TA,Gd,GLQ,Unf
702,1164,0,0,1164,0,0,TA,TA,No,Unf,Unf
703,1234,0,0,1234,0,0,Ex,Gd,No,Unf,Unf
704,360,0,0,360,0,0,Gd,TA,No,Unf,Unf
705,1473,712,0,761,1,0,Gd,TA,Av,GLQ,Unf
706,0,0,0,0,0,0,No_Feature,No_Feature,No_Feature,No_Feature,No_Feature
707,1643,1219,0,424,1,0,Gd,TA,Gd,GLQ,Unf
708,1324,863,0,461,1,0,Gd,TA,No,GLQ,Unf
709,728,0,0,728,0,0,Gd,TA,Av,Unf,Unf
710,876,0,0,876,0,0,TA,TA,No,Unf,Unf
711,270,0,0,270,0,0,TA,TA,No,Unf,Unf
712,859,0,0,859,0,0,TA,TA,Mn,Unf,Unf
713,1228,767,0,461,1,0,Gd,TA,Mn,GLQ,Unf
714,960,789,0,171,1,0,TA,TA,Av,ALQ,Unf
715,725,533,0,192,0,0,TA,TA,No,GLQ,Unf
716,1064,0,0,1064,0,0,Gd,TA,No,Unf,Unf
717,718,0,0,718,0,0,TA,TA,No,Unf,Unf
718,1176,1084,0,92,0,1,Gd,TA,No,BLQ,Unf
719,1311,1173,0,138,1,0,Gd,TA,Gd,GLQ,Unf
720,971,523,0,448,0,0,Gd,TA,Gd,ALQ,Unf
721,1742,1148,0,594,1,0,Gd,TA,Gd,GLQ,Unf
722,848,662,0,186,1,0,Gd,TA,Av,GLQ,Unf
723,864,191,0,673,0,0,TA,TA,No,ALQ,Unf
724,941,0,0,941,0,0,TA,TA,No,Unf,Unf
725,1698,1234,0,464,1,0,Ex,TA,No,GLQ,Unf
726,864,375,239,250,0,0,TA,TA,No,ALQ,BLQ
727,880,808,0,72,1,0,Gd,TA,No,GLQ,Unf
728,1232,724,0,508,1,0,Gd,TA,Av,GLQ,Unf
729,1584,0,0,1584,1,0,TA,TA,No,Unf,Unf
730,780,152,0,628,0,0,TA,TA,No,BLQ,Unf
731,1595,1180,0,415,1,0,Gd,TA,No,GLQ,Unf
732,868,786,0,82,1,0,Ex,TA,Av,GLQ,Unf
733,1153,252,0,901,0,0,Gd,TA,Av,ALQ,Unf
734,864,594,0,270,1,0,TA,TA,No,BLQ,Unf
735,948,0,0,948,0,0,TA,TA,No,Unf,Unf
736,880,390,0,490,0,0,Gd,TA,Mn,Rec,Unf
737,0,0,0,0,0,0,No_Feature,No_Feature,No_Feature,No_Feature,No_Feature
738,893,0,0,893,0,0,Gd,TA,No,Unf,Unf
739,1200,1200,0,0,3,0,Gd,Gd,Gd,GLQ,Unf
740,864,0,0,864,0,0,Gd,TA,No,Unf,Unf
741,264,0,0,264,0,0,Fa,Fa,No,Unf,Unf
742,912,832,0,80,1,1,TA,TA,Mn,GLQ,Unf
743,1349,0,0,1349,0,0,Gd,TA,No,Unf,Unf
744,520,444,0,76,0,1,Gd,TA,Av,ALQ,Unf
745,1337,733,0,604,1,0,Gd,TA,No,GLQ,Unf
746,1142,575,80,487,0,1,TA,Gd,No,GLQ,ALQ
747,952,300,0,652,0,0,Gd,TA,No,GLQ,Unf
748,1240,0,0,1240,0,0,TA,Fa,No,Unf,Unf
749,1720,919,0,801,1,0,Gd,TA,No,GLQ,Unf
750,0,0,0,0,0,0,No_Feature,No_Feature,No_Feature,No_Feature,No_Feature
751,576,0,0,576,0,0,TA,Fa,No,Unf,Unf
752,660,0,0,660,0,0,Gd,TA,No,Unf,Unf
753,1479,1200,0,279,1,0,Gd,TA,Gd,GLQ,Unf
754,1030,0,0,1030,0,0,Gd,TA,Mn,Unf,Unf
755,1026,439,472,115,1,0,TA,TA,No,GLQ,LwQ
756,729,381,0,348,0,0,Gd,TA,No,GLQ,Unf
757,866,20,0,846,0,0,Gd,TA,Av,GLQ,Unf
758,672,438,0,234,0,0,TA,TA,Mn,Rec,Unf
759,744,549,0,195,0,0,Gd,TA,No,ALQ,Unf
760,1318,56,64,1198,0,0,Gd,TA,Av,LwQ,ALQ
761,864,612,0,252,0,0,TA,TA,No,Rec,Unf
762,1145,405,0,740,0,0,TA,TA,Mn,LwQ,Unf
763,756,24,0,732,0,0,Gd,TA,Mn,GLQ,Unf
764,1252,1163,0,89,1,0,Gd,TA,Mn,GLQ,Unf
765,1494,437,1057,0,1,0,Gd,Gd,Av,LwQ,GLQ
766,1498,0,0,1498,0,0,Gd,TA,No,Unf,Unf
767,980,394,0,586,0,0,Gd,TA,No,GLQ,Unf
768,983,660,0,323,1,0,Gd,TA,Mn,ALQ,Unf
769,1860,24,0,1836,0,0,Gd,TA,No,GLQ,Unf
770,1650,1416,0,234,1,0,Gd,TA,Gd,ALQ,Unf
771,858,685,0,173,1,0,Gd,TA,Av,GLQ,Unf
772,836,836,0,0,0,0,Fa,Fa,No,LwQ,Unf
773,1029,422,127,480,1,0,TA,TA,Av,ALQ,BLQ
774,912,456,0,456,0,0,TA,TA,No,Rec,Unf
775,1935,0,0,1935,0,0,Gd,TA,Av,Unf,Unf
776,1204,866,0,338,1,0,Ex,TA,No,GLQ,Unf
777,1614,20,0,1594,0,0,Gd,TA,Av,GLQ,Unf
778,864,762,0,102,1,0,TA,TA,No,ALQ,Unf
779,0,0,0,0,0,0,No_Feature,No_Feature,No_Feature,No_Feature,No_Feature
780,975,975,0,0,1,0,Gd,TA,Gd,GLQ,Unf
781,1237,0,0,1237,0,0,Gd,Gd,No,Unf,Unf
782,761,387,0,374,0,0,Gd,TA,No,ALQ,Unf
783,1413,0,0,1413,0,0,Gd,TA,No,Unf,Unf
784,1097,1097,0,0,1,0,Gd,TA,Av,GLQ,Unf
785,742,0,0,742,0,0,TA,TA,No,Unf,Unf
786,1372,251,630,491,0,0,TA,TA,No,Rec,LwQ
787,686,686,0,0,1,0,Fa,TA,No,LwQ,Unf
788,956,656,0,300,1,0,Gd,TA,No,GLQ,Unf
789,901,0,0,901,0,0,TA,TA,No,Unf,Unf
790,832,568,0,264,0,0,TA,Fa,Gd,LwQ,Unf
791,1145,16,0,1129,0,0,Gd,TA,No,GLQ,Unf
792,1029,539,0,490,1,0,Gd,TA,Av,ALQ,Unf
793,1117,862,0,255,1,0,Gd,TA,Av,GLQ,Unf
794,1496,0,0,1496,0,0,Gd,TA,Av,Unf,Unf
795,712,0,0,712,0,0,Gd,TA,No,Unf,Unf
796,650,0,0,650,0,0,Gd,TA,No,Unf,Unf
797,660,0,0,660,0,0,TA,TA,No,Unf,Unf
798,773,570,0,203,0,0,TA,TA,No,BLQ,Unf
799,1926,0,0,1926,0,0,Ex,TA,No,Unf,Unf
800,731,569,0,162,1,0,Gd,TA,No,ALQ,Unf
801,616,462,0,154,1,0,Gd,TA,Gd,GLQ,Unf
802,1196,197,0,999,1,0,TA,TA,No,LwQ,Unf
803,728,648,0,80,1,0,Gd,TA,Av,GLQ,Unf
804,1734,0,0,1734,0,0,Ex,TA,Gd,Unf,Unf
805,936,812,0,124,0,0,TA,TA,No,LwQ,Unf
806,1417,0,0,1417,0,0,Gd,TA,No,Unf,Unf
807,980,400,480,100,0,0,TA,TA,Av,ALQ,Rec
808,1324,1309,0,15,2,0,TA,TA,Gd,GLQ,Unf
809,1024,516,128,380,1,0,TA,TA,Av,ALQ,BLQ
810,849,0,0,849,0,0,TA,TA,No,Unf,Unf
811,1040,663,377,0,1,0,TA,TA,No,ALQ,LwQ
812,848,662,0,186,1,0,Gd,TA,Gd,GLQ,Unf
813,540,0,0,540,0,0,TA,TA,Av,Unf,Unf
814,1442,608,0,834,0,0,TA,TA,No,Rec,Unf
815,686,0,0,686,0,1,TA,TA,No,Unf,Unf
816,1649,0,0,1649,0,0,Gd,TA,No,Unf,Unf
817,1008,486,0,522,0,0,TA,TA,No,BLQ,Unf
818,1568,1218,0,350,1,0,Gd,TA,No,GLQ,Unf
819,1010,504,0,506,1,0,TA,TA,Av,GLQ,Unf
820,1358,733,0,625,1,0,Gd,TA,Mn,GLQ,Unf
821,798,0,0,798,0,0,Gd,TA,No,Unf,Unf
822,936,0,0,936,0,0,Fa,TA,No,Unf,Unf
823,847,0,0,847,0,0,Gd,TA,Gd,Unf,Unf
824,778,0,0,778,0,0,TA,TA,No,Unf,Unf
825,1489,0,0,1489,0,0,Gd,Gd,No,Unf,Unf
826,2078,1636,0,442,1,0,Ex,TA,Av,GLQ,Unf
827,784,784,0,0,1,0,TA,TA,No,ALQ,Unf
828,1454,20,0,1434,0,0,Gd,TA,No,GLQ,Unf
829,1013,249,764,0,0,1,TA,Gd,Gd,LwQ,ALQ
830,600,0,0,600,0,0,Gd,TA,No,Unf,Unf
831,1392,1040,0,352,1,0,TA,TA,No,Rec,Unf
832,600,0,0,600,0,0,Gd,TA,No,Unf,Unf
833,941,483,0,458,1,0,Gd,TA,No,GLQ,Unf
834,1516,196,345,975,0,0,TA,TA,No,Rec,BLQ
835,1144,572,0,572,1,0,TA,TA,No,Rec,Unf
836,1067,442,0,625,0,0,Gd,TA,No,BLQ,Unf
837,1559,338,0,1221,1,0,TA,TA,No,Rec,Unf
838,483,330,0,153,1,0,TA,TA,No,BLQ,Unf
839,1099,0,0,1099,0,0,Gd,TA,No,Unf,Unf
840,768,352,0,416,0,0,TA,TA,No,BLQ,Unf
841,672,156,0,516,0,0,TA,TA,No,BLQ,Unf
842,650,0,0,650,0,0,TA,TA,No,Unf,Unf
843,1127,312,539,276,1,0,TA,TA,Gd,Rec,ALQ
844,1800,0,0,1800,0,0,TA,TA,No,Unf,Unf
845,876,0,0,876,0,0,TA,TA,Mn,Unf,Unf
846,1390,1390,0,0,1,0,Gd,TA,Gd,ALQ,Unf
847,740,513,0,227,1,0,Gd,TA,No,ALQ,Unf
848,864,460,0,404,1,0,TA,TA,Av,BLQ,Unf
849,907,0,0,907,0,0,TA,TA,No,Unf,Unf
850,528,0,0,528,0,0,TA,TA,No,Unf,Unf
851,848,659,0,189,1,0,Gd,TA,Av,GLQ,Unf
852,1273,0,0,1273,0,0,Gd,TA,Gd,Unf,Unf
853,918,364,0,554,0,0,TA,TA,No,Rec,Unf
854,1127,564,0,563,0,0,TA,TA,Gd,Rec,Unf
855,1763,306,1085,372,1,0,TA,TA,Mn,ALQ,Rec
856,1040,659,0,381,1,0,TA,TA,No,ALQ,Unf
857,940,505,435,0,1,0,Gd,Gd,Gd,GLQ,LwQ
858,702,0,0,702,0,0,Gd,TA,No,Unf,Unf
859,1090,0,0,1090,0,0,Gd,TA,No,Unf,Unf
860,1054,619,0,435,1,0,TA,TA,Mn,BLQ,Unf
861,912,0,0,912,0,0,TA,TA,No,Unf,Unf
862,1039,841,0,198,1,0,TA,TA,Mn,BLQ,Unf
863,1040,338,0,702,0,0,Gd,TA,No,GLQ,Unf
864,1148,1148,0,0,1,0,TA,TA,No,BLQ,Unf
865,1372,0,0,1372,0,0,Ex,TA,No,Unf,Unf
866,1002,828,0,174,1,0,TA,TA,No,BLQ,Unf
867,1638,0,0,1638,0,0,Gd,TA,Av,Unf,Unf
868,1040,932,0,108,1,0,TA,TA,No,ALQ,Unf
869,0,0,0,0,0,0,No_Feature,No_Feature,No_Feature,No_Feature,No_Feature
870,1050,750,0,300,1,0,Gd,TA,No,GLQ,Unf
871,894,0,0,894,0,0,TA,TA,No,Unf,Unf
872,804,505,0,299,0,0,Gd,TA,No,GLQ,Unf
873,105,0,0,105,0,0,TA,TA,Av,Unf,Unf
874,832,375,0,457,0,0,TA,TA,No,Rec,Unf
875,676,0,0,676,0,0,TA,TA,No,Unf,Unf
876,1184,64,0,1120,0,0,Gd,TA,Av,GLQ,Unf
877,1064,633,0,431,1,0,TA,TA,Gd,ALQ,Unf
878,1462,1170,0,292,1,0,Ex,TA,No,GLQ,Unf
879,1109,899,0,210,1,0,TA,TA,Av,ALQ,Unf
880,864,646,0,218,1,0,TA,TA,No,ALQ,Unf
881,1090,980,0,110,1,0,Ex,Gd,No,ALQ,Unf
882,1156,902,0,254,0,0,Gd,TA,Mn,LwQ,Unf
883,808,0,0,808,0,0,Gd,TA,No,Unf,Unf
884,795,0,0,795,1,0,TA,Fa,No,Unf,Unf
885,892,432,0,460,0,0,TA,TA,No,BLQ,Unf
886,1698,1238,0,460,1,0,Ex,TA,Av,GLQ,Unf
887,1626,528,0,1098,0,0,TA,TA,No,LwQ,Unf
888,816,0,0,816,0,0,TA,TA,No,Unf,Unf
889,2217,351,823,1043,1,0,TA,Gd,Gd,ALQ,Rec
890,1505,1024,0,481,1,0,TA,TA,No,BLQ,Unf
891,672,0,0,672,0,0,TA,TA,Mn,Unf,Unf
892,918,226,500,192,0,0,TA,TA,No,LwQ,Rec
893,1059,663,0,396,0,1,TA,TA,No,GLQ,Unf
894,1383,1064,0,319,1,0,Gd,TA,Mn,BLQ,Unf
895,0,0,0,0,0,0,No_Feature,No_Feature,No_Feature,No_Feature,No_Feature
896,780,400,0,380,1,0,TA,TA,No,BLQ,Unf
897,951,285,0,666,0,0,TA,TA,No,ALQ,Unf
898,0,0,0,0,0,0,No_Feature,No_Feature,No_Feature,No_Feature,No_Feature
899,2330,2188,0,142,1,0,Ex,TA,Gd,GLQ,Unf
900,912,465,0,447,0,0,TA,TA,No,BLQ,Unf
901,858,322,0,536,0,0,TA,TA,No,ALQ,Unf
902,992,860,0,132,1,0,TA,TA,Mn,BLQ,Unf
903,783,0,0,783,0,0,Gd,TA,No,Unf,Unf
904,1670,0,0,1670,0,0,Gd,TA,No,Unf,Unf
905,876,599,0,277,0,0,TA,TA,No,GLQ,Unf
906,1056,354,290,412,1,0,TA,TA,No,Rec,LwQ
907,1623,63,0,1560,1,0,Gd,TA,No,GLQ,Unf
908,1017,223,0,794,0,0,Gd,TA,No,Rec,Unf
909,864,301,324,239,1,0,Gd,TA,Av,BLQ,ALQ
910,742,0,0,742,0,0,Gd,TA,No,Unf,Unf
911,1105,443,0,662,0,0,TA,TA,No,Rec,Unf
912,1268,196,0,1072,0,0,Gd,Gd,Av,ALQ,Unf
913,768,489,0,279,0,0,TA,TA,No,Rec,Unf
914,1001,284,0,717,0,0,TA,TA,No,BLQ,Unf
915,612,294,0,318,0,0,Gd,TA,Av,GLQ,Unf
916,546,0,0,546,0,0,TA,TA,No,Unf,Unf
917,480,50,0,430,1,0,TA,TA,Av,BLQ,Unf
918,1134,1059,0,75,0,0,TA,TA,No,ALQ,Unf
919,1104,48,634,422,1,0,Ex,TA,Mn,BLQ,GLQ
920,1184,528,411,245,1,0,Gd,TA,No,ALQ,BLQ
921,928,814,0,114,0,1,Gd,Gd,No,GLQ,Unf
922,1272,1084,0,188,2,0,TA,TA,No,ALQ,Unf
923,1316,28,0,1288,0,0,Gd,TA,No,GLQ,Unf
924,1604,165,841,598,1,0,Gd,TA,No,LwQ,GLQ
925,1686,625,1061,0,1,0,Gd,TA,No,BLQ,LwQ
926,1126,767,93,266,0,1,Gd,TA,Av,ALQ,LwQ
927,1181,0,0,1181,0,0,Gd,TA,No,Unf,Unf
928,832,552,0,280,0,0,TA,TA,No,BLQ,Unf
929,1753,0,0,1753,0,0,Gd,TA,Av,Unf,Unf
930,964,0,0,964,0,0,Gd,TA,No,Unf,Unf
931,1466,16,0,1450,0,0,Gd,TA,Av,GLQ,Unf
932,925,338,466,121,0,1,TA,TA,No,BLQ,Rec
933,1905,0,0,1905,0,0,Ex,Gd,No,Unf,Unf
934,1500,20,0,1480,0,0,Gd,TA,Av,GLQ,Unf
935,585,425,0,160,1,0,Gd,TA,Gd,GLQ,Unf
936,600,0,0,600,0,0,Fa,TA,Mn,Unf,Unf
937,1176,833,0,343,1,0,Gd,TA,No,GLQ,Unf
938,1113,341,0,772,0,0,Gd,TA,Mn,GLQ,Unf
939,1391,464,0,927,0,0,Gd,Gd,Mn,GLQ,Unf
940,1032,0,0,1032,0,0,TA,TA,Mn,Unf,Unf
941,1728,936,396,396,0,0,TA,TA,Gd,Rec,LwQ
942,992,772,0,220,1,0,Gd,TA,No,ALQ,Unf
943,1440,1440,0,0,2,0,Gd,TA,Gd,GLQ,Unf
944,1632,0,0,1632,0,0,TA,TA,Av,Unf,Unf
945,819,111,354,354,0,1,TA,TA,No,GLQ,Rec
946,1088,1088,0,0,0,0,TA,TA,No,LwQ,Unf
947,1144,748,294,102,1,0,TA,TA,Av,ALQ,BLQ
948,1616,1300,0,316,1,0,Gd,TA,Av,GLQ,Unf
949,936,0,0,936,0,0,Gd,TA,No_Feature,Unf,Unf
950,1161,982,0,179,1,0,TA,TA,No,ALQ,Unf
951,864,398,149,317,1,0,TA,TA,No,ALQ,BLQ
952,828,641,0,187,1,0,TA,TA,No,BLQ,Unf
953,768,660,0,108,0,1,Gd,TA,Av,GLQ,Unf
954,784,562,193,29,0,1,TA,TA,Av,ALQ,LwQ
955,945,945,0,0,0,2,Gd,Gd,Gd,GLQ,Unf
956,979,484,0,495,0,0,Gd,TA,No,Rec,Unf
957,561,285,0,276,0,0,Gd,TA,No,ALQ,Unf
958,1057,417,0,640,0,0,TA,TA,No,Rec,Unf
959,1337,699,0,638,1,0,Gd,TA,Mn,GLQ,Unf
960,696,604,0,92,1,0,Gd,TA,No,ALQ,Unf
961,858,696,0,162,1,0,TA,TA,Gd,BLQ,Unf
962,1330,896,0,434,1,0,Gd,Gd,No,ALQ,Unf
963,804,556,0,248,1,0,Gd,TA,No,ALQ,Unf
964,1800,0,0,1800,0,0,Ex,TA,No,Unf,Unf
965,817,624,0,193,1,0,Gd,TA,No,GLQ,Unf
966,783,0,0,783,0,0,Gd,TA,No,Unf,Unf
967,728,428,0,300,1,0,TA,Fa,No,Rec,Unf
968,1098,902,0,196,1,0,TA,TA,No,ALQ,Unf
969,600,0,0,600,0,0,TA,TA,No,Unf,Unf
970,588,513,0,75,1,0,TA,TA,Gd,ALQ,Unf
971,720,0,0,720,0,0,TA,TA,No,Unf,Unf
972,764,567,0,197,0,0,Gd,TA,No,GLQ,Unf
973,918,0,0,918,0,0,Gd,TA,No,Unf,Unf
974,1428,0,0,1428,0,0,Gd,TA,No,Unf,Unf
975,728,0,0,728,0,0,Gd,TA,No,Unf,Unf
976,673,641,0,32,1,0,Gd,TA,No,GLQ,Unf
977,440,0,0,440,0,0,Gd,TA,No,Unf,Unf
978,1241,1106,0,135,1,0,Gd,TA,No,GLQ,Unf
979,894,552,0,342,0,0,TA,TA,No,LwQ,Unf
980,1121,651,0,470,1,0,TA,TA,No,Rec,Unf
981,944,867,0,77,1,0,TA,TA,Av,ALQ,Unf
982,1225,854,0,371,1,0,Gd,TA,No,GLQ,Unf
983,1266,0,0,1266,0,0,Gd,TA,Av,Unf,Unf
984,1128,0,0,1128,0,0,Gd,TA,Mn,Unf,Unf
985,0,0,0,0,0,0,No_Feature,No_Feature,No_Feature,No_Feature,No_Feature
986,1164,1040,0,124,1,0,TA,TA,No,ALQ,Unf
987,485,0,0,485,0,0,TA,Fa,No,Unf,Unf
988,1930,1646,0,284,1,0,Ex,TA,Av,GLQ,Unf
989,848,156,0,692,0,0,TA,TA,No,LwQ,Unf
990,770,0,0,770,0,0,Gd,Gd,No,Unf,Unf
991,1396,1074,0,322,1,0,Gd,TA,No,GLQ,Unf
992,916,216,0,700,0,0,TA,TA,No,BLQ,Unf
993,822,536,117,169,0,0,TA,TA,Gd,BLQ,Rec
994,750,0,0,750,0,0,Gd,TA,No,Unf,Unf
995,1700,1172,0,528,1,0,Ex,TA,Gd,GLQ,Unf
996,747,384,0,363,1,0,TA,TA,No,ALQ,Unf
997,1050,915,0,135,1,0,TA,TA,No,Rec,Unf
998,1442,0,0,1442,0,0,TA,TA,No,Unf,Unf
999,1007,0,0,1007,0,0,TA,Fa,No,Unf,Unf
1000,1187,686,0,501,1,0,Gd,TA,Av,GLQ,Unf
1001,0,0,0,0,0,0,No_Feature,No_Feature,No_Feature,No_Feature,No_Feature
1002,691,0,0,691,0,0,Fa,TA,No,Unf,Unf
1003,1574,24,0,1550,0,0,Gd,TA,No,GLQ,Unf
1004,1680,0,0,1680,0,0,TA,TA,No,Unf,Unf
1005,1346,16,0,1330,0,0,Gd,TA,No,GLQ,Unf
1006,985,595,0,390,0,0,Gd,Gd,Av,GLQ,Unf
1007,1657,1237,0,420,0,1,Gd,TA,No,LwQ,Unf
1008,546,273,273,0,0,0,TA,TA,No,BLQ,LwQ
1009,1710,0,0,1710,0,0,Ex,TA,Mn,Unf,Unf
1010,1008,0,0,1008,0,0,TA,TA,No,Unf,Unf
1011,720,0,0,720,0,0,TA,TA,No,Unf,Unf
1012,0,0,0,0,0,0,No_Feature,No_Feature,No_Feature,No_Feature,No_Feature
1013,602,0,0,602,0,0,TA,Fa,No,Unf,Unf
1014,1022,247,465,310,1,0,TA,TA,No,ALQ,Rec
1015,1082,336,0,746,0,0,TA,Fa,No,BLQ,Unf
1016,810,643,0,167,1,0,Gd,TA,No,GLQ,Unf
1017,1504,690,0,814,1,0,Gd,TA,Gd,GLQ,Unf
1018,1220,1036,0,184,1,0,Gd,TA,Av,GLQ,Unf
1019,384,0,0,384,0,0,Gd,TA,No,Unf,Unf
1020,1362,16,0,1346,0,0,Gd,TA,Gd,GLQ,Unf
1021,1132,1024,0,108,1,0,Gd,TA,No,GLQ,Unf
1022,1199,684,0,515,1,0,Gd,TA,Av,GLQ,Unf
1023,912,324,0,588,0,0,TA,TA,No,LwQ,Unf
1024,1346,16,0,1330,0,0,Gd,Gd,No,GLQ,Unf
1025,1565,1165,400,0,1,0,Gd,TA,Av,ALQ,LwQ
1026,882,138,468,276,1,0,TA,TA,No,LwQ,Rec
1027,1268,697,0,571,1,0,TA,TA,No,Rec,Unf
1028,1638,1513,0,125,1,0,Gd,TA,Gd,GLQ,Unf
1029,768,368,41,359,1,0,TA,TA,No,Rec,BLQ
1030,672,317,0,355,0,1,TA,TA,No,BLQ,Unf
1031,686,0,0,686,0,0,TA,TA,Mn,Unf,Unf
1032,824,523,0,301,1,0,TA,TA,No,GLQ,Unf
1033,1338,1012,0,326,1,0,Gd,Gd,No,GLQ,Unf
1034,1654,986,0,668,1,0,Gd,TA,No,GLQ,Unf
1035,920,0,0,920,0,0,Fa,Fa,No,Unf,Unf
1036,0,0,0,0,0,0,No_Feature,No_Feature,No_Feature,No_Feature,No_Feature
1037,1620,1022,0,598,1,0,Ex,TA,Gd,GLQ,Unf
1038,1055,0,0,1055,0,0,Gd,TA,No,Unf,Unf
1039,546,0,0,546,0,0,TA,TA,No,Unf,Unf
1040,630,509,0,121,1,0,Gd,TA,Av,GLQ,Unf
1041,1134,168,682,284,1,0,TA,TA,No,Rec,BLQ
1042,800,400,64,336,0,1,TA,TA,No,GLQ,Rec
1043,1306,900,0,406,1,0,Gd,TA,Av,ALQ,Unf
1044,1475,1085,0,390,1,0,Gd,TA,No,GLQ,Unf
1045,2524,1104,0,1420,1,0,Gd,TA,No,ALQ,Unf
1046,0,0,0,0,0,0,No_Feature,No_Feature,No_Feature,No_Feature,No_Feature
1047,1992,240,0,1752,0,0,Ex,TA,Av,GLQ,Unf
1048,990,686,0,304,0,1,Gd,TA,No,GLQ,Unf
1049,0,0,0,0,0,0,No_Feature,No_Feature,No_Feature,No_Feature,No_Feature
1050,0,0,0,0,0,0,No_Feature,No_Feature,No_Feature,No_Feature,No_Feature
1051,1302,0,0,1302,0,0,Gd,TA,Av,Unf,Unf
1052,1316,0,0,1316,0,0,Gd,TA,Av,Unf,Unf
1053,816,442,0,374,0,1,TA,TA,No,Rec,Unf
1054,1216,383,0,833,0,0,TA,TA,Av,Rec,Unf
1055,1065,932,0,133,1,0,Gd,TA,Mn,GLQ,Unf
1056,1193,644,0,549,0,1,Gd,TA,No,ALQ,Unf
1057,1364,659,0,705,1,0,Gd,TA,Av,GLQ,Unf
1058,973,595,0,378,0,0,Gd,TA,No,GLQ,Unf
1059,1104,936,0,168,1,0,Ex,TA,Av,GLQ,Unf
1060,854,297,557,0,0,0,TA,TA,Mn,Rec,LwQ
1061,1338,616,0,722,1,0,Gd,TA,Mn,GLQ,Unf
1062,894,0,0,894,0,0,TA,TA,No,Unf,Unf
1063,662,0,0,662,0,0,TA,TA,No,Unf,Unf
1064,1103,397,0,706,0,0,TA,TA,No,BLQ,Unf
1065,1154,740,230,184,0,0,TA,TA,Mn,BLQ,Rec
1066,1306,1201,0,105,1,0,Ex,TA,Gd,GLQ,Unf
1067,799,0,0,799,0,0,Gd,TA,No,Unf,Unf
1068,780,674,106,0,1,0,TA,TA,Gd,GLQ,LwQ
1069,942,837,0,105,1,0,Gd,TA,No,ALQ,Unf
1070,845,220,0,625,0,1,TA,TA,No,ALQ,Unf
1071,1048,586,0,462,1,0,TA,TA,No,BLQ,Unf
1072,727,298,0,429,0,0,TA,TA,No,Rec,Unf
1073,810,0,0,810,1,1,Fa,Fa,Mn,Unf,Unf
1074,690,535,0,155,0,0,TA,TA,No,BLQ,Unf
1075,1240,0,0,1240,0,0,Gd,TA,Av,Unf,Unf
1076,800,410,0,390,0,0,TA,TA,No,BLQ,Unf
1077,796,626,0,170,0,1,Fa,TA,No,ALQ,Unf
1078,1096,75,791,230,1,0,TA,TA,Mn,BLQ,Rec
1079,848,662,0,186,1,0,Gd,TA,Mn,GLQ,Unf
1080,990,495,0,495,0,0,Gd,TA,No,GLQ,Unf
1081,1258,656,0,602,0,1,TA,TA,No,ALQ,Unf
1082,1040,824,0,216,1,0,TA,TA,No,ALQ,Unf
1083,1459,0,0,1459,0,0,Gd,TA,No,Unf,Unf
1084,1251,553,0,698,1,0,TA,TA,No,BLQ,Unf
1085,691,592,0,99,0,0,Gd,TA,No,ALQ,Unf
1086,936,747,0,189,1,0,Gd,TA,Av,GLQ,Unf
1087,546,334,0,212,0,0,TA,TA,No,BLQ,Unf
1088,1082,0,0,1082,0,0,Gd,TA,Mn,Unf,Unf
1089,970,0,0,970,0,0,Gd,TA,No,Unf,Unf
1090,1247,1039,0,208,1,0,Gd,TA,No,GLQ,Unf
1091,0,0,0,0,0,0,No_Feature,No_Feature,No_Feature,No_Feature,No_Feature
1092,600,510,0,90,1,0,Gd,TA,No,BLQ,Unf
1093,1181,423,0,758,0,0,TA,TA,No,Rec,Unf
1094,864,661,0,203,1,0,TA,TA,Mn,GLQ,Unf
1095,936,248,240,448,1,0,TA,TA,No,BLQ,Rec
1096,1314,24,0,1290,0,0,Gd,TA,No,GLQ,Unf
1097,684,0,0,684,0,0,TA,TA,No,Unf,Unf
1098,1074,0,0,1074,0,0,Gd,TA,No,Unf,Unf
1099,672,672,0,0,0,0,TA,TA,No,BLQ,Unf
1100,1271,704,0,567,0,0,Gd,TA,No,ALQ,Unf
1101,290,290,0,0,0,0,TA,Fa,No,Rec,Unf
1102,950,412,287,251,0,0,TA,TA,No,BLQ,LwQ
1103,1010,588,0,422,0,0,TA,TA,No,Rec,Unf
1104,655,655,0,0,0,1,TA,TA,Mn,ALQ,Unf
1105,630,0,0,630,0,0,TA,TA,No,Unf,Unf
1106,1463,1032,0,431,1,0,Ex,TA,Av,GLQ,Unf
1107,910,738,0,172,1,0,Gd,TA,Mn,GLQ,Unf
1108,868,0,0,868,0,0,Ex,Gd,No,Unf,Unf
1109,924,0,0,924,0,0,Gd,TA,No,Unf,Unf
1110,1836,1039,0,797,1,0,Ex,TA,Mn,GLQ,Unf
1111,773,219,0,554,1,0,Gd,TA,No,GLQ,Unf
1112,803,403,0,400,0,0,TA,TA,No,ALQ,Unf
1113,816,708,0,108,1,0,TA,TA,No,GLQ,Unf
1114,1008,643,0,365,1,0,TA,TA,No,BLQ,Unf
1115,833,415,0,418,0,0,TA,TA,No,Rec,Unf
1116,1734,1004,0,730,1,0,Ex,TA,No,GLQ,Unf
1117,408,353,0,55,1,0,Gd,TA,No,GLQ,Unf
1118,894,702,0,192,1,0,TA,TA,No,BLQ,Unf
1119,533,0,0,533,0,1,TA,TA,No,Unf,Unf
1120,1040,369,0,671,0,0,TA,TA,No,LwQ,Unf
1121,1012,0,0,1012,0,0,TA,TA,No,Unf,Unf
1122,1552,24,0,1528,0,0,Gd,TA,Av,GLQ,Unf
1123,672,0,0,672,0,0,TA,TA,No,Unf,Unf
1124,698,0,0,698,0,1,TA,TA,No,Unf,Unf
1125,384,0,0,384,0,0,Gd,TA,No,Unf,Unf
1126,1005,0,0,1005,0,0,TA,TA,No,Unf,Unf
1127,1373,0,0,1373,0,0,Gd,TA,No,Unf,Unf
1128,1530,1300,0,230,1,0,Gd,TA,Av,GLQ,Unf
1129,847,0,0,847,0,0,Gd,TA,Av,Unf,Unf
1130,936,936,0,0,1,0,Gd,TA,Gd,GLQ,Unf
1131,1122,622,0,500,1,0,TA,TA,No,BLQ,Unf
1132,974,212,0,762,0,0,Gd,TA,Mn,BLQ,Unf
1133,1008,0,0,1008,0,0,TA,TA,Mn,Unf,Unf
1134,1128,584,0,544,0,0,Gd,TA,No,GLQ,Unf
1135,916,0,0,916,0,0,Gd,TA,Av,Unf,Unf
1136,960,0,0,960,0,0,TA,TA,No,Unf,Unf
1137,1032,280,0,752,0,0,TA,TA,No,BLQ,Unf
1138,780,0,0,780,0,0,TA,TA,No,Unf,Unf
1139,1567,1567,0,0,1,0,TA,TA,Gd,ALQ,Unf
1140,915,645,0,270,0,0,TA,TA,No,BLQ,Unf
1141,952,852,0,100,1,0,TA,TA,Mn,ALQ,Unf
1142,780,381,0,399,1,0,TA,TA,No,ALQ,Unf
1143,1466,1150,0,316,1,0,Ex,TA,Gd,GLQ,Unf
1144,1006,288,0,718,0,0,TA,TA,No,GLQ,Unf
1145,672,348,0,324,1,0,Gd,TA,No,BLQ,Unf
1146,1042,0,0,1042,0,0,TA,TA,No,Unf,Unf
1147,1298,1258,0,40,1,0,Gd,TA,No,GLQ,Unf
1148,704,275,0,429,0,0,TA,TA,No,Rec,Unf
1149,572,0,0,572,0,0,TA,TA,No,Unf,Unf
1150,650,624,0,26,0,1,TA,TA,No,ALQ,Unf
1151,932,0,0,932,0,0,TA,TA,No,Unf,Unf
1152,1466,176,0,1290,0,0,TA,TA,No,BLQ,Unf
1153,1073,296,547,230,0,0,TA,TA,No,ALQ,GLQ
1154,816,538,0,278,0,0,TA,TA,Av,ALQ,Unf
1155,864,454,0,410,0,0,TA,TA,Gd,ALQ,Unf
1156,1437,1157,0,280,1,0,Gd,TA,Gd,ALQ,Unf
1157,1219,633,0,586,0,1,TA,TA,Gd,ALQ,Unf
1158,1314,904,0,410,1,0,Gd,TA,No,GLQ,Unf
1159,1580,0,0,1580,0,0,Gd,TA,No,Unf,Unf
1160,901,442,0,459,0,0,TA,TA,No,ALQ,Unf
1161,855,311,0,544,0,0,Gd,TA,No,ALQ,Unf
1162,1296,728,0,568,1,0,TA,TA,No,BLQ,Unf
1163,894,492,0,402,0,0,Gd,TA,No,BLQ,Unf
1164,1198,1198,0,0,2,0,Gd,TA,Av,GLQ,Unf
1165,1360,680,391,289,1,0,Gd,TA,Gd,ALQ,Rec
1166,1502,0,0,1502,0,0,Gd,TA,No,Unf,Unf
1167,1694,0,0,1694,0,0,Gd,TA,Av,Unf,Unf
1168,959,786,0,173,1,0,Gd,TA,No,GLQ,Unf
1169,1127,626,0,501,0,0,TA,TA,No,Rec,Unf
1170,1930,1387,0,543,1,0,Ex,TA,Gd,GLQ,Unf
1171,1096,522,0,574,1,0,TA,TA,Av,ALQ,Unf
1172,1261,662,0,599,1,0,TA,TA,No,ALQ,Unf
1173,625,0,0,625,0,0,Gd,TA,No,Unf,Unf
1174,1598,152,469,977,0,0,TA,TA,No,Rec,BLQ
1175,952,503,0,449,0,0,Gd,TA,No,Rec,Unf
1176,1683,700,0,983,0,0,Gd,TA,No,GLQ,Unf
1177,876,658,0,218,1,0,TA,TA,No,ALQ,Unf
1178,818,468,0,350,0,0,TA,TA,No,Rec,Unf
1179,731,0,0,731,0,0,TA,TA,No,Unf,Unf
1180,0,0,0,0,0,0,No_Feature,No_Feature,No_Feature,No_Feature,No_Feature
1181,1216,1216,0,0,0,0,Gd,TA,No,LwQ,Unf
1182,1600,1480,0,120,1,1,Ex,TA,Gd,GLQ,Unf
1183,2396,2096,0,300,1,0,Ex,TA,Av,GLQ,Unf
1184,1120,821,0,299,1,0,TA,TA,No,Rec,Unf
1185,1572,1159,0,413,1,0,TA,TA,Gd,Rec,Unf
1186,784,392,0,392,1,0,TA,TA,No,BLQ,Unf
1187,978,440,0,538,1,0,Fa,TA,Mn,BLQ,Unf
1188,1624,1456,0,168,1,0,Gd,TA,No,GLQ,Unf
1189,831,0,0,831,0,0,Gd,TA,No,Unf,Unf
1190,994,0,0,994,0,0,TA,TA,No,Unf,Unf
1191,1249,1159,0,90,1,0,TA,TA,Av,BLQ,Unf
1192,776,0,0,776,0,0,Gd,TA,No,Unf,Unf
1193,702,0,0,702,0,0,TA,TA,Mn,Unf,Unf
1194,1224,883,0,341,1,0,Ex,TA,No,GLQ,Unf
1195,663,371,0,292,0,0,TA,TA,No,ALQ,Unf
1196,728,0,0,728,0,0,Gd,TA,No,Unf,Unf
1197,879,0,0,879,0,0,Gd,TA,Av,Unf,Unf
1198,815,0,0,815,0,0,TA,TA,No,Unf,Unf
1199,1212,0,0,1212,0,0,Gd,TA,No,Unf,Unf
1200,1051,547,0,504,0,0,TA,TA,No,Rec,Unf
1201,864,0,0,864,0,0,TA,TA,No,Unf,Unf
1202,866,0,0,866,0,0,Gd,TA,Av,Unf,Unf
1203,884,0,0,884,1,0,TA,TA,No,Unf,Unf
1204,1630,0,0,1630,0,0,Gd,TA,No,Unf,Unf
1205,1056,788,0,268,1,0,Gd,TA,No,ALQ,Unf
1206,2158,485,177,1496,0,0,Gd,TA,Mn,ALQ,BLQ
1207,1056,1056,0,0,1,0,TA,TA,No,Rec,Unf
1208,1682,340,0,1342,1,0,Gd,TA,Av,GLQ,Unf
1209,931,504,108,319,1,0,TA,TA,No,Rec,BLQ
1210,1660,1220,0,440,1,0,Ex,TA,Mn,GLQ,Unf
1211,1055,0,0,1055,0,0,Gd,TA,No,Unf,Unf
1212,559,427,0,132,0,0,Gd,TA,Av,GLQ,Unf
1213,672,344,0,328,1,0,TA,TA,No,Rec,Unf
1214,648,648,0,0,1,1,TA,Gd,Av,GLQ,Unf
1215,925,784,0,141,1,0,TA,TA,Av,BLQ,Unf
1216,894,180,374,340,0,0,TA,TA,No,Rec,LwQ
1217,0,0,0,0,0,0,No_Feature,No_Feature,No_Feature,No_Feature,No_Feature
1218,1300,936,0,364,1,0,Gd,TA,Mn,GLQ,Unf
1219,0,0,0,0,0,0,No_Feature,No_Feature,No_Feature,No_Feature,No_Feature
1220,672,0,0,672,0,0,TA,TA,No,Unf,Unf
1221,912,312,600,0,0,0,TA,TA,No,Rec,LwQ
1222,952,250,492,210,0,0,TA,TA,No,BLQ,LwQ
1223,1040,196,0,844,0,0,TA,TA,Mn,Rec,Unf
1224,2136,756,0,1380,0,0,TA,Fa,No,LwQ,Unf
1225,788,724,0,64,1,0,Gd,TA,Av,GLQ,Unf
1226,588,507,0,81,0,1,TA,TA,Av,GLQ,Unf
1227,894,0,0,894,0,0,Gd,TA,Mn,Unf,Unf
1228,912,595,0,317,1,0,TA,TA,No,ALQ,Unf
1229,1702,1540,0,162,1,0,Ex,TA,No,GLQ,Unf
1230,1075,666,0,409,0,0,TA,TA,No,ALQ,Unf
1231,1361,498,211,652,0,0,Gd,TA,No,GLQ,Rec
1232,1106,803,0,303,1,0,TA,TA,Av,ALQ,Unf
1233,0,0,0,0,0,0,No_Feature,No_Feature,No_Feature,No_Feature,No_Feature
1234,1188,1000,0,188,1,0,TA,TA,No,Rec,Unf
1235,940,0,0,940,0,0,TA,TA,Av,Unf,Unf
1236,747,0,0,747,0,0,Gd,TA,Mn,Unf,Unf
1237,764,0,0,764,0,0,Gd,TA,No,Unf,Unf
1238,847,0,0,847,0,0,Gd,TA,No,Unf,Unf
1239,1141,0,0,1141,0,0,Gd,TA,No,Unf,Unf
1240,1476,428,0,1048,0,0,Gd,TA,Av,GLQ,Unf
1241,884,550,0,334,1,0,Gd,TA,No,GLQ,Unf
1242,1689,0,0,1689,0,0,Gd,TA,Av,Unf,Unf
1243,1053,885,168,0,1,0,Gd,TA,Gd,GLQ,LwQ
1244,2076,1386,0,690,1,0,Ex,Gd,Gd,GLQ,Unf
1245,792,0,0,792,0,0,Gd,TA,No,Unf,Unf
1246,585,0,0,585,0,0,Gd,TA,No,Unf,Unf
1247,756,0,0,756,0,0,Gd,TA,No,Unf,Unf
1248,1012,539,0,473,1,0,TA,TA,Av,GLQ,Unf
1249,735,319,0,416,0,0,Gd,TA,No,Rec,Unf
1250,876,534,96,246,0,0,TA,TA,No,BLQ,Rec
1251,2110,1065,0,1045,1,0,TA,TA,No,ALQ,Unf
1252,1405,0,0,1405,0,0,Gd,TA,No,Unf,Unf
1253,864,510,0,354,1,0,TA,TA,No,BLQ,Unf
1254,1192,125,1031,36,1,0,TA,TA,Gd,LwQ,ALQ
1255,746,0,0,746,0,0,Gd,TA,No,Unf,Unf
1256,884,425,0,459,0,0,TA,Fa,No,LwQ,Unf
1257,1986,1314,0,672,1,0,Gd,TA,Gd,GLQ,Unf
1258,864,0,0,864,0,0,Fa,TA,No,Unf,Unf
1259,856,655,0,201,1,0,Gd,TA,Gd,GLQ,Unf
1260,1054,602,438,14,1,0,Gd,TA,No,ALQ,LwQ
1261,841,0,0,841,0,0,Gd,TA,No,Unf,Unf
1262,1050,504,0,546,0,0,TA,TA,No,Rec,Unf
1263,1104,0,0,1104,1,0,TA,TA,Av,Unf,Unf
1264,764,0,0,764,0,0,TA,TA,No,Unf,Unf
1265,1405,266,0,1139,1,0,Gd,TA,No,GLQ,Unf
1266,691,450,0,241,1,0,Gd,TA,No,GLQ,Unf
1267,925,0,0,925,0,0,TA,TA,No,Unf,Unf
1268,2002,0,0,2002,0,0,Ex,TA,Gd,Unf,Unf
1269,728,192,0,536,0,0,TA,TA,Mn,Rec,Unf
1270,874,460,0,414,0,0,TA,TA,No,BLQ,Unf
1271,1332,1258,0,74,2,0,Gd,TA,Gd,GLQ,Unf
1272,1489,0,0,1489,0,0,TA,TA,No,Unf,Unf
1273,935,560,375,0,1,0,TA,TA,No,BLQ,LwQ
1274,1019,719,0,300,1,0,TA,TA,Av,ALQ,Unf
1275,661,0,0,661,0,0,TA,TA,No,Unf,Unf
1276,928,220,0,708,0,0,TA,TA,No,Rec,Unf
1277,723,593,0,130,0,1,TA,Gd,No,BLQ,Unf
1278,1680,528,0,1152,1,0,Gd,TA,Av,ALQ,Unf
1279,1128,804,0,324,1,0,Gd,TA,No,GLQ,Unf
1280,698,0,0,698,0,0,TA,TA,No,Unf,Unf
1281,1573,788,0,785,1,0,Gd,TA,No,GLQ,Unf
1282,1309,1053,0,256,1,0,Gd,TA,No,ALQ,Unf
1283,1040,532,144,364,0,0,Gd,TA,Mn,LwQ,Rec
1284,912,0,0,912,0,0,TA,TA,Av,Unf,Unf
1285,804,0,0,804,0,0,TA,TA,No,Unf,Unf
1286,780,0,0,780,0,0,TA,TA,No,Unf,Unf
1287,1328,569,81,678,1,0,TA,TA,No,ALQ,Rec
1288,1624,812,0,812,0,1,TA,TA,Av,Rec,Unf
1289,1501,1158,0,343,1,0,Gd,TA,No,GLQ,Unf
1290,1085,0,0,1085,0,0,Gd,TA,Mn,Unf,Unf
1291,1152,1014,0,138,1,0,TA,TA,Av,GLQ,Unf
1292,630,231,0,399,0,0,TA,TA,No,ALQ,Unf
1293,994,0,0,994,0,0,TA,TA,No,Unf,Unf
1294,832,194,0,638,0,0,Gd,TA,No,GLQ,Unf
1295,864,167,0,697,1,0,TA,TA,No,Rec,Unf
1296,1052,1016,0,36,1,0,TA,TA,Av,BLQ,Unf
1297,1120,776,0,344,1,0,TA,TA,Mn,ALQ,Unf
1298,547,547,0,0,1,0,Gd,TA,Gd,GLQ,Unf
1299,6110,5644,0,466,2,0,Ex,TA,Gd,GLQ,Unf
1300,1246,340,906,0,1,0,TA,TA,No,LwQ,Rec
1301,978,694,0,284,0,0,Gd,TA,No,GLQ,Unf
1302,771,547,0,224,0,0,TA,TA,No,BLQ,Unf
1303,1165,740,0,425,1,0,Gd,TA,No,GLQ,Unf
1304,1616,0,0,1616,0,0,Gd,TA,Av,Unf,Unf
1305,976,0,0,976,0,0,Gd,TA,No,Unf,Unf
1306,1652,1572,0,80,1,0,Ex,TA,No,GLQ,Unf
1307,1368,0,0,1368,0,0,Gd,TA,No,Unf,Unf
1308,990,746,0,244,1,0,Gd,Gd,No,ALQ,Unf
1309,924,144,608,172,1,0,TA,TA,No,GLQ,ALQ
1310,1278,1200,0,78,1,0,Gd,TA,No,GLQ,Unf
1311,1902,1406,0,496,1,0,Gd,TA,Av,GLQ,Unf
1312,1274,925,0,349,1,0,Gd,TA,No,GLQ,Unf
1313,1453,482,0,971,0,0,Ex,TA,No,GLQ,Unf
1314,1393,0,0,1393,0,0,Gd,TA,No,Unf,Unf
1315,948,732,0,216,1,0,TA,TA,No,Rec,Unf
1316,952,500,276,176,0,0,Fa,TA,Mn,ALQ,LwQ
1317,1622,0,0,1622,1,0,Ex,TA,Gd,Unf,Unf
1318,1352,0,0,1352,0,0,Ex,Gd,No,Unf,Unf
1319,1753,0,0,1753,0,0,Gd,TA,Gd,Unf,Unf
1320,864,492,0,372,0,0,TA,TA,No,ALQ,Unf
1321,1478,189,661,628,1,0,TA,TA,No,ALQ,Rec
1322,0,0,0,0,0,0,No_Feature,No_Feature,No_Feature,No_Feature,No_Feature
1323,750,674,0,76,1,0,Gd,TA,No,GLQ,Unf
1324,420,280,0,140,0,0,TA,TA,No,LwQ,Unf
1325,1795,0,0,1795,0,0,Ex,TA,Av,Unf,Unf
1326,796,0,0,796,0,0,TA,Fa,No,Unf,Unf
1327,544,544,0,0,0,0,TA,TA,No,Rec,Unf
1328,816,641,0,175,0,1,TA,TA,No,ALQ,Unf
1329,1510,493,0,1017,0,0,Gd,TA,No,LwQ,Unf
1330,935,0,0,935,0,0,Gd,TA,No,Unf,Unf
1331,1588,0,0,1588,0,0,Gd,Gd,Av,Unf,Unf
1332,911,483,0,428,0,0,TA,TA,Av,ALQ,Unf
1333,816,690,0,126,1,0,TA,TA,Mn,ALQ,Unf
1334,803,0,0,803,0,0,TA,TA,No,Unf,Unf
1335,765,765,0,0,0,0,TA,TA,No,LwQ,Unf
1336,1350,686,0,664,0,1,Gd,TA,No,ALQ,Unf
1337,1656,0,0,1656,0,0,TA,TA,No,Unf,Unf
1338,693,0,0,693,0,0,TA,TA,No,Unf,Unf
1339,916,700,0,216,1,0,Gd,TA,No,GLQ,Unf
1340,864,360,0,504,0,0,TA,TA,Mn,Rec,Unf
1341,858,0,0,858,0,0,TA,TA,No,Unf,Unf
1342,1114,814,0,300,1,0,Gd,TA,No,GLQ,Unf
1343,1284,0,0,1284,0,0,Gd,TA,No,Unf,Unf
1344,896,0,0,896,0,0,TA,TA,No,Unf,Unf
1345,728,0,0,728,0,0,Gd,TA,No,Unf,Unf
1346,960,250,0,710,0,0,TA,TA,No,ALQ,Unf
1347,1568,297,68,1203,0,0,TA,TA,No,BLQ,Rec
1348,1732,80,0,1652,1,0,Ex,TA,Gd,GLQ,Unf
1349,1482,1443,0,39,1,0,Gd,TA,Gd,GLQ,Unf
1350,684,259,0,425,0,0,TA,Fa,No,LwQ,Unf
1351,1248,500,0,748,1,1,TA,TA,No,LwQ,Unf
1352,858,319,0,539,0,0,TA,TA,No,Rec,Unf
1353,698,0,0,698,0,0,TA,TA,No,Unf,Unf
1354,2033,816,0,1217,1,0,Gd,TA,Av,GLQ,Unf
1355,992,735,0,257,1,0,Gd,TA,No,GLQ,Unf
1356,570,0,0,570,0,0,TA,TA,No,Unf,Unf
1357,864,340,0,524,0,0,TA,TA,No,Rec,Unf
1358,1078,734,0,344,1,0,TA,TA,No,GLQ,Unf
1359,756,378,0,378,0,0,Gd,TA,No,GLQ,Unf
1360,1980,1447,0,533,1,0,Ex,TA,Av,GLQ,Unf
1361,612,0,0,612,0,0,TA,Fa,No,Unf,Unf
1362,1530,1274,0,256,1,0,Ex,TA,Av,ALQ,Unf
1363,715,0,0,715,0,0,TA,Fa,No,Unf,Unf
1364,616,0,0,616,0,0,Gd,TA,No,Unf,Unf
1365,600,0,0,600,0,0,Gd,TA,No,Unf,Unf
1366,814,533,0,281,1,0,Gd,TA,No,GLQ,Unf
1367,873,633,0,240,1,0,Gd,TA,No,GLQ,Unf
1368,757,548,173,36,0,0,TA,TA,No,ALQ,Rec
1369,848,685,0,163,1,0,Gd,TA,Av,GLQ,Unf
1370,1657,370,972,315,1,0,Gd,TA,Av,BLQ,GLQ
1371,840,315,105,420,0,0,TA,TA,No,ALQ,Rec
1372,992,831,0,161,1,0,TA,TA,Av,BLQ,Unf
1373,1108,975,0,133,1,0,Gd,TA,Av,GLQ,Unf
1374,2633,1282,0,1351,1,0,Ex,TA,Gd,GLQ,Unf
1375,1026,0,0,1026,0,0,Gd,TA,No,Unf,Unf
1376,1571,0,0,1571,0,0,Gd,TA,Gd,Unf,Unf
1377,768,384,0,384,0,0,Gd,TA,Mn,Rec,Unf
1378,984,408,420,156,0,0,TA,TA,No,LwQ,BLQ
1379,483,309,0,174,0,0,TA,Fa,No,BLQ,Unf
1380,384,0,0,384,0,0,Gd,TA,No,Unf,Unf
1381,864,203,0,661,1,0,TA,Fa,No,Rec,Unf
1382,1205,865,0,340,0,0,TA,TA,Mn,BLQ,Unf
1383,596,0,0,596,1,0,Fa,TA,No,Unf,Unf
1384,816,0,0,816,0,0,TA,TA,No,Unf,Unf
1385,560,204,0,356,0,0,TA,TA,Mn,Rec,Unf
1386,796,735,0,61,1,0,TA,TA,No,BLQ,Unf
1387,1392,790,469,133,1,0,Gd,TA,No,BLQ,LwQ
1388,714,168,546,0,0,0,TA,TA,No,Rec,LwQ
1389,1746,1320,0,426,1,0,Ex,TA,Gd,GLQ,Unf
1390,735,375,0,360,0,1,TA,Gd,No,ALQ,Unf
1391,1525,1400,0,125,1,0,Gd,TA,Av,GLQ,Unf
1392,1584,0,0,1584,0,0,TA,TA,No,Unf,Unf
1393,864,769,0,95,1,0,TA,TA,Av,ALQ,Unf
1394,482,0,0,482,0,0,Fa,TA,No,Unf,Unf
1395,1356,1070,0,286,1,0,Gd,TA,Av,GLQ,Unf
1396,1094,0,0,1094,0,0,Gd,Gd,Gd,Unf,Unf
1397,747,353,334,60,1,0,TA,TA,Av,BLQ,Rec
1398,939,0,0,939,0,0,TA,TA,Mn,Unf,Unf
1399,1208,180,352,676,1,0,TA,TA,No,Rec,BLQ
1400,976,264,0,712,0,0,TA,TA,No,BLQ,Unf
1401,862,0,0,862,0,0,TA,TA,No,Unf,Unf
1402,839,759,0,80,1,0,TA,TA,No,GLQ,Unf
1403,1286,0,0,1286,0,0,Gd,Gd,Av,Unf,Unf
1404,1485,929,0,556,1,0,Gd,TA,Gd,GLQ,Unf
1405,672,0,0,672,0,0,TA,TA,No,Unf,Unf
1406,1594,1373,0,221,1,1,Ex,TA,Gd,GLQ,Unf
1407,768,656,0,112,1,0,Gd,TA,Av,GLQ,Unf
1408,833,625,0,208,1,0,TA,TA,No,ALQ,Unf
1409,622,0,0,622,0,0,Fa,TA,No,Unf,Unf
1410,791,0,0,791,0,0,Gd,TA,No,Unf,Unf
1411,944,666,0,278,1,0,Gd,TA,No,GLQ,Unf
1412,856,120,0,736,0,0,TA,TA,No,BLQ,Unf
1413,0,0,0,0,0,0,No_Feature,No_Feature,No_Feature,No_Feature,No_Feature
1414,1844,976,0,868,1,0,Gd,Gd,No,GLQ,Unf
1415,833,0,0,833,0,0,TA,TA,No,Unf,Unf
1416,1386,988,0,398,0,1,Gd,TA,No,ALQ,Unf
1417,777,0,0,777,0,0,TA,TA,No,Unf,Unf
1418,1284,781,0,503,1,0,Gd,TA,Mn,GLQ,Unf
1419,1144,25,872,247,1,0,TA,TA,No,BLQ,Rec
1420,1844,1110,0,734,1,0,TA,TA,Av,Rec,Unf
1421,708,404,0,304,0,0,TA,TA,No,ALQ,Unf
1422,1069,360,0,709,0,0,Gd,TA,No,ALQ,Unf
1423,848,686,0,162,1,0,Gd,TA,Av,GLQ,Unf
1424,697,0,0,697,0,0,Gd,TA,Av,Unf,Unf
1425,1024,457,374,193,1,0,TA,TA,No,ALQ,Rec
1426,1252,0,0,1252,0,0,TA,TA,No,Unf,Unf
1427,1223,1000,0,223,1,0,Gd,TA,No,GLQ,Unf
1428,913,580,0,333,1,0,TA,TA,No,BLQ,Unf
1429,788,510,0,278,1,0,TA,TA,No,BLQ,Unf
1430,1440,678,0,762,0,0,Gd,TA,No,BLQ,Unf
1431,732,0,0,732,0,0,Gd,Gd,Av,Unf,Unf
1432,958,958,0,0,0,0,Gd,TA,No,LwQ,Unf
1433,656,0,0,656,0,0,TA,TA,No,Unf,Unf
1434,936,0,0,936,1,0,Gd,TA,No,Unf,Unf
1435,1126,936,0,190,1,0,TA,TA,No,ALQ,Unf
1436,1319,0,0,1319,1,0,TA,TA,No,Unf,Unf
1437,864,616,0,248,0,0,TA,TA,No,ALQ,Unf
1438,1932,1336,0,596,1,0,Ex,TA,Av,GLQ,Unf
1439,912,600,0,312,1,0,TA,TA,No,GLQ,Unf
1440,539,315,110,114,0,0,TA,TA,No,GLQ,Rec
1441,588,0,0,588,0,0,Ex,TA,No,Unf,Unf
1442,848,697,0,151,1,0,Gd,TA,Av,GLQ,Unf
1443,1017,765,0,252,1,0,Ex,TA,Av,GLQ,Unf
1444,952,0,0,952,0,0,TA,TA,No,Unf,Unf
1445,1422,0,0,1422,0,0,Gd,TA,Av,Unf,Unf
1446,814,187,627,0,1,0,TA,TA,Gd,LwQ,Rec
1447,1188,593,0,595,0,0,TA,TA,No,Rec,Unf
1448,1220,1079,0,141,1,0,Gd,TA,No,GLQ,Unf
1449,560,0,0,560,0,0,Fa,TA,No,Unf,Unf
1450,630,553,0,77,1,0,Gd,TA,Av,GLQ,Unf
1451,896,0,0,896,0,0,Gd,TA,No,Unf,Unf
1452,1573,0,0,1573,0,0,Gd,TA,No,Unf,Unf
1453,547,547,0,0,1,0,Gd,TA,Gd,GLQ,Unf
1454,1140,0,0,1140,0,0,Gd,TA,No,Unf,Unf
1455,1221,410,0,811,1,0,Gd,TA,No,GLQ,Unf
1456,953,0,0,953,0,0,Gd,TA,No,Unf,Unf
1457,1542,790,163,589,1,0,Gd,TA,No,ALQ,Rec
1458,1152,275,0,877,0,0,TA,Gd,No,GLQ,Unf
1459,1078,49,1029,0,1,0,TA,TA,Mn,GLQ,Rec
1460,1256,830,290,136,1,0,TA,TA,No,BLQ,LwQ
