Property_ID,GarageType,GarageYrBlt,GarageFinish,GarageCars,GarageArea,GarageQual,GarageCond,PavedDrive,HasGarage
1,Attchd,2003.0,RFn,2,548,TA,TA,Y,1
2,Attchd,1976.0,RFn,2,460,TA,TA,Y,1
3,Attchd,2001.0,RFn,2,608,TA,TA,Y,1
4,Detchd,1998.0,Unf,3,642,TA,TA,Y,1
5,Attchd,2000.0,RFn,3,836,TA,TA,Y,1
6,Attchd,1993.0,Unf,2,480,TA,TA,Y,1
7,Attchd,2004.0,RFn,2,636,TA,TA,Y,1
8,Attchd,1973.0,RFn,2,484,TA,TA,Y,1
9,Detchd,1931.0,Unf,2,468,Fa,TA,Y,1
10,Attchd,1939.0,RFn,1,205,Gd,TA,Y,1
11,Detchd,1965.0,Unf,1,384,TA,TA,Y,1
12,BuiltIn,2005.0,Fin,3,736,TA,TA,Y,1
13,Detchd,1962.0,Unf,1,352,TA,TA,Y,1
14,Attchd,2006.0,RFn,3,840,TA,TA,Y,1
15,Attchd,1960.0,RFn,1,352,TA,TA,Y,1
16,Detchd,1991.0,Unf,2,576,TA,TA,Y,1
17,Attchd,1970.0,Fin,2,480,TA,TA,Y,1
18,CarPort,1967.0,Unf,2,516,TA,TA,Y,1
19,Detchd,2004.0,Unf,2,576,TA,TA,Y,1
20,Attchd,1958.0,Unf,1,294,TA,TA,Y,1
21,BuiltIn,2005.0,RFn,3,853,TA,TA,Y,1
22,Attchd,1930.0,Unf,1,280,TA,TA,N,1
23,Attchd,2002.0,RFn,2,534,TA,TA,Y,1
24,Attchd,1976.0,Unf,2,572,TA,TA,Y,1
25,Attchd,1968.0,Unf,1,270,TA,TA,Y,1
26,Attchd,2007.0,RFn,3,890,TA,TA,Y,1
27,Detchd,2005.0,Unf,2,576,TA,TA,Y,1
28,Attchd,2008.0,RFn,3,772,TA,TA,Y,1
29,Attchd,1957.0,RFn,1,319,TA,TA,Y,1
30,Detchd,1920.0,Unf,1,240,Fa,TA,Y,1
31,Detchd,1920.0,Unf,1,250,TA,Fa,N,1
32,Attchd,1966.0,Unf,1,271,TA,TA,Y,1
33,Attchd,2007.0,RFn,2,484,TA,TA,Y,1
34,Attchd,1959.0,RFn,2,447,TA,TA,Y,1
35,Attchd,2005.0,Fin,2,556,TA,TA,Y,1
36,BuiltIn,2004.0,Fin,3,691,TA,TA,Y,1
37,Attchd,1995.0,Unf,2,672,TA,TA,Y,1
38,Attchd,1954.0,Fin,2,498,TA,TA,Y,1
39,Detchd,1953.0,Unf,1,246,TA,TA,Y,1
40,No_Feature,0.0,No_Feature,0,0,No_Feature,No_Feature,N,0
41,Attchd,1965.0,RFn,2,440,TA,TA,Y,1
42,Attchd,1959.0,RFn,1,308,TA,TA,P,1
43,Attchd,1983.0,RFn,2,504,TA,Gd,Y,1
44,Detchd,1977.0,Unf,1,308,TA,TA,Y,1
45,Attchd,1959.0,RFn,1,300,TA,TA,Y,1
46,Attchd,2005.0,RFn,2,576,TA,TA,Y,1
47,Attchd,2003.0,RFn,2,670,TA,TA,Y,1
48,Attchd,2006.0,RFn,3,826,TA,TA,Y,1
49,No_Feature,0.0,No_Feature,0,0,No_Feature,No_Feature,N,0
50,Attchd,1966.0,Unf,1,386,TA,TA,Y,1
51,Attchd,1997.0,Fin,2,388,TA,TA,Y,1
52,Detchd,1985.0,Unf,2,528,TA,TA,Y,1
53,CarPort,1963.0,Unf,2,516,TA,TA,Y,1
54,Attchd,1981.0,Fin,3,894,TA,TA,Y,1
55,Detchd,1962.0,Unf,2,572,TA,TA,Y,1
56,Attchd,1964.0,RFn,2,576,TA,TA,Y,1
57,Attchd,1999.0,Fin,2,480,TA,TA,Y,1
58,Attchd,2004.0,RFn,2,565,TA,TA,Y,1
59,BuiltIn,2006.0,Fin,3,641,TA,TA,Y,1
60,Detchd,1973.0,Unf,1,352,TA,TA,Y,1
61,Detchd,2006.0,Unf,2,576,TA,TA,Y,1
62,Detchd,1935.0,Unf,1,288,TA,TA,N,1
63,Attchd,2006.0,RFn,2,484,TA,TA,Y,1
64,Detchd,1990.0,Unf,2,480,TA,TA,Y,1
65,Attchd,1998.0,RFn,2,645,TA,TA,Y,1
66,BuiltIn,2004.0,RFn,3,852,TA,TA,Y,1
67,Attchd,1970.0,RFn,2,576,TA,TA,Y,1
68,Attchd,2003.0,RFn,2,558,TA,TA,Y,1
69,Attchd,1945.0,Unf,1,220,TA,TA,Y,1
70,Attchd,1953.0,Fin,2,667,TA,TA,Y,1
71,Attchd,1973.0,Fin,2,516,TA,TA,Y,1
72,Detchd,1987.0,Unf,2,360,TA,TA,Y,1
73,Attchd,1998.0,Fin,2,427,TA,TA,Y,1
74,Attchd,1989.0,Unf,2,490,TA,TA,Y,1
75,Detchd,1915.0,Unf,1,379,TA,TA,Y,1
76,BuiltIn,1973.0,Unf,1,297,TA,TA,Y,1
77,Detchd,1956.0,Unf,1,283,TA,TA,Y,1
78,Detchd,1948.0,Unf,1,240,TA,TA,Y,1
79,No_Feature,0.0,No_Feature,0,0,No_Feature,No_Feature,Y,0
80,Detchd,1966.0,Unf,2,440,TA,TA,Y,1
81,Attchd,1968.0,Fin,1,509,TA,TA,Y,1
82,Attchd,1998.0,Fin,2,405,TA,TA,Y,1
83,Attchd,2007.0,RFn,3,758,TA,TA,Y,1
84,Detchd,1974.0,Unf,2,461,TA,TA,Y,1
85,BuiltIn,1995.0,Fin,2,400,TA,TA,Y,1
86,Attchd,1991.0,Unf,2,462,TA,TA,Y,1
87,BuiltIn,2005.0,Fin,2,400,TA,TA,Y,1
88,Detchd,2009.0,RFn,2,528,TA,TA,Y,1
89,No_Feature,0.0,No_Feature,0,0,No_Feature,No_Feature,N,0
90,No_Feature,0.0,No_Feature,0,0,No_Feature,No_Feature,Y,0
91,Detchd,1950.0,Unf,2,420,TA,TA,Y,1
92,Attchd,1961.0,Unf,2,480,TA,TA,Y,1
93,Detchd,1921.0,Unf,2,432,TA,TA,Y,1
94,Detchd,1900.0,Unf,2,506,TA,TA,Y,1
95,Attchd,1997.0,RFn,2,684,TA,TA,Y,1
96,BuiltIn,1993.0,Fin,2,420,TA,TA,Y,1
97,Attchd,1999.0,RFn,2,472,TA,TA,Y,1
98,Attchd,1965.0,Fin,1,432,TA,TA,P,1
99,Basment,1920.0,Unf,1,366,Fa,TA,Y,1
100,No_Feature,0.0,No_Feature,0,0,No_Feature,No_Feature,Y,0
101,Attchd,1977.0,RFn,2,480,TA,TA,Y,1
102,Attchd,1985.0,Fin,2,476,TA,TA,Y,1
103,Attchd,1979.0,Unf,2,410,TA,TA,Y,1
104,Attchd,2009.0,RFn,3,740,TA,TA,Y,1
105,Detchd,1951.0,Unf,1,240,TA,TA,Y,1
106,Attchd,2003.0,RFn,2,648,TA,TA,Y,1
107,Detchd,1954.0,Unf,1,273,Fa,Fa,N,1
108,Detchd,1948.0,Unf,1,250,TA,TA,Y,1
109,No_Feature,0.0,No_Feature,0,0,No_Feature,No_Feature,N,0
110,Attchd,1977.0,RFn,2,546,TA,TA,Y,1
111,Attchd,1954.0,Unf,1,325,TA,TA,Y,1
112,BuiltIn,2000.0,Fin,2,400,TA,TA,Y,1
113,BuiltIn,2007.0,Fin,3,792,TA,TA,Y,1
114,Basment,1953.0,Unf,2,450,TA,TA,Y,1
115,Detchd,1945.0,Unf,1,180,TA,TA,Y,1
116,Detchd,1999.0,Unf,2,440,TA,TA,Y,1
117,Attchd,1962.0,Unf,1,288,TA,TA,Y,1
118,Attchd,2007.0,Unf,2,430,TA,TA,Y,1
119,Attchd,1990.0,Unf,3,594,TA,TA,Y,1
120,Attchd,2005.0,Fin,2,390,TA,TA,Y,1
121,Attchd,1969.0,Unf,2,540,TA,TA,Y,1
122,Detchd,1979.0,Unf,1,264,TA,TA,P,1
123,Attchd,1958.0,Unf,1,288,TA,TA,Y,1
124,Attchd,1993.0,RFn,2,530,TA,TA,Y,1
125,Attchd,1979.0,Unf,2,435,TA,TA,Y,1
126,No_Feature,0.0,No_Feature,0,0,No_Feature,No_Feature,N,0
127,Attchd,1977.0,RFn,2,440,TA,TA,Y,1
128,No_Feature,0.0,No_Feature,0,0,No_Feature,No_Feature,N,0
129,Attchd,1966.0,RFn,2,453,TA,TA,Y,1
130,2Types,1998.0,RFn,2,750,TA,TA,Y,1
131,Attchd,1966.0,Fin,2,487,TA,TA,Y,1
132,BuiltIn,2000.0,RFn,2,390,TA,TA,Y,1
133,Detchd,1974.0,Unf,2,624,TA,TA,Y,1
134,Attchd,2001.0,Fin,2,471,TA,TA,Y,1
135,Attchd,1968.0,RFn,2,440,TA,TA,Y,1
136,Attchd,1970.0,Unf,2,530,TA,TA,Y,1
137,Attchd,1967.0,RFn,1,318,TA,TA,Y,1
138,2Types,1989.0,Unf,3,766,TA,TA,Y,1
139,Attchd,1999.0,Fin,3,660,TA,TA,Y,1
140,Attchd,1997.0,RFn,2,470,TA,TA,Y,1
141,No_Feature,0.0,No_Feature,0,0,No_Feature,No_Feature,Y,0
142,Attchd,2005.0,Fin,2,660,TA,TA,Y,1
143,Detchd,2000.0,Unf,2,720,TA,TA,Y,1
144,Attchd,1999.0,RFn,2,577,TA,TA,Y,1
145,Detchd,1963.0,Unf,2,504,TA,TA,Y,1
146,Detchd,2004.0,Unf,2,380,TA,TA,Y,1
147,Detchd,1931.0,Unf,1,180,Fa,TA,Y,1
148,BuiltIn,2001.0,Fin,2,434,TA,TA,Y,1
149,No_Feature,0.0,No_Feature,0,0,No_Feature,No_Feature,Y,0
150,Detchd,1936.0,Unf,1,240,Fa,TA,Y,1
151,Attchd,1975.0,Unf,2,440,TA,TA,Y,1
152,Attchd,2007.0,RFn,3,866,TA,TA,Y,1
153,Attchd,1971.0,RFn,2,495,TA,TA,Y,1
154,Attchd,1960.0,RFn,2,564,TA,TA,Y,1
155,Detchd,1923.0,Unf,1,312,Fa,Fa,Y,1
156,No_Feature,0.0,No_Feature,0,0,No_Feature,No_Feature,N,0
157,Detchd,1950.0,Unf,2,625,TA,TA,Y,1
158,BuiltIn,2009.0,Fin,3,680,TA,TA,Y,1
159,Attchd,2004.0,RFn,2,678,TA,TA,Y,1
160,Attchd,2006.0,RFn,2,576,TA,TA,Y,1
161,Attchd,1984.0,Unf,2,516,TA,TA,Y,1
162,BuiltIn,2003.0,Fin,3,726,TA,TA,Y,1
163,Attchd,2005.0,RFn,2,532,TA,TA,Y,1
164,No_Feature,0.0,No_Feature,0,0,No_Feature,No_Feature,Y,0
165,Detchd,1926.0,Unf,1,216,TA,TA,Y,1
166,No_Feature,0.0,No_Feature,0,0,No_Feature,No_Feature,Y,0
167,Attchd,1955.0,Fin,1,303,TA,TA,Y,1
168,Attchd,2007.0,Fin,3,789,TA,TA,Y,1
169,Attchd,2004.0,Fin,2,440,TA,TA,Y,1
170,Attchd,1981.0,RFn,2,511,TA,TA,Y,1
171,Detchd,1991.0,Unf,2,660,TA,TA,Y,1
172,Attchd,1960.0,Fin,2,528,TA,TA,P,1
173,Attchd,1987.0,RFn,2,504,Gd,TA,Y,1
174,Attchd,1961.0,Unf,2,504,TA,TA,Y,1
175,Attchd,1986.0,Fin,2,616,TA,TA,Y,1
176,Attchd,1950.0,Unf,2,576,TA,TA,Y,1
177,Attchd,1988.0,Unf,2,521,TA,TA,Y,1
178,Attchd,1958.0,Unf,2,451,TA,TA,Y,1
179,Attchd,2009.0,Fin,3,1166,TA,TA,Y,1
180,Detchd,1935.0,Unf,2,480,Fa,TA,N,1
181,Detchd,2000.0,Unf,2,440,TA,TA,Y,1
182,Detchd,1920.0,Unf,1,216,Fa,TA,Y,1
183,Attchd,1957.0,RFn,1,252,TA,TA,Y,1
184,Detchd,2003.0,Unf,2,484,TA,TA,N,1
185,Attchd,1986.0,Unf,2,576,TA,TA,Y,1
186,Detchd,1993.0,Unf,3,840,Ex,TA,Y,1
187,Attchd,1990.0,Unf,2,497,TA,TA,Y,1
188,Detchd,1916.0,Unf,1,180,Fa,Fa,N,1
189,Detchd,1979.0,Unf,2,528,TA,TA,Y,1
190,Attchd,2001.0,Fin,2,682,TA,TA,Y,1
191,Detchd,1932.0,Unf,2,440,TA,TA,Y,1
192,Attchd,1972.0,Fin,2,484,TA,TA,Y,1
193,Attchd,1999.0,Fin,2,666,TA,TA,Y,1
194,Detchd,2004.0,Unf,2,380,TA,TA,Y,1
195,Detchd,1989.0,Unf,1,352,TA,TA,Y,1
196,Attchd,1976.0,Unf,2,440,TA,TA,Y,1
197,Attchd,2007.0,Fin,3,786,TA,TA,Y,1
198,Detchd,1918.0,Unf,2,795,TA,TA,Y,1
199,No_Feature,0.0,No_Feature,0,0,No_Feature,No_Feature,Y,0
200,Attchd,2004.0,Fin,3,856,TA,TA,Y,1
201,Attchd,2003.0,RFn,2,440,TA,TA,Y,1
202,Detchd,1980.0,Unf,2,473,TA,TA,Y,1
203,Attchd,1924.0,Unf,1,398,TA,TA,Y,1
204,Attchd,2004.0,RFn,2,420,TA,TA,Y,1
205,Detchd,1948.0,Unf,1,240,TA,TA,Y,1
206,Attchd,1990.0,RFn,2,500,TA,TA,Y,1
207,Attchd,1962.0,RFn,1,349,TA,TA,Y,1
208,Attchd,1960.0,RFn,1,312,TA,TA,Y,1
209,Attchd,1988.0,Fin,2,454,TA,TA,Y,1
210,Attchd,1964.0,RFn,2,504,TA,Gd,Y,1
211,No_Feature,0.0,No_Feature,0,0,No_Feature,No_Feature,Y,0
212,Attchd,2009.0,RFn,2,460,TA,TA,Y,1
213,Attchd,2009.0,RFn,2,644,TA,TA,Y,1
214,Attchd,1996.0,Unf,2,576,TA,TA,Y,1
215,Attchd,1977.0,Fin,1,299,TA,TA,Y,1
216,Attchd,1957.0,Unf,1,447,TA,TA,Y,1
217,Attchd,2004.0,Unf,2,484,TA,TA,Y,1
218,Detchd,1940.0,Unf,1,210,TA,TA,Y,1
219,Attchd,1939.0,Unf,2,431,TA,TA,Y,1
220,Attchd,2005.0,Fin,2,438,TA,TA,Y,1
221,Attchd,2006.0,RFn,2,675,TA,TA,Y,1
222,BuiltIn,2002.0,RFn,2,390,TA,TA,Y,1
223,Attchd,1975.0,RFn,2,434,TA,TA,Y,1
224,Detchd,1989.0,Unf,2,576,TA,TA,Y,1
225,Attchd,2003.0,Fin,3,968,TA,TA,Y,1
226,Detchd,1991.0,Unf,1,280,TA,TA,Y,1
227,Attchd,1995.0,RFn,3,721,TA,TA,Y,1
228,Detchd,1987.0,Unf,1,280,TA,TA,Y,1
229,Detchd,1974.0,Unf,1,336,TA,TA,Y,1
230,Attchd,2005.0,Fin,2,430,TA,TA,Y,1
231,Attchd,1959.0,RFn,1,312,TA,TA,Y,1
232,Attchd,1995.0,Fin,3,810,TA,TA,Y,1
233,Attchd,1972.0,Unf,1,288,TA,TA,Y,1
234,Attchd,1976.0,Unf,1,308,TA,TA,Y,1
235,BuiltIn,2002.0,Fin,2,440,TA,TA,Y,1
236,Detchd,1971.0,Unf,1,264,TA,TA,Y,1
237,Attchd,2004.0,RFn,2,494,TA,TA,Y,1
238,Attchd,1993.0,RFn,2,457,TA,TA,Y,1
239,Attchd,2007.0,Fin,3,818,TA,TA,Y,1
240,Detchd,1949.0,Unf,1,220,TA,TA,Y,1
241,Attchd,2008.0,RFn,2,750,TA,TA,Y,1
242,No_Feature,0.0,No_Feature,0,0,No_Feature,No_Feature,Y,0
243,Attchd,1940.0,Unf,1,352,Fa,TA,Y,1
244,Attchd,1980.0,RFn,1,288,TA,TA,Y,1
245,Attchd,1994.0,RFn,2,463,TA,TA,Y,1
246,Attchd,1988.0,Fin,2,604,TA,TA,Y,1
247,Detchd,1910.0,Unf,1,440,Po,Po,Y,1
248,Attchd,1954.0,Unf,2,451,TA,TA,Y,1
249,Attchd,2003.0,RFn,2,500,TA,TA,Y,1
250,Attchd,1958.0,Fin,2,389,TA,TA,Y,1
251,No_Feature,0.0,No_Feature,0,0,No_Feature,No_Feature,Y,0
252,Attchd,2006.0,Fin,2,538,TA,TA,Y,1
253,Attchd,2004.0,RFn,2,520,TA,TA,Y,1
254,Attchd,1964.0,RFn,1,309,TA,TA,Y,1
255,Attchd,1957.0,RFn,1,294,TA,TA,Y,1
256,BuiltIn,1999.0,Fin,2,429,TA,TA,Y,1
257,Attchd,2003.0,RFn,2,673,TA,TA,Y,1
258,Attchd,2006.0,RFn,2,660,TA,TA,Y,1
259,Attchd,2001.0,RFn,2,564,TA,TA,Y,1
260,Detchd,1956.0,Unf,1,308,TA,TA,Y,1
261,Attchd,1991.0,Unf,2,884,TA,TA,Y,1
262,BuiltIn,2007.0,Fin,3,868,TA,TA,Y,1
263,Attchd,1978.0,Unf,2,492,TA,TA,Y,1
264,Detchd,1974.0,Unf,2,484,TA,TA,Y,1
265,Detchd,1965.0,Unf,2,504,TA,TA,N,1
266,Attchd,1981.0,Fin,2,576,TA,TA,Y,1
267,Attchd,1997.0,Fin,2,413,TA,TA,Y,1
268,Detchd,1939.0,Unf,1,240,TA,TA,Y,1
269,Detchd,1966.0,Fin,1,924,Ex,Ex,Y,1
270,Attchd,1987.0,RFn,1,504,TA,Gd,Y,1
271,Attchd,2006.0,RFn,3,1053,TA,TA,Y,1
272,Attchd,1954.0,Unf,2,439,TA,TA,Y,1
273,Attchd,1999.0,Fin,3,671,TA,TA,Y,1
274,Attchd,1958.0,RFn,1,338,TA,TA,Y,1
275,Attchd,1982.0,Unf,1,264,TA,TA,Y,1
276,Detchd,1978.0,Unf,2,672,TA,TA,Y,1
277,Attchd,2003.0,Fin,2,573,TA,TA,Y,1
278,Detchd,1951.0,Unf,2,400,TA,TA,Y,1
279,Attchd,2007.0,Fin,3,732,TA,TA,Y,1
280,Attchd,1977.0,Fin,2,505,TA,TA,Y,1
281,Attchd,1989.0,Fin,2,575,TA,TA,Y,1
282,Attchd,2006.0,Fin,2,572,TA,TA,Y,1
283,Attchd,2008.0,RFn,2,626,TA,TA,Y,1
284,Attchd,2008.0,Fin,3,898,TA,TA,Y,1
285,Attchd,1992.0,RFn,2,529,TA,TA,Y,1
286,Detchd,2006.0,RFn,2,528,TA,TA,Y,1
287,Attchd,1962.0,RFn,2,440,TA,TA,Y,1
288,No_Feature,0.0,No_Feature,0,0,No_Feature,No_Feature,Y,0
289,Detchd,1970.0,Unf,1,280,TA,TA,Y,1
290,Detchd,2003.0,Unf,1,384,TA,TA,Y,1
291,Attchd,2006.0,RFn,2,685,Gd,TA,Y,1
292,No_Feature,0.0,No_Feature,0,0,No_Feature,No_Feature,N,0
293,Attchd,1949.0,Unf,1,281,TA,TA,Y,1
294,Attchd,1977.0,Fin,2,539,TA,TA,Y,1
295,Attchd,1953.0,Fin,2,418,TA,TA,Y,1
296,Detchd,1984.0,Unf,2,588,TA,TA,Y,1
297,Attchd,1950.0,Unf,1,282,TA,TA,Y,1
298,Detchd,1997.0,RFn,2,576,TA,TA,Y,1
299,Attchd,1968.0,Unf,2,539,TA,TA,Y,1
300,Attchd,1950.0,Unf,1,300,TA,TA,Y,1
301,Attchd,1953.0,Unf,1,375,TA,TA,Y,1
302,BuiltIn,1998.0,Fin,2,683,TA,TA,Y,1
303,Attchd,2001.0,RFn,3,843,TA,TA,Y,1
304,Attchd,1975.0,Unf,2,552,TA,TA,Y,1
305,Attchd,2003.0,Unf,3,870,TA,TA,Y,1
306,Attchd,2004.0,Fin,3,888,TA,TA,Y,1
307,Attchd,1990.0,RFn,3,746,TA,TA,Y,1
308,No_Feature,0.0,No_Feature,0,0,No_Feature,No_Feature,N,0
309,Detchd,1961.0,Unf,2,539,TA,TA,Y,1
310,Attchd,2003.0,Fin,3,708,TA,TA,Y,1
311,Attchd,1993.0,Fin,2,420,TA,TA,Y,1
312,Detchd,1948.0,Unf,1,240,TA,TA,Y,1
313,Detchd,1939.0,Unf,2,410,TA,TA,Y,1
314,Attchd,1965.0,RFn,2,513,TA,TA,Y,1
315,Detchd,1925.0,Unf,2,546,Fa,TA,Y,1
316,Attchd,2004.0,Fin,2,432,TA,TA,Y,1
317,Attchd,1983.0,RFn,2,484,TA,TA,Y,1
318,Attchd,2006.0,RFn,3,1025,TA,TA,Y,1
319,Attchd,1993.0,RFn,3,656,TA,TA,Y,1
320,Attchd,1980.0,Unf,2,588,TA,TA,Y,1
321,Attchd,2006.0,RFn,3,840,TA,TA,Y,1
322,BuiltIn,2004.0,Fin,3,872,TA,TA,Y,1
323,Attchd,1987.0,Fin,2,576,TA,TA,Y,1
324,Attchd,1955.0,Unf,1,220,Fa,TA,Y,1
325,BuiltIn,1961.0,Fin,2,564,TA,TA,Y,1
326,Detchd,1941.0,Unf,2,360,TA,TA,Y,1
327,Attchd,1993.0,Fin,2,473,TA,TA,Y,1
328,Attchd,1960.0,RFn,1,292,TA,TA,Y,1
329,Detchd,1930.0,Unf,2,441,TA,TA,Y,1
330,Detchd,1920.0,Unf,1,189,Fa,Fa,N,1
331,Detchd,2002.0,Unf,1,352,TA,TA,Y,1
332,Attchd,1958.0,RFn,1,308,TA,TA,Y,1
333,Attchd,2003.0,RFn,3,880,TA,TA,Y,1
334,Attchd,2004.0,RFn,2,484,TA,TA,Y,1
335,Attchd,1998.0,Fin,2,472,TA,TA,Y,1
336,Attchd,1965.0,Fin,2,529,TA,TA,Y,1
337,Attchd,2005.0,Fin,3,676,TA,TA,Y,1
338,Attchd,2002.0,RFn,2,532,TA,TA,Y,1
339,Attchd,1984.0,RFn,2,440,TA,TA,Y,1
340,Attchd,1958.0,Unf,1,297,TA,TA,Y,1
341,Attchd,2002.0,Fin,2,431,TA,TA,Y,1
342,CarPort,1950.0,Unf,1,294,TA,TA,N,1
343,Detchd,1949.0,Unf,2,400,TA,TA,Y,1
344,Attchd,2005.0,RFn,2,564,TA,TA,Y,1
345,Attchd,1976.0,Unf,1,336,TA,TA,Y,1
346,Detchd,1939.0,Unf,1,312,TA,TA,Y,1
347,Attchd,1960.0,RFn,1,301,TA,TA,Y,1
348,Attchd,1960.0,Unf,2,498,TA,TA,Y,1
349,BuiltIn,2003.0,RFn,2,474,TA,TA,Y,1
350,Attchd,2006.0,Fin,3,706,TA,TA,Y,1
351,Attchd,2007.0,RFn,2,617,TA,TA,Y,1
352,Attchd,1986.0,RFn,2,445,TA,TA,Y,1
353,Detchd,1941.0,Unf,1,200,TA,Fa,Y,1
354,Detchd,2005.0,Unf,2,484,TA,TA,Y,1
355,Attchd,1940.0,Unf,1,240,TA,TA,Y,1
356,Attchd,1995.0,RFn,2,521,TA,TA,Y,1
357,Attchd,1992.0,RFn,2,400,TA,TA,Y,1
358,Attchd,1976.0,Fin,2,528,TA,TA,Y,1
359,BuiltIn,1958.0,Unf,1,288,TA,TA,Y,1
360,Attchd,1998.0,RFn,2,592,TA,TA,Y,1
361,Attchd,1978.0,RFn,2,470,TA,TA,Y,1
362,Detchd,1940.0,Unf,1,240,TA,TA,N,1
363,BuiltIn,2003.0,RFn,2,672,TA,TA,Y,1
364,Detchd,1972.0,Unf,1,264,TA,TA,Y,1
365,Attchd,1976.0,Fin,2,566,TA,TA,Y,1
366,Detchd,1964.0,Unf,1,468,TA,Fa,Y,1
367,Attchd,1963.0,RFn,2,514,TA,TA,Y,1
368,Basment,1962.0,RFn,1,296,TA,TA,Y,1
369,Attchd,1954.0,Fin,1,244,TA,TA,Y,1
370,Detchd,1997.0,Fin,2,576,TA,TA,Y,1
371,Attchd,2000.0,RFn,2,460,TA,TA,Y,1
372,Detchd,1991.0,Fin,2,680,TA,TA,N,1
373,Attchd,1984.0,Unf,1,264,TA,TA,Y,1
374,Attchd,1953.0,Unf,1,270,TA,TA,Y,1
375,BuiltIn,2003.0,Fin,2,434,TA,TA,Y,1
376,No_Feature,0.0,No_Feature,0,0,No_Feature,No_Feature,Y,0
377,Detchd,1998.0,Unf,2,576,TA,TA,Y,1
378,Attchd,2004.0,RFn,2,610,TA,TA,Y,1
379,Attchd,2010.0,Fin,3,834,TA,TA,Y,1
380,Attchd,2000.0,Fin,2,463,TA,TA,Y,1
381,Detchd,1924.0,Unf,1,308,TA,TA,Y,1
382,Attchd,2006.0,RFn,2,572,TA,TA,Y,1
383,Attchd,2006.0,RFn,2,639,TA,TA,Y,1
384,Detchd,1950.0,Unf,2,360,Fa,Fa,N,1
385,Attchd,1992.0,Fin,2,501,TA,TA,Y,1
386,Attchd,2004.0,Fin,2,430,TA,TA,Y,1
387,No_Feature,0.0,No_Feature,0,0,No_Feature,No_Feature,N,0
388,Detchd,1977.0,Unf,1,352,TA,TA,Y,1
389,Attchd,1999.0,RFn,2,577,TA,TA,Y,1
390,BuiltIn,2008.0,Fin,3,846,TA,TA,Y,1
391,Detchd,1978.0,Unf,1,384,TA,TA,Y,1
392,BuiltIn,2001.0,Fin,2,560,TA,TA,Y,1
393,Attchd,1959.0,RFn,1,294,TA,TA,Y,1
394,No_Feature,0.0,No_Feature,0,0,No_Feature,No_Feature,Y,0
395,Detchd,1940.0,Unf,1,240,TA,TA,Y,1
396,Attchd,1956.0,Unf,1,596,TA,TA,Y,1
397,Detchd,1985.0,RFn,2,600,TA,TA,Y,1
398,Attchd,1962.0,RFn,1,264,TA,TA,Y,1
399,Detchd,1920.0,Unf,1,338,Po,Po,N,1
400,Attchd,2007.0,Fin,2,438,TA,TA,Y,1
401,Attchd,1996.0,Fin,2,500,TA,TA,Y,1
402,Attchd,2005.0,Fin,2,400,TA,TA,Y,1
403,Detchd,1940.0,Unf,1,240,TA,TA,N,1
404,BuiltIn,1998.0,Fin,2,420,TA,TA,Y,1
405,BuiltIn,1995.0,Fin,2,373,TA,TA,Y,1
406,Attchd,1993.0,Unf,2,490,TA,TA,Y,1
407,Detchd,1936.0,Unf,1,240,TA,TA,Y,1
408,Attchd,1960.0,Unf,1,308,TA,TA,Y,1
409,Attchd,2006.0,RFn,3,947,TA,TA,Y,1
410,Attchd,2008.0,Fin,3,836,TA,TA,Y,1
411,Attchd,1958.0,Unf,1,350,TA,TA,Y,1
412,Attchd,1955.0,Fin,2,572,TA,TA,Y,1
413,Attchd,2009.0,Fin,2,484,TA,TA,Y,1
414,Detchd,1927.0,Unf,2,360,TA,TA,Y,1
415,Attchd,1993.0,Unf,3,678,TA,TA,Y,1
416,Attchd,2007.0,Fin,2,396,TA,TA,Y,1
417,Attchd,1978.0,Fin,2,440,TA,TA,Y,1
418,Detchd,1918.0,Unf,3,864,TA,TA,N,1
419,Detchd,1940.0,Unf,1,240,TA,TA,P,1
420,Attchd,1968.0,Unf,1,304,TA,TA,Y,1
421,Attchd,1997.0,Fin,4,784,TA,TA,Y,1
422,Attchd,1977.0,Fin,2,529,TA,TA,Y,1
423,Attchd,1954.0,RFn,2,520,TA,TA,N,1
424,Attchd,1998.0,Fin,3,696,TA,TA,Y,1
425,Attchd,1956.0,RFn,1,297,TA,TA,Y,1
426,Detchd,1947.0,Unf,1,240,TA,TA,P,1
427,Attchd,1989.0,Fin,2,569,TA,TA,Y,1
428,Detchd,1964.0,Unf,1,352,TA,TA,Y,1
429,Attchd,2007.0,RFn,2,628,TA,TA,Y,1
430,Attchd,1988.0,Unf,2,576,TA,TA,Y,1
431,Detchd,1971.0,Unf,1,264,TA,TA,Y,1
432,No_Feature,0.0,No_Feature,0,0,No_Feature,No_Feature,N,0
433,Detchd,1971.0,Unf,2,440,TA,TA,Y,1
434,Attchd,1997.0,Fin,2,470,TA,TA,Y,1
435,No_Feature,0.0,No_Feature,0,0,No_Feature,No_Feature,Y,0
436,Attchd,1996.0,RFn,2,550,TA,TA,Y,1
437,Detchd,1990.0,Unf,2,440,TA,TA,Y,1
438,Detchd,1926.0,Unf,1,180,TA,TA,Y,1
439,Detchd,1990.0,Unf,1,352,Gd,TA,P,1
440,Detchd,2005.0,Unf,2,528,TA,TA,Y,1
441,Attchd,2008.0,Fin,3,672,TA,TA,Y,1
442,No_Feature,0.0,No_Feature,0,0,No_Feature,No_Feature,Y,0
443,Detchd,1930.0,Unf,2,360,TA,TA,P,1
444,Attchd,2007.0,Fin,3,648,TA,TA,Y,1
445,Attchd,1994.0,Unf,2,493,TA,TA,Y,1
446,Attchd,1956.0,Unf,2,480,TA,TA,Y,1
447,Attchd,1966.0,Fin,2,578,TA,TA,Y,1
448,Attchd,1998.0,Fin,2,431,TA,TA,Y,1
449,Detchd,1937.0,Unf,1,198,TA,TA,N,1
450,Detchd,1981.0,Unf,1,308,TA,TA,Y,1
451,Detchd,1932.0,Unf,1,270,Fa,Fa,N,1
452,Attchd,1975.0,Unf,2,576,TA,TA,Y,1
453,Attchd,1996.0,Fin,2,422,TA,TA,Y,1
454,Attchd,2008.0,RFn,2,676,TA,TA,Y,1
455,Detchd,1976.0,Unf,2,560,TA,TA,Y,1
456,Attchd,1973.0,Unf,2,528,TA,TA,Y,1
457,Detchd,1916.0,Unf,3,513,Fa,Fa,Y,1
458,Attchd,1954.0,Fin,2,529,TA,TA,Y,1
459,Detchd,1925.0,Unf,1,228,TA,TA,Y,1
460,Detchd,1950.0,Unf,1,352,TA,TA,Y,1
461,BuiltIn,2009.0,Fin,2,552,TA,TA,Y,1
462,Detchd,1971.0,RFn,2,576,TA,TA,Y,1
463,Detchd,1965.0,Unf,1,360,TA,TA,Y,1
464,Detchd,1939.0,Unf,1,240,TA,TA,Y,1
465,No_Feature,0.0,No_Feature,0,0,No_Feature,No_Feature,Y,0
466,Attchd,2004.0,Fin,2,398,TA,TA,Y,1
467,Attchd,1970.0,Unf,2,526,TA,TA,Y,1
468,Attchd,1942.0,Unf,1,312,TA,TA,Y,1
469,Attchd,2006.0,RFn,3,866,TA,TA,Y,1
470,Attchd,1993.0,RFn,2,506,TA,TA,Y,1
471,Attchd,1985.0,RFn,2,528,TA,TA,Y,1
472,Attchd,1977.0,RFn,2,534,TA,TA,Y,1
473,Basment,2005.0,RFn,2,525,TA,TA,Y,1
474,Attchd,2006.0,RFn,3,908,TA,TA,Y,1
475,Attchd,2000.0,RFn,2,499,TA,TA,Y,1
476,Detchd,1996.0,Unf,2,624,TA,TA,Y,1
477,Attchd,1997.0,Fin,2,508,TA,TA,Y,1
478,BuiltIn,2006.0,Fin,3,694,TA,TA,Y,1
479,Attchd,2007.0,RFn,3,826,TA,TA,Y,1
480,Detchd,1995.0,Unf,2,672,TA,TA,Y,1
481,Attchd,2004.0,Fin,3,772,TA,TA,Y,1
482,Attchd,2003.0,Fin,3,874,TA,TA,Y,1
483,Attchd,1915.0,Unf,1,164,Fa,Fa,Y,1
484,Attchd,1998.0,Unf,2,402,TA,TA,Y,1
485,Detchd,1963.0,Unf,1,264,TA,TA,Y,1
486,Attchd,1950.0,Unf,1,264,TA,TA,Y,1
487,Attchd,1965.0,RFn,2,515,TA,TA,Y,1
488,Attchd,1971.0,Unf,2,487,TA,TA,Y,1
489,Attchd,1970.0,Unf,2,520,TA,Fa,N,1
490,Attchd,1970.0,Unf,1,286,TA,TA,Y,1
491,BuiltIn,1976.0,Fin,1,336,TA,TA,Y,1
492,Attchd,1941.0,Unf,1,240,TA,TA,Y,1
493,Attchd,2006.0,RFn,2,429,TA,TA,Y,1
494,Detchd,1964.0,Unf,1,308,TA,TA,Y,1
495,Attchd,1938.0,Unf,1,273,TA,TA,Y,1
496,No_Feature,0.0,No_Feature,0,0,No_Feature,No_Feature,N,0
497,Attchd,1992.0,RFn,2,546,TA,TA,Y,1
498,Detchd,1925.0,Unf,1,240,TA,TA,N,1
499,Attchd,1967.0,Fin,1,288,TA,TA,Y,1
500,Attchd,1958.0,Fin,1,297,TA,TA,Y,1
501,Detchd,1973.0,Unf,1,264,TA,TA,Y,1
502,Attchd,2005.0,RFn,2,603,TA,TA,Y,1
503,Detchd,1965.0,Unf,2,461,Fa,Fa,Y,1
504,Attchd,1959.0,Fin,2,484,TA,TA,Y,1
505,Attchd,1974.0,Unf,2,440,TA,TA,Y,1
506,Detchd,1952.0,Unf,2,400,TA,TA,N,1
507,Attchd,1993.0,RFn,2,471,TA,TA,Y,1
508,Attchd,2009.0,Fin,2,676,TA,TA,Y,1
509,Detchd,1928.0,Unf,2,360,TA,TA,N,1
510,Attchd,1959.0,RFn,1,270,TA,TA,Y,1
511,CarPort,1951.0,Unf,1,288,TA,TA,Y,1
512,Attchd,2005.0,RFn,2,474,TA,TA,Y,1
513,Detchd,1964.0,Unf,2,624,TA,TA,Y,1
514,Attchd,1983.0,Unf,2,484,TA,TA,Y,1
515,Detchd,1926.0,Unf,1,200,Po,Po,Y,1
516,Attchd,2009.0,Fin,3,900,TA,TA,Y,1
517,Attchd,1972.0,RFn,2,583,TA,TA,Y,1
518,Attchd,1996.0,RFn,3,889,TA,TA,Y,1
519,Attchd,1998.0,RFn,2,546,TA,TA,Y,1
520,Detchd,1926.0,Unf,1,282,TA,TA,Y,1
521,No_Feature,0.0,No_Feature,0,0,No_Feature,No_Feature,N,0
522,Attchd,1957.0,Unf,1,336,TA,TA,Y,1
523,Detchd,1950.0,Unf,2,420,TA,TA,Y,1
524,BuiltIn,2007.0,Fin,3,884,TA,TA,Y,1
525,Attchd,1996.0,Fin,3,834,TA,TA,Y,1
526,Attchd,2005.0,Unf,2,453,TA,TA,Y,1
527,Attchd,1956.0,Unf,1,252,TA,TA,Y,1
528,Attchd,2008.0,Fin,3,858,TA,TA,Y,1
529,No_Feature,0.0,No_Feature,0,0,No_Feature,No_Feature,N,0
530,Attchd,1975.0,RFn,2,484,TA,TA,Y,1
531,Attchd,1988.0,RFn,2,600,TA,TA,Y,1
532,Detchd,1920.0,Fin,2,502,TA,Fa,Y,1
533,Detchd,1967.0,Unf,1,392,TA,TA,Y,1
534,No_Feature,0.0,No_Feature,0,0,No_Feature,No_Feature,N,0
535,Attchd,2004.0,Fin,2,403,TA,TA,Y,1
536,No_Feature,0.0,No_Feature,0,0,No_Feature,No_Feature,N,0
537,Attchd,1998.0,Fin,2,527,TA,TA,Y,1
538,Detchd,1980.0,Unf,2,576,TA,TA,Y,1
539,Attchd,1968.0,Unf,1,336,TA,TA,Y,1
540,Attchd,2001.0,RFn,2,670,TA,TA,Y,1
541,Attchd,2006.0,Fin,3,765,TA,TA,Y,1
542,BuiltIn,2000.0,Fin,3,648,TA,TA,Y,1
543,Attchd,1998.0,Fin,2,583,TA,TA,Y,1
544,Attchd,1998.0,Fin,1,367,TA,TA,Y,1
545,Attchd,2006.0,RFn,2,426,TA,TA,Y,1
546,Attchd,1988.0,Unf,3,786,TA,TA,Y,1
547,Detchd,1950.0,Unf,2,440,TA,TA,Y,1
548,Detchd,1987.0,Unf,2,624,TA,TA,Y,1
549,Detchd,1963.0,RFn,2,720,TA,TA,Y,1
550,BuiltIn,2003.0,Fin,2,615,TA,TA,Y,1
551,Attchd,1977.0,RFn,2,440,TA,TA,Y,1
552,Attchd,1957.0,Fin,1,288,TA,TA,Y,1
553,Attchd,2006.0,RFn,3,908,TA,TA,Y,1
554,Detchd,2002.0,Fin,2,520,TA,TA,N,1
555,BuiltIn,2003.0,RFn,3,871,TA,TA,Y,1
556,Detchd,1922.0,Unf,1,280,TA,TA,Y,1
557,Attchd,1957.0,Fin,1,299,TA,TA,Y,1
558,CarPort,1994.0,Unf,1,570,TA,TA,Y,1
559,Attchd,1996.0,Unf,2,406,TA,TA,Y,1
560,Attchd,2003.0,Fin,2,420,TA,TA,Y,1
561,Detchd,1957.0,Unf,2,528,TA,TA,Y,1
562,Attchd,1975.0,RFn,2,418,TA,TA,Y,1
563,No_Feature,0.0,No_Feature,0,0,No_Feature,No_Feature,Y,0
564,Detchd,1955.0,Fin,2,396,TA,TA,N,1
565,Attchd,1992.0,RFn,2,590,TA,TA,Y,1
566,Detchd,1920.0,Unf,1,216,TA,TA,Y,1
567,BuiltIn,2005.0,Fin,3,656,TA,TA,Y,1
568,Attchd,2004.0,RFn,2,532,TA,TA,Y,1
569,BuiltIn,1983.0,Fin,2,612,Gd,TA,Y,1
570,Detchd,1979.0,Unf,2,600,TA,TA,Y,1
571,Detchd,1987.0,Unf,2,576,TA,TA,Y,1
572,Attchd,1959.0,Unf,1,288,TA,TA,Y,1
573,Attchd,2009.0,RFn,2,650,TA,TA,Y,1
574,BuiltIn,2000.0,RFn,2,400,TA,TA,Y,1
575,BuiltIn,1971.0,Unf,1,288,TA,TA,Y,1
576,Detchd,1947.0,Unf,1,336,TA,TA,Y,1
577,Detchd,1928.0,Unf,1,216,TA,TA,Y,1
578,Attchd,1966.0,RFn,2,564,TA,TA,Y,1
579,Detchd,2007.0,Unf,2,540,TA,TA,Y,1
580,Attchd,1954.0,Unf,1,352,Fa,TA,Y,1
581,Attchd,1960.0,Unf,2,572,TA,TA,Y,1
582,Attchd,2009.0,RFn,3,1390,TA,TA,Y,1
583,No_Feature,0.0,No_Feature,0,0,No_Feature,No_Feature,Y,0
584,Detchd,1988.0,Unf,2,880,Gd,TA,Y,1
585,Detchd,1935.0,Unf,1,240,TA,TA,Y,1
586,Attchd,2005.0,RFn,3,880,TA,TA,Y,1
587,Detchd,1961.0,Fin,1,275,TA,TA,N,1
588,Detchd,1996.0,Unf,2,528,TA,TA,Y,1
589,Attchd,1968.0,Unf,1,452,TA,TA,Y,1
590,Detchd,1988.0,Unf,1,308,TA,TA,P,1
591,Attchd,2004.0,RFn,2,520,TA,TA,Y,1
592,BuiltIn,2008.0,RFn,3,842,TA,TA,Y,1
593,Detchd,1985.0,Fin,2,816,TA,TA,Y,1
594,Attchd,2003.0,Fin,2,420,TA,TA,Y,1
595,Detchd,1981.0,Unf,1,280,TA,TA,Y,1
596,Attchd,2005.0,Fin,3,758,TA,TA,Y,1
597,Detchd,1930.0,Unf,1,216,TA,Fa,N,1
598,Attchd,2006.0,Fin,3,648,TA,TA,Y,1
599,Attchd,1977.0,Fin,2,621,TA,TA,Y,1
600,Attchd,1980.0,Fin,2,452,TA,TA,Y,1
601,BuiltIn,2003.0,Fin,2,736,TA,TA,Y,1
602,Detchd,1979.0,Unf,1,544,TA,TA,P,1
603,Attchd,1992.0,Fin,2,506,TA,TA,Y,1
604,Detchd,2004.0,RFn,2,480,TA,TA,Y,1
605,Attchd,2002.0,RFn,2,530,TA,TA,Y,1
606,Attchd,1965.0,Unf,2,486,TA,TA,Y,1
607,Detchd,2000.0,Unf,2,576,TA,TA,Y,1
608,Attchd,1948.0,Unf,1,230,TA,TA,Y,1
609,Basment,1934.0,Unf,2,380,TA,TA,Y,1
610,Attchd,1961.0,Unf,1,261,TA,TA,Y,1
611,Attchd,2000.0,Fin,3,736,TA,TA,Y,1
612,Attchd,1978.0,Unf,2,564,TA,TA,Y,1
613,BuiltIn,2001.0,RFn,2,531,TA,TA,Y,1
614,No_Feature,0.0,No_Feature,0,0,No_Feature,No_Feature,Y,0
615,No_Feature,0.0,No_Feature,0,0,No_Feature,No_Feature,Y,0
616,Attchd,1963.0,RFn,2,480,TA,TA,Y,1
617,Attchd,2002.0,Fin,2,393,TA,TA,Y,1
618,Detchd,1962.0,Unf,2,528,TA,TA,Y,1
619,Attchd,2007.0,Unf,3,774,TA,TA,Y,1
620,Attchd,2003.0,Fin,3,749,TA,TA,Y,1
621,No_Feature,0.0,No_Feature,0,0,No_Feature,No_Feature,N,0
622,Attchd,1974.0,RFn,2,624,TA,TA,Y,1
623,Detchd,1986.0,Unf,2,484,TA,TA,Y,1
624,Detchd,2000.0,Unf,2,440,TA,TA,Y,1
625,Attchd,1972.0,RFn,2,484,TA,TA,Y,1
626,Attchd,1962.0,Unf,2,440,TA,TA,Y,1
627,Attchd,1960.0,RFn,1,286,TA,TA,Y,1
628,Basment,1955.0,RFn,1,364,TA,TA,Y,1
629,Attchd,1969.0,Unf,2,504,TA,TA,Y,1
630,Attchd,1964.0,RFn,2,520,TA,TA,Y,1
631,Detchd,1937.0,Unf,1,240,Fa,Po,N,1
632,Attchd,2006.0,RFn,2,627,TA,TA,Y,1
633,Attchd,1977.0,Fin,2,544,TA,TA,Y,1
634,Attchd,1954.0,Unf,1,260,TA,TA,Y,1
635,Detchd,1980.0,Unf,2,576,TA,TA,Y,1
636,No_Feature,0.0,No_Feature,0,0,No_Feature,No_Feature,N,0
637,No_Feature,0.0,No_Feature,0,0,No_Feature,No_Feature,N,0
638,BuiltIn,1954.0,Unf,1,256,TA,TA,Y,1
639,No_Feature,0.0,No_Feature,0,0,No_Feature,No_Feature,P,0
640,Attchd,2006.0,Fin,3,648,TA,TA,Y,1
641,Attchd,2003.0,RFn,2,588,TA,TA,Y,1
642,Attchd,2001.0,Fin,2,650,TA,TA,Y,1
643,Attchd,1972.0,Fin,2,538,TA,TA,Y,1
644,Attchd,1969.0,Fin,2,462,TA,TA,Y,1
645,Attchd,2009.0,Fin,3,478,TA,TA,Y,1
646,Detchd,1979.0,Unf,2,576,TA,TA,Y,1
647,Detchd,1950.0,Unf,2,420,TA,TA,Y,1
648,Attchd,1953.0,RFn,2,495,TA,TA,Y,1
649,Attchd,1966.0,Unf,2,442,TA,TA,Y,1
650,No_Feature,0.0,No_Feature,0,0,No_Feature,No_Feature,Y,0
651,Attchd,2007.0,RFn,2,562,TA,TA,Y,1
652,Detchd,1940.0,Unf,1,296,Fa,Po,P,1
653,Attchd,1996.0,RFn,2,512,TA,TA,Y,1
654,Detchd,1906.0,Unf,1,216,TA,TA,Y,1
655,Attchd,1995.0,Fin,3,839,TA,TA,Y,1
656,Detchd,1971.0,Unf,1,264,TA,TA,Y,1
657,Attchd,1959.0,RFn,1,312,TA,TA,Y,1
658,Attchd,1931.0,RFn,1,270,TA,TA,P,1
659,Attchd,1948.0,Unf,1,330,TA,TA,Y,1
660,Detchd,1968.0,Fin,2,480,TA,TA,Y,1
661,Attchd,1976.0,RFn,2,550,TA,TA,Y,1
662,Attchd,1994.0,RFn,3,711,TA,TA,Y,1
663,Attchd,1968.0,RFn,2,576,TA,TA,Y,1
664,Detchd,1974.0,RFn,2,588,TA,TA,Y,1
665,Attchd,2005.0,Fin,3,1134,TA,TA,Y,1
666,Attchd,2000.0,RFn,2,504,TA,TA,Y,1
667,CarPort,1965.0,Unf,2,596,TA,TA,Y,1
668,Attchd,1994.0,RFn,2,575,TA,TA,Y,1
669,Detchd,1999.0,Unf,2,576,TA,TA,Y,1
670,Detchd,1922.0,Unf,1,252,TA,Fa,Y,1
671,Attchd,2005.0,Fin,2,540,TA,TA,Y,1
672,Detchd,1930.0,Unf,1,300,TA,TA,Y,1
673,Attchd,1977.0,RFn,2,546,TA,TA,Y,1
674,Attchd,1957.0,Fin,2,416,TA,TA,Y,1
675,Attchd,1965.0,RFn,1,384,TA,TA,Y,1
676,Attchd,1978.0,Unf,2,440,TA,TA,Y,1
677,2Types,1920.0,Unf,3,779,Fa,Fa,N,1
678,Detchd,1924.0,Unf,1,240,Fa,Fa,N,1
679,Attchd,2008.0,Fin,3,834,TA,TA,Y,1
680,Detchd,1963.0,Unf,2,572,TA,TA,Y,1
681,Attchd,1980.0,RFn,1,264,TA,TA,Y,1
682,Detchd,1968.0,Unf,1,281,TA,TA,Y,1
683,Attchd,1996.0,Unf,2,431,TA,TA,Y,1
684,Attchd,2002.0,Fin,3,702,TA,TA,Y,1
685,Attchd,1998.0,Fin,2,486,TA,TA,Y,1
686,Attchd,1984.0,Fin,2,577,TA,TA,Y,1
687,Attchd,2007.0,Fin,2,578,TA,TA,Y,1
688,Detchd,2004.0,Unf,2,480,TA,TA,Y,1
689,Attchd,2007.0,RFn,2,567,TA,TA,Y,1
690,Attchd,2005.0,RFn,2,460,TA,TA,Y,1
691,Attchd,2004.0,RFn,2,420,TA,TA,Y,1
692,Attchd,1994.0,Fin,3,832,TA,TA,Y,1
693,Attchd,1989.0,RFn,2,628,TA,TA,Y,1
694,Detchd,1968.0,Unf,1,326,TA,TA,Y,1
695,Detchd,1995.0,Unf,2,576,TA,TA,Y,1
696,Attchd,1987.0,Unf,2,551,TA,TA,Y,1
697,Detchd,1921.0,Unf,1,205,TA,TA,Y,1
698,Detchd,1952.0,Unf,1,308,TA,TA,Y,1
699,Detchd,1973.0,Unf,1,336,TA,TA,Y,1
700,Attchd,2004.0,RFn,2,530,TA,TA,Y,1
701,Attchd,2002.0,Fin,3,765,TA,TA,Y,1
702,Attchd,1969.0,Unf,2,528,TA,TA,Y,1
703,BuiltIn,2006.0,Fin,3,666,TA,TA,Y,1
704,Detchd,1999.0,Unf,2,672,TA,TA,N,1
705,Attchd,2004.0,RFn,2,606,TA,TA,Y,1
706,No_Feature,0.0,No_Feature,0,0,No_Feature,No_Feature,N,0
707,Attchd,1971.0,Unf,2,739,TA,TA,Y,1
708,Attchd,2006.0,Fin,2,550,TA,TA,Y,1
709,Attchd,2007.0,Fin,2,400,TA,TA,Y,1
710,Attchd,1966.0,Unf,1,408,TA,TA,Y,1
711,No_Feature,0.0,No_Feature,0,0,No_Feature,No_Feature,N,0
712,Detchd,1964.0,RFn,1,384,TA,TA,N,1
713,Attchd,1988.0,Fin,2,472,TA,TA,Y,1
714,Detchd,1970.0,Unf,2,576,TA,TA,Y,1
715,Attchd,1976.0,RFn,2,475,TA,TA,Y,1
716,Attchd,1974.0,RFn,2,478,TA,TA,Y,1
717,Detchd,1996.0,Unf,2,704,TA,TA,P,1
718,Attchd,1973.0,Unf,2,439,TA,TA,Y,1
719,Attchd,1993.0,RFn,3,983,TA,TA,Y,1
720,Attchd,1969.0,Unf,1,300,TA,TA,Y,1
721,Attchd,1985.0,RFn,2,564,TA,TA,Y,1
722,Attchd,2004.0,RFn,2,420,TA,TA,Y,1
723,Detchd,1994.0,Unf,2,463,TA,TA,Y,1
724,Detchd,1958.0,Unf,1,548,TA,TA,Y,1
725,Attchd,2007.0,Fin,3,768,TA,TA,Y,1
726,Detchd,1989.0,Unf,2,660,TA,TA,Y,1
727,Attchd,1988.0,Fin,2,540,TA,TA,Y,1
728,Attchd,2007.0,RFn,2,632,TA,TA,Y,1
729,Detchd,1968.0,Unf,3,888,TA,TA,Y,1
730,Detchd,1962.0,Unf,2,539,TA,TA,Y,1
731,Attchd,1995.0,RFn,2,608,TA,TA,Y,1
732,Attchd,2003.0,Fin,2,438,TA,TA,Y,1
733,Attchd,1998.0,Fin,2,541,TA,TA,Y,1
734,Attchd,1961.0,RFn,1,264,TA,TA,Y,1
735,Attchd,1968.0,Unf,1,300,TA,TA,Y,1
736,Detchd,1914.0,Unf,2,320,TA,TA,N,1
737,Detchd,1949.0,Unf,2,400,TA,TA,Y,1
738,Attchd,2005.0,Fin,3,800,TA,TA,Y,1
739,No_Feature,0.0,No_Feature,0,0,No_Feature,No_Feature,Y,0
740,Attchd,2004.0,RFn,2,572,TA,TA,Y,1
741,Detchd,1910.0,Unf,2,360,TA,Gd,Y,1
742,Detchd,1962.0,Unf,1,288,TA,TA,Y,1
743,Attchd,2000.0,Unf,2,539,TA,TA,Y,1
744,Attchd,1997.0,RFn,2,480,TA,TA,Y,1
745,Attchd,1993.0,RFn,2,462,TA,TA,Y,1
746,BuiltIn,1994.0,Fin,2,831,TA,TA,Y,1
747,BuiltIn,2000.0,Fin,2,554,TA,TA,Y,1
748,Detchd,1950.0,Unf,4,864,TA,TA,N,1
749,Attchd,1996.0,Fin,2,527,TA,TA,Y,1
750,Detchd,1945.0,Unf,1,240,TA,TA,N,1
751,No_Feature,0.0,No_Feature,0,0,No_Feature,No_Feature,N,0
752,Attchd,2003.0,Fin,2,400,TA,TA,Y,1
753,Attchd,1997.0,RFn,2,576,TA,TA,Y,1
754,Attchd,2005.0,RFn,3,878,TA,TA,Y,1
755,Detchd,1969.0,RFn,2,440,TA,TA,Y,1
756,Detchd,1999.0,Unf,2,440,TA,TA,Y,1
757,Attchd,2007.0,RFn,2,578,TA,TA,Y,1
758,Attchd,1978.0,Fin,2,440,TA,TA,Y,1
759,Detchd,1999.0,Unf,2,440,TA,TA,Y,1
760,Attchd,1995.0,RFn,3,752,TA,TA,Y,1
761,Detchd,2008.0,Unf,1,300,Ex,Ex,Y,1
762,Detchd,1965.0,Unf,2,440,TA,TA,Y,1
763,Attchd,2009.0,Unf,2,614,TA,TA,Y,1
764,Attchd,1999.0,RFn,3,856,TA,TA,Y,1
765,Attchd,1995.0,Fin,2,481,TA,TA,Y,1
766,Attchd,2008.0,Fin,2,592,TA,TA,Y,1
767,Attchd,1988.0,Unf,2,496,TA,TA,Y,1
768,Attchd,1989.0,Unf,1,423,TA,TA,Y,1
769,Attchd,2004.0,Fin,2,484,TA,TA,Y,1
770,BuiltIn,2003.0,Fin,3,841,TA,TA,Y,1
771,Detchd,1983.0,Unf,2,576,TA,TA,Y,1
772,Detchd,1951.0,Unf,2,396,TA,TA,Y,1
773,Detchd,1976.0,Unf,2,672,TA,TA,Y,1
774,Attchd,1958.0,RFn,1,275,TA,TA,Y,1
775,Attchd,2006.0,Fin,3,895,TA,TA,Y,1
776,Attchd,1998.0,Fin,2,412,TA,TA,Y,1
777,Attchd,2005.0,RFn,3,865,TA,TA,Y,1
778,Attchd,1974.0,Unf,2,440,TA,TA,Y,1
779,Detchd,1977.0,Unf,2,630,TA,TA,Y,1
780,Attchd,1977.0,Unf,2,504,TA,TA,Y,1
781,Attchd,1995.0,Fin,2,402,TA,TA,Y,1
782,Attchd,1992.0,RFn,2,484,TA,TA,Y,1
783,Attchd,2001.0,RFn,2,605,TA,TA,Y,1
784,Attchd,1978.0,Fin,2,602,TA,TA,Y,1
785,No_Feature,0.0,No_Feature,0,0,No_Feature,No_Feature,Y,0
786,Attchd,1967.0,Unf,2,457,TA,TA,Y,1
787,Detchd,1961.0,Unf,1,416,TA,TA,Y,1
788,BuiltIn,2004.0,RFn,2,618,TA,TA,Y,1
789,Detchd,1954.0,Unf,1,281,Fa,TA,Y,1
790,Attchd,1966.0,Fin,2,444,TA,TA,Y,1
791,Attchd,2005.0,Fin,2,397,TA,TA,Y,1
792,Attchd,1976.0,RFn,2,539,TA,TA,Y,1
793,Attchd,1997.0,Unf,2,455,TA,TA,Y,1
794,Attchd,2007.0,Fin,2,474,TA,TA,Y,1
795,Attchd,1994.0,Fin,2,409,TA,TA,Y,1
796,Attchd,1980.0,Unf,2,476,TA,TA,Y,1
797,Attchd,1977.0,RFn,2,528,TA,TA,Y,1
798,Attchd,1953.0,Unf,1,240,TA,TA,Y,1
799,BuiltIn,2009.0,Fin,3,820,TA,TA,Y,1
800,Detchd,1939.0,Unf,1,240,TA,TA,Y,1
801,Attchd,1997.0,RFn,2,603,TA,TA,Y,1
802,Detchd,1957.0,Unf,2,440,TA,TA,Y,1
803,Attchd,2005.0,Fin,2,410,TA,TA,Y,1
804,BuiltIn,2009.0,RFn,3,1020,TA,TA,Y,1
805,Attchd,1954.0,Unf,1,286,TA,TA,Y,1
806,Attchd,2008.0,RFn,2,554,TA,TA,Y,1
807,Attchd,1967.0,Fin,1,384,TA,TA,Y,1
808,Attchd,1923.0,RFn,2,528,TA,TA,Y,1
809,Attchd,1966.0,RFn,2,484,TA,TA,Y,1
810,Detchd,1910.0,Unf,2,360,Fa,Po,N,1
811,Attchd,1974.0,RFn,2,484,TA,TA,Y,1
812,Attchd,2004.0,Fin,2,420,TA,TA,Y,1
813,Basment,1952.0,Unf,2,504,TA,TA,N,1
814,Attchd,1958.0,RFn,1,301,TA,TA,Y,1
815,Detchd,1955.0,Unf,1,280,TA,TA,P,1
816,Attchd,1998.0,RFn,2,598,TA,TA,Y,1
817,Attchd,1954.0,RFn,1,275,TA,TA,Y,1
818,Attchd,2002.0,RFn,3,857,TA,TA,Y,1
819,Attchd,1971.0,Unf,2,440,TA,TA,Y,1
820,Attchd,2010.0,RFn,2,484,TA,TA,Y,1
821,Attchd,2003.0,RFn,2,595,TA,TA,Y,1
822,Detchd,1974.0,Unf,2,576,TA,TA,Y,1
823,BuiltIn,2003.0,Fin,2,433,TA,TA,Y,1
824,Detchd,1940.0,Unf,1,240,TA,TA,Y,1
825,Attchd,2006.0,RFn,2,776,TA,TA,Y,1
826,Attchd,2007.0,Fin,3,1220,TA,TA,Y,1
827,No_Feature,0.0,No_Feature,0,0,No_Feature,No_Feature,Y,0
828,Attchd,2001.0,RFn,2,527,TA,TA,Y,1
829,Attchd,1967.0,Fin,2,538,TA,TA,Y,1
830,Detchd,2005.0,RFn,2,480,TA,TA,Y,1
831,Attchd,1957.0,RFn,2,458,TA,TA,Y,1
832,Detchd,2005.0,RFn,2,480,TA,TA,Y,1
833,Attchd,2003.0,RFn,2,613,TA,TA,Y,1
834,Attchd,1964.0,RFn,2,472,TA,TA,Y,1
835,Attchd,1961.0,Unf,2,456,TA,TA,Y,1
836,Attchd,1996.0,Unf,2,436,TA,TA,Y,1
837,Detchd,1948.0,Unf,2,812,TA,TA,Y,1
838,Detchd,1973.0,Unf,1,264,TA,TA,Y,1
839,Attchd,1999.0,Unf,1,352,TA,TA,Y,1
840,Detchd,1946.0,Unf,1,240,TA,TA,Y,1
841,Detchd,1934.0,Unf,1,400,TA,TA,P,1
842,Detchd,1983.0,Unf,2,686,Gd,TA,P,1
843,Attchd,1966.0,RFn,2,490,Gd,Gd,Y,1
844,No_Feature,0.0,No_Feature,0,0,No_Feature,No_Feature,Y,0
845,Detchd,1949.0,Unf,3,720,TA,TA,Y,1
846,Basment,1975.0,Fin,2,611,TA,TA,Y,1
847,Attchd,1993.0,Unf,2,425,TA,TA,Y,1
848,Attchd,1972.0,Unf,1,338,TA,TA,Y,1
849,Detchd,1908.0,Unf,2,360,Fa,TA,Y,1
850,Attchd,1976.0,RFn,2,512,TA,TA,Y,1
851,Attchd,2003.0,Fin,2,420,TA,TA,Y,1
852,Attchd,2003.0,Fin,2,400,TA,TA,Y,1
853,Detchd,1941.0,Unf,1,240,TA,TA,Y,1
854,Attchd,1964.0,RFn,2,645,TA,TA,Y,1
855,Attchd,1955.0,Unf,2,454,TA,TA,Y,1
856,Detchd,1962.0,Unf,1,260,TA,TA,Y,1
857,Detchd,1981.0,Unf,2,576,TA,Fa,Y,1
858,Attchd,1994.0,Fin,2,343,TA,TA,Y,1
859,Attchd,1976.0,RFn,2,479,TA,TA,Y,1
860,Attchd,1968.0,Unf,2,619,TA,TA,Y,1
861,Detchd,1925.0,Unf,1,216,TA,TA,Y,1
862,Attchd,1965.0,Unf,2,504,TA,TA,Y,1
863,Attchd,1986.0,Unf,2,480,TA,TA,Y,1
864,Attchd,1959.0,Unf,1,672,TA,TA,Y,1
865,Attchd,2008.0,Fin,2,529,TA,TA,Y,1
866,Detchd,1973.0,Unf,2,902,TA,TA,Y,1
867,Attchd,2007.0,RFn,3,870,TA,TA,Y,1
868,Attchd,1961.0,RFn,2,544,TA,TA,Y,1
869,Attchd,1979.0,Unf,2,672,TA,TA,P,1
870,Attchd,1993.0,Fin,2,574,TA,TA,Y,1
871,Detchd,1962.0,Unf,1,308,TA,TA,Y,1
872,Attchd,1998.0,RFn,2,523,TA,TA,Y,1
873,Attchd,1953.0,Unf,2,414,TA,TA,Y,1
874,Attchd,1949.0,Unf,1,288,TA,TA,Y,1
875,Detchd,1941.0,Unf,1,200,TA,TA,Y,1
876,BuiltIn,2007.0,Fin,2,550,TA,TA,Y,1
877,Attchd,1963.0,Unf,2,648,TA,TA,Y,1
878,Attchd,2004.0,Fin,3,738,TA,TA,Y,1
879,Detchd,1987.0,Unf,2,576,TA,TA,Y,1
880,Attchd,1978.0,Unf,1,336,TA,TA,Y,1
881,Attchd,2005.0,Fin,2,450,TA,TA,Y,1
882,Attchd,1990.0,RFn,2,400,TA,TA,Y,1
883,BuiltIn,1993.0,RFn,2,389,TA,TA,Y,1
884,Detchd,1997.0,Unf,1,440,TA,Gd,Y,1
885,Attchd,1967.0,RFn,1,288,TA,TA,Y,1
886,Attchd,1999.0,Fin,2,506,TA,TA,Y,1
887,Attchd,2005.0,Fin,2,588,TA,TA,Y,1
888,Attchd,1955.0,Unf,1,300,TA,TA,Y,1
889,Attchd,1970.0,Unf,2,621,TA,TA,Y,1
890,Attchd,1953.0,RFn,2,505,TA,TA,Y,1
891,Detchd,2003.0,Unf,2,576,TA,TA,Y,1
892,Attchd,1978.0,RFn,2,440,TA,TA,Y,1
893,Attchd,1963.0,RFn,1,264,TA,TA,Y,1
894,Attchd,1954.0,Unf,1,354,TA,TA,Y,1
895,Attchd,1979.0,Unf,2,400,TA,TA,Y,1
896,Attchd,1963.0,RFn,2,483,TA,TA,Y,1
897,Detchd,1936.0,Unf,1,327,TA,TA,Y,1
898,Detchd,1979.0,Unf,2,528,TA,TA,Y,1
899,Attchd,2009.0,Fin,3,820,TA,TA,Y,1
900,Attchd,1961.0,Unf,1,288,TA,TA,Y,1
901,Detchd,1979.0,Unf,1,684,TA,TA,Y,1
902,Detchd,1968.0,Unf,1,756,TA,TA,Y,1
903,Attchd,2003.0,Fin,2,393,TA,TA,Y,1
904,Attchd,2006.0,RFn,3,690,TA,TA,Y,1
905,Attchd,1967.0,Unf,1,288,TA,TA,Y,1
906,Attchd,1954.0,RFn,1,280,TA,TA,Y,1
907,Attchd,2006.0,RFn,3,865,TA,TA,Y,1
908,Attchd,1936.0,Fin,1,180,Fa,TA,Y,1
909,Attchd,1983.0,Unf,2,484,TA,TA,Y,1
910,Attchd,2005.0,Fin,2,390,TA,TA,Y,1
911,Detchd,1960.0,Unf,2,480,TA,TA,Y,1
912,Detchd,1978.0,Unf,1,252,TA,TA,Y,1
913,Detchd,1925.0,Unf,1,450,TA,TA,Y,1
914,2Types,1949.0,Unf,3,871,TA,TA,Y,1
915,Detchd,2009.0,RFn,2,528,TA,TA,Y,1
916,Attchd,1970.0,Unf,1,286,TA,TA,Y,1
917,Detchd,1958.0,Unf,1,308,TA,TA,Y,1
918,Attchd,1956.0,RFn,1,284,TA,TA,Y,1
919,Attchd,1991.0,RFn,3,833,TA,TA,Y,1
920,Attchd,1990.0,Unf,2,601,TA,TA,Y,1
921,Attchd,1994.0,RFn,2,471,TA,TA,Y,1
922,No_Feature,0.0,No_Feature,0,0,No_Feature,No_Feature,N,0
923,Attchd,2005.0,Fin,2,397,TA,TA,Y,1
924,Attchd,1993.0,RFn,2,533,TA,TA,Y,1
925,Attchd,1980.0,Unf,2,612,TA,TA,Y,1
926,Attchd,1977.0,RFn,2,540,TA,TA,Y,1
927,BuiltIn,2003.0,Fin,3,656,TA,TA,Y,1
928,Attchd,1968.0,RFn,2,486,TA,TA,Y,1
929,Attchd,2001.0,RFn,2,522,TA,TA,Y,1
930,BuiltIn,1997.0,Fin,2,642,TA,TA,Y,1
931,Attchd,2007.0,Fin,3,610,TA,TA,Y,1
932,Detchd,1965.0,Unf,1,429,TA,TA,Y,1
933,Attchd,2006.0,Fin,3,788,TA,TA,Y,1
934,Attchd,2004.0,RFn,2,570,TA,TA,Y,1
935,Attchd,1960.0,RFn,2,505,TA,TA,Y,1
936,Detchd,1953.0,Unf,2,528,TA,TA,Y,1
937,Attchd,2003.0,RFn,2,555,TA,TA,Y,1
938,Attchd,2005.0,RFn,2,689,TA,TA,Y,1
939,Attchd,2006.0,RFn,3,868,TA,TA,Y,1
940,Attchd,1940.0,Unf,1,349,TA,TA,Y,1
941,Attchd,1976.0,Unf,2,574,TA,TA,Y,1
942,BuiltIn,1999.0,RFn,2,390,TA,TA,Y,1
943,No_Feature,0.0,No_Feature,0,0,No_Feature,No_Feature,N,0
944,Attchd,1967.0,Unf,2,576,TA,TA,P,1
945,Basment,1958.0,RFn,2,525,TA,TA,Y,1
946,Detchd,1963.0,Unf,2,456,TA,TA,Y,1
947,Attchd,1959.0,RFn,1,796,TA,TA,Y,1
948,Attchd,2002.0,Fin,3,808,TA,TA,Y,1
949,Attchd,2002.0,RFn,2,474,TA,TA,Y,1
950,Attchd,1972.0,RFn,2,676,TA,TA,Y,1
951,Detchd,1980.0,RFn,2,720,TA,TA,Y,1
952,Detchd,1979.0,Unf,1,300,TA,TA,Y,1
953,Detchd,1974.0,Fin,1,396,TA,TA,Y,1
954,Attchd,1969.0,RFn,2,530,TA,TA,Y,1
955,No_Feature,0.0,No_Feature,0,0,No_Feature,No_Feature,Y,0
956,Attchd,1946.0,Unf,2,492,TA,TA,Y,1
957,Attchd,1980.0,Fin,2,462,TA,TA,Y,1
958,Detchd,1977.0,Fin,2,576,TA,TA,Y,1
959,Attchd,2003.0,RFn,2,531,TA,TA,Y,1
960,Detchd,1999.0,Unf,2,484,TA,TA,Y,1
961,No_Feature,0.0,No_Feature,0,0,No_Feature,No_Feature,Y,0
962,Attchd,1977.0,Fin,2,619,TA,TA,Y,1
963,Detchd,1976.0,Unf,2,440,TA,TA,Y,1
964,Attchd,2007.0,Fin,2,702,TA,TA,Y,1
965,BuiltIn,2002.0,Fin,2,510,TA,TA,Y,1
966,Attchd,2005.0,Fin,2,393,TA,TA,Y,1
967,Detchd,1940.0,Unf,1,256,TA,TA,Y,1
968,Attchd,1955.0,Unf,1,260,TA,TA,Y,1
969,No_Feature,0.0,No_Feature,0,0,No_Feature,No_Feature,Y,0
970,Attchd,1958.0,RFn,1,264,TA,TA,Y,1
971,No_Feature,0.0,No_Feature,0,0,No_Feature,No_Feature,Y,0
972,BuiltIn,2003.0,RFn,2,474,TA,TA,Y,1
973,Attchd,1979.0,Unf,1,264,TA,TA,Y,1
974,Attchd,2007.0,Fin,2,480,TA,TA,Y,1
975,Detchd,1997.0,Unf,2,532,TA,TA,Y,1
976,Detchd,2000.0,Unf,2,490,TA,TA,Y,1
977,No_Feature,0.0,No_Feature,0,0,No_Feature,No_Feature,Y,0
978,Attchd,2007.0,Fin,2,569,TA,TA,Y,1
979,Detchd,1999.0,Unf,2,400,TA,TA,Y,1
980,Detchd,1963.0,Unf,2,480,TA,TA,Y,1
981,Attchd,1961.0,RFn,2,588,TA,TA,Y,1
982,Attchd,1998.0,Fin,3,676,TA,TA,Y,1
983,Attchd,2007.0,Fin,2,388,TA,TA,Y,1
984,Attchd,2002.0,Unf,2,779,TA,TA,Y,1
985,Attchd,1977.0,Unf,2,539,TA,TA,Y,1
986,Detchd,1950.0,Unf,1,240,TA,TA,Y,1
987,Attchd,1950.0,Unf,1,255,Fa,TA,Y,1
988,Attchd,2010.0,Fin,3,606,TA,TA,Y,1
989,Attchd,1976.0,Fin,2,551,TA,TA,Y,1
990,Attchd,2006.0,RFn,2,614,TA,TA,Y,1
991,Attchd,1997.0,Fin,3,870,TA,TA,Y,1
992,Attchd,1925.0,Unf,2,424,TA,TA,P,1
993,Attchd,1964.0,RFn,2,440,TA,TA,Y,1
994,Attchd,2005.0,RFn,2,564,TA,TA,Y,1
995,Attchd,2008.0,Fin,3,786,TA,TA,Y,1
996,Detchd,1946.0,Unf,1,305,TA,TA,Y,1
997,Attchd,1961.0,Unf,1,368,TA,TA,Y,1
998,Attchd,1970.0,RFn,2,615,TA,TA,Y,1
999,Detchd,1922.0,Unf,1,210,TA,Fa,P,1
1000,Attchd,2006.0,RFn,2,632,TA,TA,Y,1
1001,Detchd,1956.0,Unf,2,528,TA,Fa,Y,1
1002,Detchd,1920.0,Unf,1,216,Fa,TA,N,1
1003,Attchd,2006.0,RFn,3,824,TA,TA,Y,1
1004,Detchd,1976.0,Unf,2,528,TA,TA,Y,1
1005,Attchd,2005.0,Fin,2,457,TA,TA,Y,1
1006,Attchd,1977.0,Unf,1,328,TA,TA,Y,1
1007,Attchd,1970.0,Unf,2,484,TA,TA,Y,1
1008,Attchd,1970.0,RFn,1,286,TA,TA,Y,1
1009,Attchd,2004.0,Fin,2,550,TA,TA,Y,1
1010,No_Feature,0.0,No_Feature,0,0,No_Feature,No_Feature,P,0
1011,Attchd,1948.0,Unf,1,312,TA,TA,Y,1
1012,No_Feature,0.0,No_Feature,0,0,No_Feature,No_Feature,Y,0
1013,Detchd,1923.0,Unf,1,180,TA,TA,Y,1
1014,Detchd,1956.0,Unf,1,280,TA,TA,Y,1
1015,Detchd,1948.0,Unf,1,240,TA,TA,Y,1
1016,Attchd,2001.0,Fin,2,528,TA,TA,Y,1
1017,Attchd,1996.0,Fin,2,478,TA,TA,Y,1
1018,Attchd,1984.0,RFn,2,565,TA,TA,Y,1
1019,Attchd,1991.0,RFn,2,402,TA,TA,Y,1
1020,Attchd,2005.0,Fin,2,440,TA,TA,Y,1
1021,Attchd,2005.0,Fin,2,451,TA,TA,Y,1
1022,Attchd,2006.0,RFn,2,632,TA,TA,Y,1
1023,Detchd,1957.0,Unf,1,160,Fa,Fa,Y,1
1024,Attchd,2005.0,Fin,2,437,TA,TA,Y,1
1025,Attchd,1976.0,Fin,2,665,TA,TA,Y,1
1026,Detchd,1980.0,Unf,2,461,TA,TA,Y,1
1027,Attchd,1960.0,Unf,2,461,TA,TA,Y,1
1028,Attchd,2008.0,RFn,3,800,TA,TA,Y,1
1029,Attchd,1941.0,Unf,1,240,TA,TA,Y,1
1030,Detchd,1972.0,Unf,1,264,TA,TA,Y,1
1031,No_Feature,0.0,No_Feature,0,0,No_Feature,No_Feature,N,0
1032,Basment,1970.0,Fin,2,672,TA,TA,Y,1
1033,Attchd,1993.0,RFn,3,796,TA,TA,Y,1
1034,Attchd,2002.0,Unf,3,900,TA,TA,Y,1
1035,Basment,1938.0,Unf,1,240,Fa,TA,Y,1
1036,Detchd,1957.0,Unf,1,290,TA,TA,N,1
1037,Attchd,2008.0,Fin,3,912,TA,TA,Y,1
1038,BuiltIn,2001.0,Fin,2,905,TA,TA,Y,1
1039,No_Feature,0.0,No_Feature,0,0,No_Feature,No_Feature,Y,0
1040,Attchd,1970.0,Unf,1,286,TA,TA,Y,1
1041,Attchd,1957.0,RFn,2,484,TA,TA,Y,1
1042,Attchd,1966.0,Unf,2,484,TA,TA,Y,1
1043,Attchd,2005.0,RFn,2,624,TA,TA,Y,1
1044,Attchd,1990.0,Unf,2,514,TA,TA,Y,1
1045,Attchd,1981.0,Fin,2,542,TA,TA,Y,1
1046,Attchd,1955.0,Unf,2,452,TA,TA,Y,1
1047,BuiltIn,2005.0,Fin,3,716,TA,TA,Y,1
1048,Detchd,1996.0,Unf,2,672,TA,TA,Y,1
1049,Attchd,1960.0,Unf,2,336,TA,TA,Y,1
1050,Detchd,1946.0,Unf,1,308,TA,TA,Y,1
1051,Attchd,2007.0,Fin,2,436,TA,TA,Y,1
1052,Attchd,2007.0,Fin,2,440,TA,TA,Y,1
1053,Attchd,1964.0,RFn,2,540,TA,TA,Y,1
1054,Basment,1957.0,Unf,1,364,TA,TA,Y,1
1055,Attchd,2002.0,Fin,2,586,TA,TA,Y,1
1056,Attchd,1976.0,Fin,2,478,TA,TA,Y,1
1057,Attchd,2005.0,RFn,2,484,TA,TA,Y,1
1058,BuiltIn,1994.0,Fin,2,467,TA,TA,Y,1
1059,Attchd,2008.0,Fin,3,836,TA,TA,Y,1
1060,Detchd,1977.0,Unf,2,432,TA,Fa,Y,1
1061,Attchd,2001.0,Fin,2,582,TA,TA,Y,1
1062,Detchd,1994.0,RFn,3,1248,TA,TA,Y,1
1063,Detchd,1945.0,Unf,2,560,TA,TA,Y,1
1064,Detchd,1976.0,Unf,2,440,TA,TA,Y,1
1065,Attchd,1966.0,RFn,2,480,TA,TA,Y,1
1066,Attchd,1996.0,RFn,2,533,TA,TA,Y,1
1067,Attchd,1993.0,RFn,2,380,TA,TA,Y,1
1068,Attchd,1964.0,RFn,2,442,TA,TA,Y,1
1069,Attchd,1973.0,Fin,2,576,TA,TA,Y,1
1070,Detchd,1985.0,Unf,2,576,TA,TA,Y,1
1071,Attchd,1956.0,Unf,1,286,TA,TA,Y,1
1072,Attchd,1968.0,Unf,2,441,TA,TA,Y,1
1073,Detchd,1954.0,Unf,1,280,TA,TA,P,1
1074,Attchd,1977.0,Fin,2,440,TA,TA,Y,1
1075,Attchd,2006.0,RFn,3,826,TA,TA,Y,1
1076,Attchd,1940.0,Unf,1,240,TA,TA,Y,1
1077,Attchd,1950.0,Unf,2,566,TA,TA,Y,1
1078,Attchd,1969.0,Fin,1,299,TA,TA,Y,1
1079,Attchd,2004.0,RFn,2,420,TA,TA,Y,1
1080,Attchd,1996.0,Unf,1,299,TA,TA,Y,1
1081,Attchd,1971.0,RFn,2,528,TA,TA,Y,1
1082,Attchd,1963.0,Fin,1,308,TA,TA,Y,1
1083,Attchd,2002.0,RFn,2,527,TA,TA,Y,1
1084,Attchd,1964.0,RFn,1,461,TA,TA,Y,1
1085,Attchd,1995.0,Fin,2,409,TA,TA,Y,1
1086,Attchd,1992.0,Unf,2,564,TA,TA,Y,1
1087,Attchd,1973.0,RFn,1,286,TA,TA,Y,1
1088,Attchd,2005.0,RFn,3,1043,TA,TA,Y,1
1089,Detchd,2004.0,Unf,2,380,TA,TA,Y,1
1090,Attchd,2005.0,Fin,2,550,TA,TA,Y,1
1091,Detchd,1987.0,Unf,2,400,TA,TA,Y,1
1092,Detchd,1999.0,Unf,2,462,TA,TA,Y,1
1093,Detchd,1925.0,Unf,2,576,TA,TA,Y,1
1094,Detchd,1977.0,Unf,2,884,TA,TA,Y,1
1095,Attchd,1956.0,Fin,1,308,TA,TA,Y,1
1096,Attchd,2006.0,RFn,2,440,TA,TA,Y,1
1097,No_Feature,0.0,No_Feature,0,0,No_Feature,No_Feature,Y,0
1098,Attchd,1987.0,RFn,2,461,TA,TA,Y,1
1099,Detchd,1936.0,Unf,1,240,TA,TA,Y,1
1100,Attchd,1978.0,RFn,2,478,TA,TA,Y,1
1101,Detchd,1930.0,Unf,1,246,TA,TA,N,1
1102,Detchd,1981.0,Unf,1,280,TA,TA,Y,1
1103,Attchd,1960.0,RFn,1,254,TA,TA,Y,1
1104,BuiltIn,1954.0,Fin,2,539,TA,TA,Y,1
1105,Detchd,1970.0,Unf,2,440,TA,TA,Y,1
1106,Attchd,1994.0,RFn,2,712,TA,TA,Y,1
1107,Attchd,1990.0,Fin,2,719,TA,TA,Y,1
1108,BuiltIn,2006.0,RFn,2,422,TA,TA,Y,1
1109,Attchd,2000.0,RFn,2,463,TA,TA,Y,1
1110,Attchd,2004.0,Fin,3,862,TA,TA,Y,1
1111,Attchd,1995.0,Fin,2,431,TA,TA,Y,1
1112,Attchd,1976.0,RFn,2,483,TA,TA,Y,1
1113,Detchd,1957.0,Unf,1,308,TA,TA,Y,1
1114,Attchd,1953.0,Unf,1,240,TA,TA,Y,1
1115,Detchd,1955.0,Unf,1,326,TA,TA,Y,1
1116,Attchd,2007.0,RFn,3,928,TA,TA,Y,1
1117,BuiltIn,2002.0,Fin,2,527,TA,TA,Y,1
1118,Attchd,1967.0,RFn,2,450,TA,TA,Y,1
1119,BuiltIn,1958.0,RFn,1,300,TA,TA,Y,1
1120,Attchd,1959.0,RFn,1,286,TA,TA,Y,1
1121,Detchd,1920.0,Unf,1,308,TA,TA,Y,1
1122,Attchd,2005.0,RFn,3,782,TA,TA,Y,1
1123,Basment,1956.0,Unf,1,288,TA,TA,Y,1
1124,No_Feature,0.0,No_Feature,0,0,No_Feature,No_Feature,Y,0
1125,Attchd,1992.0,Fin,2,392,TA,TA,Y,1
1126,Detchd,1977.0,Unf,2,672,Fa,Fa,Y,1
1127,Attchd,2007.0,Fin,3,660,TA,TA,Y,1
1128,Attchd,2004.0,Fin,3,630,TA,TA,Y,1
1129,BuiltIn,2004.0,Fin,2,434,TA,TA,Y,1
1130,Detchd,1980.0,Unf,2,672,TA,TA,Y,1
1131,Detchd,1981.0,Unf,2,576,TA,TA,Y,1
1132,No_Feature,0.0,No_Feature,0,0,No_Feature,No_Feature,Y,0
1133,Detchd,1930.0,Unf,1,205,Fa,TA,N,1
1134,Attchd,1995.0,RFn,2,466,TA,TA,Y,1
1135,Attchd,1997.0,Fin,2,460,TA,TA,Y,1
1136,Detchd,1926.0,Unf,1,180,TA,TA,Y,1
1137,Attchd,1950.0,Unf,1,288,TA,TA,Y,1
1138,No_Feature,0.0,No_Feature,0,0,No_Feature,No_Feature,N,0
1139,Attchd,1977.0,RFn,2,714,TA,TA,Y,1
1140,Detchd,1972.0,Unf,2,495,TA,TA,Y,1
1141,Detchd,1988.0,Unf,2,840,TA,TA,Y,1
1142,Attchd,1976.0,Unf,2,484,TA,TA,Y,1
1143,BuiltIn,2006.0,RFn,3,1052,TA,TA,Y,1
1144,No_Feature,0.0,No_Feature,0,0,No_Feature,No_Feature,Y,0
1145,Detchd,1941.0,Unf,1,280,TA,TA,Y,1
1146,Detchd,1928.0,Unf,1,225,TA,TA,Y,1
1147,Attchd,1985.0,Unf,2,403,TA,TA,Y,1
1148,Attchd,1941.0,Unf,1,234,TA,TA,Y,1
1149,Detchd,1982.0,Unf,1,288,TA,TA,Y,1
1150,Detchd,1930.0,Unf,2,324,TA,TA,Y,1
1151,Attchd,1950.0,Unf,1,306,TA,TA,Y,1
1152,Attchd,1959.0,Fin,2,528,TA,TA,Y,1
1153,Attchd,1956.0,Fin,2,470,TA,TA,Y,1
1154,Detchd,2002.0,Unf,1,432,TA,TA,Y,1
1155,Attchd,1965.0,Unf,2,492,TA,TA,Y,1
1156,Attchd,1976.0,RFn,2,528,TA,TA,Y,1
1157,Attchd,1965.0,RFn,2,502,TA,TA,Y,1
1158,Attchd,2008.0,RFn,2,626,TA,TA,Y,1
1159,Attchd,2008.0,RFn,3,830,TA,TA,Y,1
1160,Attchd,1974.0,RFn,2,540,Gd,TA,Y,1
1161,Attchd,1978.0,Unf,2,440,TA,TA,Y,1
1162,Detchd,1993.0,Unf,2,924,TA,TA,Y,1
1163,Attchd,1968.0,Fin,2,450,TA,TA,Y,1
1164,CarPort,1969.0,Unf,2,400,Fa,TA,Y,1
1165,Attchd,1978.0,Unf,2,588,TA,TA,Y,1
1166,Attchd,2009.0,RFn,2,644,TA,TA,Y,1
1167,Attchd,2008.0,RFn,3,776,TA,TA,Y,1
1168,Attchd,2000.0,Fin,2,472,TA,TA,Y,1
1169,Basment,1935.0,Unf,2,540,TA,TA,Y,1
1170,Attchd,1995.0,Fin,3,807,TA,TA,Y,1
1171,Attchd,1977.0,Fin,1,358,TA,TA,Y,1
1172,Attchd,1958.0,RFn,2,433,TA,TA,Y,1
1173,Detchd,2006.0,Fin,2,625,TA,TA,Y,1
1174,No_Feature,0.0,No_Feature,0,0,No_Feature,No_Feature,Y,0
1175,Detchd,1932.0,Unf,2,360,TA,TA,Y,1
1176,Attchd,1992.0,Fin,2,541,TA,TA,Y,1
1177,Attchd,1984.0,Unf,1,264,TA,TA,Y,1
1178,Detchd,1926.0,Unf,1,210,TA,TA,N,1
1179,Detchd,1921.0,Unf,1,186,Fa,TA,Y,1
1180,No_Feature,0.0,No_Feature,0,0,No_Feature,No_Feature,N,0
1181,Attchd,1990.0,Fin,2,693,TA,TA,Y,1
1182,Attchd,2008.0,Fin,2,482,TA,TA,Y,1
1183,Attchd,1996.0,Fin,3,813,TA,TA,Y,1
1184,Detchd,1970.0,Unf,2,720,TA,TA,Y,1
1185,2Types,1963.0,RFn,3,995,TA,TA,Y,1
1186,Attchd,1965.0,Unf,1,392,TA,TA,Y,1
1187,CarPort,1920.0,Unf,2,420,Fa,Fa,Y,1
1188,Attchd,1994.0,RFn,3,757,TA,TA,Y,1
1189,Attchd,2002.0,RFn,2,493,TA,TA,Y,1
1190,Attchd,1999.0,Fin,2,442,TA,TA,Y,1
1191,2Types,1975.0,Fin,4,1356,TA,TA,Y,1
1192,Detchd,1999.0,Unf,2,492,TA,TA,Y,1
1193,Detchd,1925.0,Unf,1,250,TA,Fa,P,1
1194,Attchd,1999.0,Fin,2,402,TA,TA,Y,1
1195,Attchd,1969.0,Fin,1,299,TA,TA,Y,1
1196,Attchd,2005.0,Fin,2,400,TA,TA,Y,1
1197,BuiltIn,2006.0,Fin,3,660,TA,TA,Y,1
1198,Detchd,1916.0,Unf,1,225,TA,TA,Y,1
1199,Attchd,2001.0,RFn,2,573,TA,TA,Y,1
1200,Attchd,1974.0,Unf,2,459,TA,TA,Y,1
1201,Attchd,1972.0,Unf,1,280,TA,TA,Y,1
1202,Attchd,1998.0,RFn,2,546,TA,TA,Y,1
1203,Detchd,1960.0,Unf,1,216,TA,TA,N,1
1204,Attchd,2000.0,Unf,2,451,TA,TA,Y,1
1205,Attchd,1975.0,RFn,2,495,TA,TA,Y,1
1206,Attchd,1990.0,RFn,3,701,TA,TA,Y,1
1207,Detchd,1966.0,Unf,1,384,TA,TA,Y,1
1208,Attchd,2003.0,RFn,2,544,TA,TA,Y,1
1209,Detchd,1980.0,Unf,2,506,TA,TA,Y,1
1210,Attchd,2006.0,RFn,2,500,TA,TA,Y,1
1211,Attchd,1992.0,RFn,2,462,TA,TA,Y,1
1212,Basment,1988.0,RFn,2,492,TA,TA,Y,1
1213,Attchd,1941.0,Unf,1,234,TA,TA,N,1
1214,Attchd,1965.0,Unf,1,364,TA,TA,Y,1
1215,Attchd,1962.0,Unf,1,300,TA,TA,Y,1
1216,Detchd,1966.0,RFn,1,384,TA,TA,Y,1
1217,Attchd,1978.0,Unf,2,539,TA,TA,Y,1
1218,Attchd,2009.0,RFn,2,552,TA,TA,Y,1
1219,No_Feature,0.0,No_Feature,0,0,No_Feature,No_Feature,N,0
1220,No_Feature,0.0,No_Feature,0,0,No_Feature,No_Feature,N,0
1221,Attchd,1964.0,Unf,1,288,TA,TA,Y,1
1222,Attchd,1968.0,Unf,1,322,TA,TA,Y,1
1223,Attchd,1949.0,Unf,1,315,TA,TA,Y,1
1224,Detchd,1951.0,Unf,2,528,TA,TA,Y,1
1225,Attchd,2004.0,Fin,2,388,TA,TA,Y,1
1226,Attchd,1958.0,RFn,1,264,TA,TA,Y,1
1227,BuiltIn,2007.0,Fin,3,668,TA,TA,Y,1
1228,Detchd,1992.0,Unf,2,576,TA,TA,Y,1
1229,Attchd,2008.0,Fin,3,1052,TA,TA,Y,1
1230,Basment,1960.0,Unf,1,404,TA,TA,Y,1
1231,BuiltIn,1977.0,RFn,2,600,TA,TA,N,1
1232,Attchd,1962.0,Unf,2,540,TA,TA,Y,1
1233,CarPort,1962.0,Unf,2,462,TA,TA,Y,1
1234,Attchd,1959.0,RFn,2,531,TA,TA,Y,1
1235,No_Feature,0.0,No_Feature,0,0,No_Feature,No_Feature,N,0
1236,Detchd,1914.0,Unf,1,180,Fa,Fa,N,1
1237,BuiltIn,2003.0,RFn,2,474,TA,TA,Y,1
1238,BuiltIn,2004.0,Fin,2,434,TA,TA,Y,1
1239,Detchd,2005.0,Unf,2,484,TA,TA,Y,1
1240,Attchd,2006.0,RFn,2,472,TA,TA,Y,1
1241,Attchd,2003.0,RFn,2,543,TA,TA,Y,1
1242,Attchd,2007.0,RFn,3,954,TA,TA,Y,1
1243,Attchd,1974.0,RFn,2,528,TA,TA,Y,1
1244,Attchd,2006.0,Fin,3,850,TA,TA,Y,1
1245,Detchd,1931.0,Unf,2,400,TA,TA,Y,1
1246,BuiltIn,1984.0,Fin,2,477,TA,TA,Y,1
1247,Attchd,2005.0,RFn,2,615,TA,TA,Y,1
1248,Attchd,1976.0,Unf,3,888,TA,TA,Y,1
1249,Detchd,1950.0,Unf,2,396,Fa,Fa,P,1
1250,Attchd,1950.0,Unf,1,276,TA,TA,Y,1
1251,Attchd,1968.0,Fin,2,522,TA,TA,Y,1
1252,Attchd,2003.0,RFn,2,478,TA,TA,Y,1
1253,Attchd,1968.0,RFn,1,288,TA,TA,Y,1
1254,Attchd,1974.0,RFn,2,518,TA,TA,Y,1
1255,BuiltIn,2003.0,Fin,2,397,TA,TA,Y,1
1256,Detchd,1978.0,Unf,1,560,TA,TA,Y,1
1257,Attchd,1994.0,Fin,2,691,TA,TA,Y,1
1258,No_Feature,0.0,No_Feature,0,0,No_Feature,No_Feature,Y,0
1259,Attchd,2005.0,Fin,2,400,TA,TA,Y,1
1260,Attchd,1969.0,Unf,2,460,TA,TA,Y,1
1261,BuiltIn,1999.0,Fin,2,502,TA,TA,Y,1
1262,Attchd,1956.0,Unf,1,338,TA,TA,Y,1
1263,Attchd,1957.0,Unf,1,304,TA,TA,Y,1
1264,Detchd,1940.0,Unf,2,520,TA,TA,N,1
1265,Attchd,1998.0,Fin,2,511,TA,TA,Y,1
1266,Detchd,1999.0,Unf,2,506,TA,TA,Y,1
1267,Detchd,1960.0,Unf,1,308,TA,TA,N,1
1268,Attchd,2009.0,Fin,3,746,TA,TA,Y,1
1269,BuiltIn,1982.0,Unf,3,1014,TA,TA,Y,1
1270,Attchd,1958.0,Unf,1,315,TA,TA,Y,1
1271,Attchd,1979.0,Fin,2,586,TA,TA,Y,1
1272,Attchd,1968.0,RFn,2,462,TA,TA,Y,1
1273,Attchd,1965.0,Unf,1,288,TA,TA,Y,1
1274,Basment,1959.0,RFn,1,312,TA,TA,Y,1
1275,Detchd,1985.0,Unf,2,552,TA,TA,Y,1
1276,Detchd,1948.0,Unf,2,400,TA,Fa,Y,1
1277,Attchd,1972.0,Unf,2,497,TA,TA,Y,1
1278,Attchd,1967.0,RFn,2,480,TA,TA,Y,1
1279,Attchd,2002.0,RFn,2,577,TA,TA,Y,1
1280,Detchd,1980.0,RFn,2,528,TA,TA,Y,1
1281,Attchd,2002.0,RFn,2,544,TA,TA,Y,1
1282,Attchd,1990.0,Fin,2,484,Gd,Gd,Y,1
1283,Detchd,1977.0,Unf,2,484,TA,TA,Y,1
1284,No_Feature,0.0,No_Feature,0,0,No_Feature,No_Feature,Y,0
1285,Detchd,1969.0,Unf,1,336,TA,TA,Y,1
1286,Detchd,1939.0,Unf,1,280,TA,TA,Y,1
1287,Attchd,1963.0,Unf,2,528,TA,TA,Y,1
1288,Attchd,1964.0,Unf,2,390,TA,TA,N,1
1289,Attchd,2000.0,Fin,2,499,TA,TA,Y,1
1290,BuiltIn,2006.0,Fin,3,753,TA,TA,Y,1
1291,Attchd,1964.0,RFn,2,484,TA,TA,Y,1
1292,Detchd,1972.0,Unf,1,264,TA,TA,Y,1
1293,Attchd,1985.0,RFn,1,432,TA,TA,Y,1
1294,Attchd,1976.0,RFn,2,528,TA,TA,Y,1
1295,Detchd,1957.0,Unf,2,572,TA,TA,N,1
1296,Attchd,1968.0,RFn,1,288,TA,TA,Y,1
1297,Attchd,1963.0,RFn,2,525,TA,TA,Y,1
1298,Basment,2005.0,Fin,2,525,TA,TA,Y,1
1299,Attchd,2008.0,Fin,2,1418,TA,TA,Y,1
1300,Attchd,1959.0,RFn,1,305,TA,TA,Y,1
1301,Attchd,1999.0,Fin,2,490,TA,TA,Y,1
1302,Attchd,1942.0,Unf,1,213,TA,TA,P,1
1303,Attchd,1994.0,RFn,3,844,TA,TA,Y,1
1304,Attchd,2005.0,RFn,3,834,TA,TA,Y,1
1305,Detchd,2004.0,Unf,2,380,TA,TA,Y,1
1306,Attchd,2006.0,Fin,2,840,TA,TA,Y,1
1307,Attchd,2005.0,RFn,2,474,TA,TA,Y,1
1308,Detchd,2000.0,Unf,2,480,TA,TA,Y,1
1309,Attchd,1948.0,Unf,2,528,TA,TA,Y,1
1310,Attchd,1991.0,RFn,2,496,TA,TA,Y,1
1311,Attchd,1959.0,Fin,2,567,TA,TA,Y,1
1312,Attchd,2005.0,RFn,2,508,TA,TA,Y,1
1313,Attchd,1990.0,RFn,2,750,Gd,Gd,Y,1
1314,BuiltIn,1999.0,Fin,3,779,TA,TA,Y,1
1315,Detchd,1956.0,Unf,1,280,TA,TA,Y,1
1316,Attchd,1969.0,Unf,2,576,TA,TA,Y,1
1317,Attchd,2008.0,RFn,3,860,TA,TA,Y,1
1318,Attchd,2006.0,RFn,2,466,TA,TA,Y,1
1319,Attchd,2001.0,RFn,3,748,TA,TA,Y,1
1320,Attchd,1954.0,Unf,1,248,TA,TA,Y,1
1321,Attchd,1957.0,RFn,2,442,TA,TA,Y,1
1322,Detchd,1955.0,Unf,1,287,TA,Fa,Y,1
1323,Attchd,1992.0,RFn,2,564,TA,TA,Y,1
1324,No_Feature,0.0,No_Feature,0,0,No_Feature,No_Feature,Y,0
1325,Attchd,2007.0,RFn,3,895,TA,TA,Y,1
1326,No_Feature,0.0,No_Feature,0,0,No_Feature,No_Feature,N,0
1327,No_Feature,0.0,No_Feature,0,0,No_Feature,No_Feature,Y,0
1328,Attchd,1982.0,Unf,1,264,TA,TA,Y,1
1329,Detchd,1920.0,Unf,2,520,Fa,TA,Y,1
1330,Attchd,1998.0,Fin,2,462,TA,TA,Y,1
1331,Attchd,2006.0,RFn,3,825,TA,TA,Y,1
1332,Detchd,1976.0,Unf,2,576,TA,TA,Y,1
1333,Detchd,1958.0,Unf,1,288,Fa,Fa,Y,1
1334,Detchd,1951.0,Unf,1,297,TA,TA,Y,1
1335,Attchd,1970.0,Unf,2,440,TA,TA,Y,1
1336,Attchd,1977.0,RFn,2,630,TA,TA,Y,1
1337,Detchd,1973.0,Unf,2,506,TA,TA,Y,1
1338,No_Feature,0.0,No_Feature,0,0,No_Feature,No_Feature,N,0
1339,BuiltIn,2002.0,RFn,2,492,TA,TA,Y,1
1340,Attchd,1972.0,RFn,1,288,TA,TA,Y,1
1341,Detchd,1974.0,Unf,4,480,TA,TA,Y,1
1342,Detchd,2004.0,Unf,2,576,TA,TA,Y,1
1343,Attchd,2002.0,RFn,2,647,TA,TA,Y,1
1344,Detchd,1929.0,Unf,2,342,Fa,Fa,Y,1
1345,Attchd,2006.0,Fin,2,440,TA,TA,Y,1
1346,Detchd,1997.0,Unf,1,308,TA,TA,Y,1
1347,Attchd,1968.0,RFn,2,508,Gd,TA,Y,1
1348,Attchd,2006.0,Fin,3,712,TA,TA,Y,1
1349,Attchd,1998.0,RFn,2,514,TA,TA,Y,1
1350,No_Feature,0.0,No_Feature,0,0,No_Feature,No_Feature,Y,0
1351,Detchd,1969.0,Unf,4,968,TA,TA,Y,1
1352,Attchd,1962.0,Fin,2,490,TA,TA,Y,1
1353,Detchd,1999.0,Unf,2,624,TA,TA,N,1
1354,Attchd,1996.0,Fin,3,666,TA,TA,Y,1
1355,Attchd,2000.0,RFn,3,839,TA,TA,Y,1
1356,Attchd,1968.0,RFn,2,487,TA,TA,Y,1
1357,Attchd,1966.0,RFn,1,264,TA,TA,Y,1
1358,Attchd,1971.0,Fin,2,500,TA,TA,Y,1
1359,Detchd,2000.0,Unf,2,440,TA,TA,Y,1
1360,Attchd,2004.0,Fin,3,770,TA,TA,Y,1
1361,BuiltIn,1998.0,RFn,2,621,TA,TA,Y,1
1362,Attchd,2005.0,Fin,2,430,TA,TA,Y,1
1363,Attchd,1920.0,Unf,1,368,TA,TA,Y,1
1364,BuiltIn,2007.0,Fin,2,432,TA,TA,Y,1
1365,Detchd,2005.0,RFn,2,480,TA,TA,Y,1
1366,Attchd,2000.0,RFn,2,663,TA,TA,Y,1
1367,Attchd,1999.0,RFn,2,588,TA,TA,Y,1
1368,Attchd,1977.0,RFn,1,336,TA,TA,Y,1
1369,Attchd,2003.0,Fin,2,420,TA,TA,Y,1
1370,Attchd,2003.0,Fin,2,502,TA,TA,Y,1
1371,Detchd,1967.0,Fin,1,338,TA,TA,Y,1
1372,BuiltIn,1955.0,RFn,1,377,TA,TA,Y,1
1373,Detchd,1998.0,RFn,2,583,TA,TA,Y,1
1374,Attchd,2001.0,RFn,3,804,TA,TA,Y,1
1375,Attchd,2005.0,Fin,3,936,TA,TA,Y,1
1376,Attchd,2007.0,Fin,3,722,TA,TA,Y,1
1377,Detchd,1925.0,Unf,1,160,Fa,TA,Y,1
1378,Detchd,1977.0,Unf,2,660,TA,TA,Y,1
1379,Detchd,1973.0,Unf,1,264,TA,TA,Y,1
1380,BuiltIn,2007.0,Fin,2,400,TA,TA,Y,1
1381,Detchd,1938.0,Unf,1,200,TA,Fa,Y,1
1382,Attchd,1970.0,Fin,2,550,TA,TA,Y,1
1383,Detchd,1989.0,Unf,2,576,TA,TA,N,1
1384,Attchd,2007.0,Unf,2,576,TA,TA,N,1
1385,Detchd,1939.0,Unf,1,280,TA,TA,P,1
1386,Detchd,1922.0,Unf,1,240,TA,TA,N,1
1387,Attchd,1978.0,RFn,2,564,TA,TA,Y,1
1388,Detchd,1916.0,Unf,1,216,TA,TA,Y,1
1389,Attchd,2006.0,Fin,3,758,TA,TA,Y,1
1390,Detchd,2003.0,Unf,2,440,TA,TA,Y,1
1391,Attchd,2000.0,RFn,2,541,TA,TA,Y,1
1392,Detchd,1967.0,Unf,3,792,TA,TA,Y,1
1393,Attchd,1967.0,RFn,1,288,TA,TA,Y,1
1394,Detchd,2003.0,Unf,2,672,Gd,TA,Y,1
1395,Attchd,2006.0,Fin,3,648,TA,TA,Y,1
1396,BuiltIn,2005.0,Fin,3,642,TA,TA,Y,1
1397,Detchd,1966.0,Unf,2,572,TA,TA,N,1
1398,Detchd,1933.0,Unf,1,180,Fa,Fa,N,1
1399,Attchd,1950.0,Unf,1,240,TA,TA,Y,1
1400,Detchd,1925.0,Unf,1,216,Fa,TA,Y,1
1401,BuiltIn,1929.0,RFn,1,208,TA,TA,Y,1
1402,Attchd,2004.0,Fin,2,398,TA,TA,Y,1
1403,Attchd,2006.0,RFn,2,662,TA,TA,Y,1
1404,Attchd,2007.0,Unf,3,754,TA,TA,Y,1
1405,Detchd,1998.0,Unf,3,936,TA,TA,Y,1
1406,Attchd,2004.0,Fin,2,482,TA,TA,Y,1
1407,Detchd,1988.0,Unf,2,396,TA,TA,Y,1
1408,No_Feature,0.0,No_Feature,0,0,No_Feature,No_Feature,Y,0
1409,Detchd,1966.0,Unf,2,528,TA,TA,Y,1
1410,Attchd,1986.0,Fin,2,542,TA,TA,Y,1
1411,Attchd,2001.0,RFn,2,622,TA,TA,Y,1
1412,Attchd,1950.0,Unf,1,271,TA,TA,Y,1
1413,Detchd,1956.0,Unf,2,420,TA,TA,Y,1
1414,Attchd,2005.0,Fin,2,620,TA,TA,Y,1
1415,Detchd,1922.0,Unf,2,370,TA,TA,N,1
1416,Attchd,2007.0,RFn,3,660,TA,TA,Y,1
1417,Detchd,1971.0,Unf,2,560,TA,TA,N,1
1418,Attchd,1998.0,Fin,3,1069,TA,TA,Y,1
1419,Detchd,1962.0,Unf,1,336,TA,TA,Y,1
1420,Attchd,1969.0,RFn,2,540,TA,TA,Y,1
1421,Attchd,1968.0,RFn,2,776,TA,TA,Y,1
1422,Attchd,1977.0,RFn,2,440,TA,TA,Y,1
1423,Attchd,2003.0,Fin,2,420,TA,TA,Y,1
1424,Attchd,1966.0,Unf,2,432,Gd,Gd,Y,1
1425,Detchd,1970.0,Unf,1,484,TA,TA,Y,1
1426,Detchd,1960.0,Unf,2,528,TA,TA,Y,1
1427,Attchd,1994.0,RFn,2,525,TA,TA,Y,1
1428,Attchd,1962.0,Unf,1,288,TA,TA,Y,1
1429,Attchd,1940.0,Unf,1,240,TA,TA,Y,1
1430,Attchd,1981.0,Fin,2,467,TA,TA,Y,1
1431,BuiltIn,2005.0,Fin,2,372,TA,TA,Y,1
1432,Attchd,1976.0,RFn,2,440,TA,TA,Y,1
1433,Detchd,1928.0,Unf,1,216,Fa,Fa,Y,1
1434,Attchd,2000.0,Fin,2,451,TA,TA,Y,1
1435,Attchd,1977.0,RFn,2,484,TA,TA,P,1
1436,Attchd,1962.0,RFn,2,462,TA,TA,Y,1
1437,Detchd,1974.0,Unf,2,528,TA,TA,Y,1
1438,Attchd,2008.0,Fin,3,774,TA,TA,Y,1
1439,Attchd,1957.0,Unf,2,923,TA,TA,Y,1
1440,Attchd,1979.0,RFn,2,550,TA,TA,Y,1
1441,Detchd,1993.0,Fin,2,672,TA,TA,Y,1
1442,Attchd,2004.0,RFn,2,420,TA,TA,Y,1
1443,Attchd,2008.0,Fin,3,812,TA,TA,Y,1
1444,Detchd,1916.0,Unf,1,192,Fa,Po,P,1
1445,Attchd,2004.0,RFn,2,626,TA,TA,Y,1
1446,Detchd,1990.0,Unf,1,240,TA,TA,Y,1
1447,Attchd,1962.0,Unf,1,312,TA,TA,P,1
1448,Attchd,1995.0,RFn,2,556,TA,TA,Y,1
1449,Detchd,1950.0,Unf,1,384,Fa,TA,Y,1
1450,No_Feature,0.0,No_Feature,0,0,No_Feature,No_Feature,Y,0
1451,No_Feature,0.0,No_Feature,0,0,No_Feature,No_Feature,Y,0
1452,Attchd,2008.0,Fin,3,840,TA,TA,Y,1
1453,Basment,2005.0,Fin,2,525,TA,TA,Y,1
1454,No_Feature,0.0,No_Feature,0,0,No_Feature,No_Feature,Y,0
1455,Attchd,2004.0,RFn,2,400,TA,TA,Y,1
1456,Attchd,1999.0,RFn,2,460,TA,TA,Y,1
1457,Attchd,1978.0,Unf,2,500,TA,TA,Y,1
1458,Attchd,1941.0,RFn,1,252,TA,TA,Y,1
1459,Attchd,1950.0,Unf,1,240,TA,TA,Y,1
1460,Attchd,1965.0,Fin,1,276,TA,TA,Y,1
