Id,SalePrice,LotFrontage,LotArea,GrLivArea,TotalSF,YearBuilt,YearRemodAdd,HouseAge,YearsSinceRemodel,MoSold,YrSold
1,208500,65.0,8450,1710,2566,2003,2003,5,5,2,2008
2,181500,80.0,9600,1262,2524,1976,1976,31,31,5,2007
3,223500,68.0,11250,1786,2706,2001,2002,7,6,9,2008
4,140000,60.0,9550,1717,2473,1915,1970,91,36,2,2006
5,250000,84.0,14260,2198,3343,2000,2000,8,8,12,2008
6,143000,85.0,14115,1362,2158,1993,1995,16,14,10,2009
7,307000,75.0,10084,1694,3380,2004,2005,3,2,8,2007
8,200000,69.0,10382,2090,3197,1973,1973,36,36,11,2009
9,129900,51.0,6120,1774,2726,1931,1950,77,58,4,2008
10,118000,50.0,7420,1077,2068,1939,1950,69,58,1,2008
11,129500,70.0,11200,1040,2080,1965,1965,43,43,2,2008
12,345000,85.0,11924,2324,3499,2005,2006,1,0,7,2006
13,144000,69.0,12968,912,1824,1962,1962,46,46,9,2008
14,279500,91.0,10652,1494,2988,2006,2007,1,0,8,2007
15,157000,69.0,10920,1253,2506,1960,1960,48,48,5,2008
16,132000,51.0,6120,854,1686,1929,2001,78,6,7,2007
17,149000,69.0,11241,1004,2008,1970,1970,40,40,3,2010
18,90000,72.0,10791,1296,1296,1967,1967,39,39,10,2006
19,159000,66.0,13695,1114,2228,2004,2004,4,4,6,2008
20,139000,70.0,7560,1339,2368,1958,1965,51,44,5,2009
21,325300,101.0,14215,2376,3534,2005,2006,1,0,11,2006
22,139400,57.0,7449,1108,1745,1930,1950,77,57,6,2007
23,230000,75.0,9742,1795,3572,2002,2002,6,6,9,2008
24,129900,44.0,4224,1060,2100,1976,1976,31,31,6,2007
25,154000,69.0,8246,1060,2120,1968,2001,42,9,5,2010
26,256300,110.0,14230,1600,3166,2007,2007,2,2,7,2009
27,134800,60.0,7200,900,1800,1951,2000,59,10,5,2010
28,306000,98.0,11478,1704,3408,2007,2008,3,2,5,2010
29,207500,47.0,16321,1600,3084,1957,1997,49,9,12,2006
30,68500,60.0,6324,520,1040,1927,1950,81,58,5,2008
31,40000,50.0,8500,1317,1966,1920,1950,88,58,7,2008
32,149350,69.0,8544,1228,2456,1966,2006,42,2,6,2008
33,179900,85.0,11049,1234,2468,2007,2007,1,1,1,2008
34,165500,70.0,10552,1700,3098,1959,1959,51,51,4,2010
35,277500,60.0,7313,1561,3122,2005,2005,2,2,8,2007
36,309000,108.0,13418,2452,3569,2004,2005,2,1,9,2006
37,145000,112.0,10859,1097,2194,1994,1995,15,14,6,2009
38,153000,74.0,8532,1297,2594,1954,1990,55,19,10,2009
39,109000,68.0,7922,1057,2114,1953,2007,57,3,1,2010
40,82000,65.0,6040,1152,1152,1955,1955,53,53,6,2008
41,160000,84.0,8658,1324,2412,1965,1965,41,41,12,2006
42,170000,115.0,16905,1328,2678,1959,1959,48,48,7,2007
43,144000,69.0,9180,884,1724,1983,1983,24,24,12,2007
44,130250,69.0,9200,938,1876,1975,1980,33,28,7,2008
45,141000,70.0,7945,1150,2300,1959,1959,47,47,5,2006
46,319900,61.0,7658,1752,3504,2005,2005,5,5,2,2010
47,239686,48.0,12822,2149,3583,2003,2003,6,6,8,2009
48,249700,84.0,11096,1656,3312,2006,2006,1,1,7,2007
49,113000,33.0,4456,1452,2188,1920,2008,89,1,6,2009
50,127000,66.0,7742,955,1910,1966,1966,41,41,1,2007
51,177000,69.0,13869,1470,2264,1997,1997,10,10,7,2007
52,114500,52.0,6240,1176,1632,1934,1950,72,56,9,2006
53,110000,110.0,8472,816,1632,1963,1963,47,47,5,2010
54,385000,68.0,50271,1842,3684,1981,1987,25,19,11,2006
55,130000,60.0,7134,1360,1744,1955,1955,52,52,2,2007
56,180500,100.0,10175,1425,2850,1964,1964,44,44,7,2008
57,172500,24.0,2645,1739,2709,1999,2000,10,9,8,2009
58,196500,89.0,11645,1720,2580,2004,2004,2,2,8,2006
59,438780,66.0,13682,2945,4355,2006,2006,0,0,10,2006
60,124900,60.0,7200,780,1560,1972,1972,36,36,1,2008
61,158000,63.0,13072,1158,2316,2004,2004,2,2,5,2006
62,101000,60.0,7200,1111,1641,1920,1996,87,11,3,2007
63,202500,44.0,6442,1370,2740,2006,2006,1,1,10,2007
64,140000,50.0,10300,1710,2286,1921,1950,89,60,4,2010
65,219500,69.0,9375,2034,3091,1997,1998,12,11,2,2009
66,317000,76.0,9591,2473,3616,2004,2005,3,2,10,2007
67,180000,69.0,19900,2207,4154,1970,1989,40,21,7,2010
68,226000,72.0,10665,1479,2932,2003,2003,4,4,6,2007
69,80000,47.0,4608,747,1494,1945,1950,65,60,6,2010
70,225000,81.0,15593,2287,3591,1953,1953,53,53,7,2006
71,244000,95.0,13651,2223,4446,1973,1973,34,34,2,2007
72,129500,69.0,7599,845,1690,1982,2006,25,1,6,2007
73,185000,74.0,10141,1718,2550,1998,1998,11,11,12,2009
74,144900,85.0,10200,1086,2172,1954,2003,56,7,5,2010
75,107400,60.0,5790,1605,2445,1915,1950,95,60,5,2010
76,91000,21.0,1596,988,1450,1973,1973,36,36,11,2009
77,135750,69.0,8475,952,1904,1956,1956,52,52,4,2008
78,127000,50.0,8635,1285,1957,1948,2001,60,7,1,2008
79,136500,72.0,10778,1768,3536,1968,1968,42,42,4,2010
80,110000,60.0,10440,1230,1670,1910,1981,99,28,5,2009
81,193500,100.0,13000,2142,3038,1968,1968,41,41,6,2009
82,153500,32.0,4500,1337,2574,1998,1998,8,8,3,2006
83,245000,78.0,10206,1563,3126,2007,2007,1,1,10,2008
84,126500,80.0,8892,1065,2130,1960,1960,47,47,7,2007
85,168500,69.0,8530,1474,1858,1995,1996,14,13,5,2009
86,260000,121.0,16059,2417,3705,1991,1992,15,14,4,2006
87,174000,122.0,11911,1560,2244,2005,2005,4,4,3,2009
88,164500,40.0,3951,1224,1836,2009,2009,0,0,6,2009
89,85000,105.0,8470,1526,2026,1915,1982,94,27,10,2009
90,123600,60.0,8070,990,1980,1994,1995,13,12,8,2007
91,109900,60.0,7200,1040,1040,1950,1950,56,56,7,2006
92,98600,85.0,8500,1235,2470,1961,1961,45,45,12,2006
93,163500,80.0,13360,964,1840,1921,2006,88,3,8,2009
94,133900,60.0,7200,2291,3505,1910,1998,97,9,11,2007
95,204750,69.0,9337,1786,2610,1997,1997,10,10,5,2007
96,185000,69.0,9765,1470,2150,1993,1993,16,16,4,2009
97,214000,78.0,10264,1588,3176,1999,1999,7,7,8,2006
98,94750,73.0,10921,960,1920,1965,1965,42,42,5,2007
99,83000,85.0,10625,835,1293,1920,1950,90,60,5,2010
100,128950,77.0,9320,1225,2175,1959,1959,51,51,1,2010
101,205000,69.0,10603,1610,3220,1977,2001,33,9,2,2010
102,178000,77.0,9206,1732,2473,1985,1985,25,25,6,2010
103,118964,64.0,7018,1535,1535,1979,1979,30,30,6,2009
104,198900,94.0,10402,1226,2452,2009,2009,1,1,5,2010
105,169500,69.0,7758,1818,2858,1931,1950,76,57,6,2007
106,250000,75.0,9375,1992,3045,2003,2004,5,4,8,2008
107,100000,60.0,10800,1047,1688,1885,1995,122,12,8,2007
108,115000,50.0,6000,789,1578,1948,1950,60,58,4,2008
109,115000,85.0,8500,1517,2310,1919,2005,88,2,8,2007
110,190000,105.0,11751,1844,3688,1977,1977,33,33,1,2010
111,136900,75.0,9525,1855,2849,1954,1972,52,34,10,2006
112,180000,69.0,7750,1430,1814,2000,2000,10,10,4,2010
113,383970,77.0,9965,2696,3960,2007,2007,0,0,10,2007
114,217000,69.0,21000,2259,4068,1953,1953,54,54,10,2007
115,259500,61.0,7259,2320,3348,1945,2002,62,5,7,2007
116,176000,34.0,3230,1458,2187,1999,1999,8,8,6,2007
117,139000,69.0,11616,1092,2184,1962,1962,47,47,9,2009
118,155000,74.0,8536,1125,2250,2006,2007,1,0,4,2007
119,320000,90.0,12376,3222,4895,1990,1990,20,20,5,2010
120,163990,65.0,8461,1456,2184,2005,2006,1,0,7,2006
121,180000,69.0,21453,988,1926,1969,1969,37,37,10,2006
122,100000,50.0,6060,1123,1855,1939,1950,68,57,6,2007
123,136000,75.0,9464,1080,2160,1958,1958,50,50,6,2008
124,153900,55.0,7892,1199,2398,1993,1993,15,15,3,2008
125,181000,48.0,17043,1586,2948,1979,1998,30,11,1,2009
126,84500,60.0,6780,754,1040,1935,1982,71,24,6,2006
127,128000,69.0,4928,958,2036,1976,1976,31,31,2,2007
128,87000,55.0,4388,840,1512,1930,1950,77,57,6,2007
129,155000,69.0,7590,1348,2008,1966,1966,40,40,7,2006
130,150000,69.0,8973,1053,2061,1958,1991,48,15,7,2006
131,226000,88.0,14200,2157,3081,1966,1966,40,40,5,2006
132,244000,69.0,12224,2054,3046,2000,2000,9,9,7,2009
133,150750,75.0,7388,1327,2390,1959,2002,48,5,7,2007
134,220000,69.0,6853,1296,2563,2001,2002,8,7,6,2009
135,180000,78.0,10335,1721,3182,1968,1993,38,13,7,2006
136,174000,80.0,10400,1682,2986,1970,1970,38,38,5,2008
137,143000,69.0,10355,1214,2428,1967,1967,40,40,7,2007
138,171000,82.0,11070,1959,3866,1988,1989,18,17,7,2006
139,230000,73.0,9066,1852,2856,1999,2000,9,8,12,2008
140,231500,65.0,15426,1764,2692,1997,1997,12,12,8,2009
141,115000,70.0,10500,864,1728,1971,1971,39,39,4,2010
142,260000,78.0,11645,1734,3468,2005,2005,1,1,1,2006
143,166000,71.0,8520,1385,2295,1952,1952,58,58,6,2010
144,204000,78.0,10335,1501,2991,1999,1999,10,10,6,2009
145,125000,70.0,9100,1728,3456,1963,1963,43,43,11,2006
146,130000,24.0,2522,1709,2679,2004,2006,2,0,4,2006
147,105000,51.0,6120,875,1590,1931,1993,78,16,11,2009
148,222500,69.0,9505,2035,2919,2001,2001,9,9,5,2010
149,141000,63.0,7500,1080,2160,2004,2005,4,3,4,2008
150,115000,69.0,6240,1344,2240,1936,1950,70,56,4,2006
151,122000,120.0,10356,969,1938,1975,1975,32,32,1,2007
152,372402,107.0,13891,1710,3420,2007,2008,1,0,1,2008
153,190000,69.0,14803,1993,2818,1971,1971,35,35,6,2006
154,235000,69.0,13500,1252,2854,1960,1975,48,33,3,2008
155,125000,84.0,11340,1200,2400,1923,1950,83,56,3,2006
156,79000,60.0,9600,1096,1668,1924,1950,84,58,4,2008
157,109500,60.0,7200,1040,1040,1950,1950,56,56,6,2006
158,269500,92.0,12003,1968,2742,2009,2010,1,0,5,2010
159,254900,100.0,12552,1947,2938,2004,2005,6,5,5,2010
160,320000,134.0,19378,2462,3854,2005,2006,1,0,3,2006
161,162500,69.0,11120,1232,2464,1984,1984,24,24,6,2008
162,412500,110.0,13688,2668,4240,2003,2004,5,4,3,2008
163,220000,95.0,12182,1541,3082,2005,2005,5,5,5,2010
164,103200,55.0,5500,882,1764,1956,1956,51,51,4,2007
165,152000,40.0,5400,1616,2765,1926,2004,81,3,10,2007
166,127500,62.0,10106,1355,1999,1940,1999,68,9,9,2008
167,190000,69.0,10708,1867,3484,1955,1993,54,16,11,2009
168,325624,86.0,10562,2161,3743,2007,2007,0,0,11,2007
169,183500,62.0,8244,1720,2560,2004,2004,3,3,5,2007
170,228000,69.0,16669,1707,3393,1981,1981,25,25,1,2006
171,128500,69.0,12358,1382,1574,1941,1950,66,57,5,2007
172,215000,141.0,31770,1656,2736,1960,1960,50,50,5,2010
173,239000,44.0,5306,1767,2831,1987,1987,19,19,6,2006
174,163000,80.0,10197,1362,2724,1961,1961,47,47,6,2008
175,184000,47.0,12416,1651,3257,1986,1986,22,22,11,2008
176,243000,84.0,12615,2158,3360,1950,2001,57,6,6,2007
177,211000,97.0,10029,2060,3211,1988,1989,19,18,9,2007
178,172500,69.0,13650,1920,2972,1958,1958,48,48,7,2006
179,501837,63.0,17423,2234,4450,2008,2009,1,0,7,2009
180,100000,60.0,8520,968,1936,1923,2006,84,1,7,2007
181,177000,69.0,2117,1525,2281,2000,2000,7,7,6,2007
182,200100,54.0,7588,1802,2595,1920,1950,86,56,7,2006
183,120000,60.0,9060,1340,1340,1957,2006,50,1,6,2007
184,200000,63.0,11426,2082,3444,2003,2003,5,5,6,2008
185,127000,92.0,7438,1252,1756,1908,1991,98,15,6,2006
186,475000,90.0,22950,3608,4143,1892,1993,114,13,6,2006
187,173000,69.0,9947,1217,2405,1990,1991,19,18,6,2009
188,135000,60.0,10410,1656,2172,1916,1987,93,22,8,2009
189,153337,64.0,7018,1224,2310,1979,1979,30,30,6,2009
190,286000,41.0,4923,1593,3186,2001,2002,7,6,8,2008
191,315000,70.0,10570,2727,3580,1932,1994,75,13,12,2007
192,184000,69.0,7472,1479,2204,1972,2004,35,3,6,2007
193,192000,68.0,9017,1431,2862,1999,1999,10,10,9,2009
194,130000,24.0,2522,1709,2679,2004,2004,2,2,5,2006
195,127000,60.0,7180,864,1728,1972,1972,36,36,5,2008
196,148500,24.0,2280,1456,2311,1976,1976,33,33,7,2009
197,311872,79.0,9416,1726,3452,2007,2007,0,0,9,2007
198,235000,174.0,25419,3112,4080,1918,1990,88,16,3,2006
199,104000,92.0,5520,2229,2613,1912,1950,97,59,7,2009
200,274900,76.0,9591,1713,3426,2004,2005,5,4,1,2009
201,140000,80.0,8546,1121,2242,2003,2004,7,6,3,2010
202,171500,75.0,10125,1279,2475,1977,1977,31,31,2,2008
203,112000,50.0,7000,1310,1927,1924,1950,82,56,5,2006
204,149000,69.0,4438,848,1696,2004,2004,4,4,1,2008
205,110000,50.0,3500,1284,2004,1947,1950,62,59,4,2009
206,180500,99.0,11851,1442,2866,1990,1990,19,19,5,2009
207,143900,40.0,13673,1696,2836,1962,1962,45,45,3,2007
208,141000,69.0,12493,1100,2200,1960,1960,48,48,4,2008
209,277000,69.0,14364,2062,3219,1988,1989,19,18,4,2007
210,145000,75.0,8250,1092,2184,1964,1964,44,44,7,2008
211,98000,67.0,5604,864,1728,1925,1950,83,58,4,2008
212,186000,83.0,10420,1212,2424,2009,2009,1,1,3,2010
213,252678,72.0,8640,1852,2752,2009,2009,0,0,7,2009
214,156000,43.0,13568,990,1980,1995,1995,11,11,7,2006
215,161750,69.0,10900,1392,2081,1977,1977,33,33,3,2010
216,134450,72.0,10011,1236,2306,1957,1996,49,10,5,2006
217,210000,65.0,8450,1436,2872,2004,2004,4,4,4,2008
218,107000,57.0,9906,1328,2014,1925,1950,81,56,9,2006
219,311500,69.0,15660,1954,2752,1939,2006,69,2,5,2008
220,167240,43.0,3010,1248,2496,2005,2006,1,0,3,2006
221,204900,73.0,8990,1498,2996,2006,2006,0,0,4,2006
222,200000,69.0,8068,2267,3277,2002,2002,7,7,12,2009
223,179900,85.0,11475,1552,2265,1975,1975,31,31,2,2006
224,97000,70.0,10500,864,1728,1971,1971,38,38,3,2009
225,386250,103.0,13472,2392,4784,2003,2003,6,6,6,2009
226,112000,21.0,1680,1302,1932,1971,1971,38,38,5,2009
227,290000,82.0,9950,2520,3723,1995,1995,12,12,6,2007
228,106000,21.0,1869,987,1470,1970,1970,38,38,9,2008
229,125000,70.0,8521,912,1824,1967,1967,43,43,5,2010
230,192500,43.0,3182,1555,2928,2005,2006,4,3,5,2009
231,148000,73.0,8760,1194,2388,1959,1959,51,51,4,2010
232,403000,174.0,15138,2794,4256,1995,1996,14,13,7,2009
233,94500,21.0,1680,987,1470,1972,1972,34,34,6,2006
234,128200,75.0,10650,894,1788,1976,1976,34,34,2,2010
235,216500,69.0,7851,1960,2820,2002,2002,8,8,5,2010
236,89500,21.0,1680,987,1470,1971,1971,37,37,8,2008
237,185500,65.0,8773,1414,2828,2004,2004,6,6,5,2010
238,194500,69.0,9453,1744,2740,1993,2003,17,7,2,2010
239,318000,93.0,12030,1694,3388,2007,2007,0,0,12,2007
240,113000,52.0,8741,1487,2222,1945,1950,65,60,4,2010
241,262500,75.0,9000,1566,3132,2008,2008,2,2,4,2010
242,110500,40.0,3880,866,1552,1945,1997,62,10,8,2007
243,79000,63.0,5000,1440,1980,1900,1950,106,56,4,2006
244,120000,75.0,10762,1217,1843,1980,1980,29,29,4,2009
245,205000,69.0,8880,2110,3058,1994,2002,16,8,5,2010
246,241500,80.0,10400,1872,3717,1988,1988,18,18,6,2006
247,137000,69.0,9142,1928,2948,1910,1950,96,56,4,2006
248,140000,75.0,11310,1375,2742,1954,1954,52,52,6,2006
249,180000,72.0,11317,1668,2508,2003,2003,4,4,9,2007
250,277000,69.0,159000,2144,3588,1958,2006,49,1,6,2007
251,76500,55.0,5350,1306,2034,1940,1966,70,44,5,2010
252,235000,44.0,4750,1625,3198,2006,2007,1,0,12,2007
253,173000,65.0,8366,1640,2438,2004,2004,4,4,12,2008
254,158000,85.0,9350,1302,2604,1964,1991,43,16,10,2007
255,145000,70.0,8400,1314,2628,1957,1957,53,53,6,2010
256,230000,66.0,8738,2291,3266,1999,1999,7,7,2,2006
257,207500,64.0,8791,1728,2592,2003,2003,5,5,5,2008
258,220000,68.0,8814,1604,3208,2006,2006,3,3,3,2009
259,231500,80.0,12435,1792,2755,2001,2001,7,7,5,2008
260,97000,70.0,12702,882,882,1956,1956,52,52,12,2008
261,176000,120.0,19296,1382,2744,1962,1962,47,47,5,2009
262,276000,69.0,9588,2574,4056,2007,2007,0,0,11,2007
263,151000,88.0,8471,1212,1718,1977,1995,29,11,7,2006
264,130000,50.0,5500,1316,1852,1929,2001,81,9,4,2010
265,73000,30.0,5232,764,1444,1925,2004,83,4,6,2008
266,175500,78.0,12090,1422,2844,1981,1981,27,27,6,2008
267,185000,70.0,11207,1511,2313,1997,1997,9,9,6,2006
268,179500,60.0,8400,2192,2492,1939,1997,69,11,7,2008
269,120500,71.0,6900,778,1518,1940,1955,68,53,2,2008
270,148000,69.0,7917,1113,2256,1976,1976,31,31,5,2007
271,266000,84.0,10728,1939,3034,2006,2006,0,0,8,2006
272,241500,73.0,39104,1363,2748,1954,2005,54,3,4,2008
273,290000,92.0,11764,2270,3422,1999,2007,11,3,4,2010
274,139000,80.0,9600,1632,2872,1958,1988,51,21,4,2009
275,124500,76.0,8314,816,1632,1982,1982,25,25,6,2007
276,205000,55.0,7264,1548,2500,1925,2007,84,2,10,2009
277,201000,129.0,9196,1560,3120,2003,2003,7,7,4,2010
278,141000,140.0,19138,864,1728,1951,1951,59,59,6,2010
279,415298,107.0,14450,2121,4242,2006,2007,1,0,5,2007
280,192000,83.0,10005,2022,3182,1977,1977,31,31,3,2008
281,228500,82.0,11287,1982,2789,1989,1989,18,18,1,2007
282,185000,60.0,7200,1262,2524,2006,2006,0,0,5,2006
283,207500,34.0,5063,1314,2628,2007,2008,2,1,4,2009
284,244600,74.0,9612,1468,2936,2008,2009,1,0,12,2009
285,179200,50.0,8012,1575,3150,1992,1992,15,15,7,2007
286,164700,35.0,4251,1250,1875,2006,2007,1,0,6,2007
287,159000,77.0,9786,1734,2646,1962,1981,44,25,6,2006
288,88000,69.0,8125,858,1716,1971,1971,35,35,6,2006
289,122000,69.0,9819,900,1782,1967,1967,43,43,2,2010
290,153575,60.0,8730,1396,2094,1915,2003,92,4,7,2007
291,233230,120.0,15611,1919,2998,2006,2006,0,0,7,2006
292,135900,55.0,5687,1716,2496,1912,2000,96,8,3,2008
293,131000,60.0,11409,1716,2484,1949,2008,60,1,1,2009
294,235000,69.0,16659,2263,3058,1977,1994,29,12,3,2006
295,167000,80.0,9600,1644,3060,1953,1953,56,56,10,2009
296,142500,37.0,7937,1003,2006,1984,1984,22,22,3,2006
297,152000,75.0,13710,1558,2468,1950,1950,57,57,6,2007
298,239000,66.0,7399,1950,2925,1997,1998,10,9,6,2007
299,175000,90.0,11700,1743,2445,1968,1968,39,39,6,2007
300,158500,80.0,14000,1152,2244,1950,2004,59,5,8,2009
301,157000,90.0,15750,1336,2501,1953,1953,53,53,6,2006
302,267000,66.0,16226,2452,3480,1998,1999,9,8,5,2007
303,205000,118.0,13704,1541,3082,2001,2002,5,4,1,2006
304,149900,70.0,9800,894,1788,1972,1972,34,34,7,2006
305,295000,87.0,18386,3493,4963,1880,2002,128,6,5,2008
306,305900,80.0,10386,2000,4000,2004,2005,3,2,7,2007
307,225000,116.0,13474,2243,2943,1990,1991,17,16,6,2007
308,89500,69.0,7920,1406,1725,1920,1950,88,58,3,2008
309,82500,69.0,12342,861,1722,1940,1950,69,59,3,2009
310,360000,90.0,12378,1944,3840,2003,2004,3,2,11,2006
311,165600,69.0,7685,1501,2198,1993,1994,13,12,5,2006
312,132000,50.0,8000,972,1944,1948,2002,61,7,5,2009
313,119900,65.0,7800,1118,1911,1939,1950,67,56,5,2006
314,375000,150.0,215245,2036,4172,1965,1965,44,44,6,2009
315,178000,60.0,9600,1641,2369,1925,1990,81,16,8,2006
316,188500,71.0,7795,1432,2148,2004,2005,5,4,7,2009
317,260000,94.0,13005,2353,3198,1980,1980,29,29,8,2009
318,270000,75.0,9000,1959,3047,2006,2006,1,1,12,2007
319,260000,90.0,9900,2646,3993,1993,1993,16,16,4,2009
320,187500,69.0,14115,1472,2844,1980,1980,29,29,6,2009
321,342643,111.0,16259,2596,3845,2006,2006,0,0,9,2006
322,354000,99.0,12099,2468,3604,2004,2004,3,3,6,2007
323,301000,86.0,10380,2730,4232,1986,1987,21,20,8,2007
324,126175,49.0,5820,1163,2325,1955,2005,51,1,7,2006
325,242000,96.0,11275,2978,3688,1967,2007,43,3,6,2010
326,87000,50.0,5000,803,1523,1941,1950,66,57,12,2007
327,324000,32.0,10846,1719,3438,1993,1993,15,15,5,2008
328,145250,80.0,11600,1383,2766,1960,1960,46,46,4,2006
329,214500,69.0,11888,2134,2978,1916,1994,93,15,7,2009
330,78000,60.0,6402,1192,1788,1920,1950,89,59,7,2009
331,119000,69.0,10624,1728,3456,1964,1964,43,43,11,2007
332,139000,70.0,8176,1056,2112,1958,1992,49,15,8,2007
333,284000,85.0,10655,1629,4835,2003,2004,6,5,10,2009
334,207000,59.0,8198,1358,2716,2004,2004,4,4,7,2008
335,192000,59.0,9042,1638,2581,1998,1998,10,10,7,2008
336,228950,69.0,164660,1786,3285,1965,1965,43,43,8,2008
337,377426,86.0,14157,1922,3844,2005,2006,2,1,7,2007
338,214000,70.0,9135,1536,3072,2002,2003,6,5,12,2008
339,202500,91.0,14145,1621,2829,1984,1998,22,8,5,2006
340,155000,66.0,12400,1215,2430,1958,1998,51,11,6,2009
341,202900,85.0,14191,1908,2875,2002,2002,8,8,4,2010
342,82000,60.0,8400,841,1562,1950,1950,59,59,9,2009
343,87500,69.0,8544,1040,1040,1949,1950,57,56,5,2006
344,266000,63.0,8849,1684,3368,2005,2005,3,3,7,2008
345,85000,36.0,2592,1112,1648,1976,1976,34,34,4,2010
346,140200,65.0,6435,1577,2549,1939,1950,67,56,10,2006
347,151500,69.0,12772,958,1916,1960,1998,47,9,4,2007
348,157500,69.0,17600,1478,2956,1960,1960,49,49,12,2009
349,154000,36.0,2448,1626,2390,2003,2004,5,4,10,2008
350,437154,56.0,20431,2728,4576,2005,2006,1,0,4,2006
351,318061,68.0,7820,1869,3738,2007,2007,0,0,12,2007
352,190000,69.0,5271,1453,2906,1986,1986,20,20,12,2006
353,95000,60.0,9084,1111,1727,1941,1950,67,58,3,2008
354,105900,60.0,8520,720,1344,1928,2003,82,7,5,2010
355,140000,60.0,8400,1595,2535,1940,2000,66,6,6,2006
356,177500,105.0,11249,1200,2400,1995,1995,12,12,8,2007
357,173000,69.0,9248,1167,2325,1992,1992,17,17,7,2009
358,134000,44.0,4224,1142,2284,1976,1976,31,31,8,2007
359,130000,92.0,6930,1352,2414,1958,1958,48,48,7,2006
360,280000,78.0,12011,1924,3010,1998,1998,8,8,6,2006
361,156000,69.0,7540,912,1800,1978,1978,29,29,6,2007
362,145000,69.0,9144,1505,2388,1940,1982,68,26,7,2008
363,198500,64.0,7301,1922,1922,2003,2003,6,6,7,2009
364,118000,21.0,1680,987,1470,1972,2007,37,2,5,2009
365,190000,69.0,18800,1574,2370,1976,1976,30,30,7,2006
366,147000,59.0,10690,1344,2016,1920,1997,89,12,7,2009
367,159000,69.0,9500,1394,2788,1963,1963,46,46,7,2009
368,165000,101.0,9150,1431,2530,1962,1962,46,46,12,2008
369,132000,78.0,7800,1268,2536,1954,1954,56,56,3,2010
370,162000,69.0,9830,1287,2350,1959,2006,51,4,3,2010
371,172400,69.0,8121,1664,2617,2000,2000,6,6,1,2006
372,134432,80.0,17120,1588,1588,1959,1959,49,49,7,2008
373,125000,50.0,7175,752,1496,1984,1984,26,26,2,2010
374,123000,79.0,10634,1319,1927,1953,1953,56,56,11,2009
375,219500,65.0,8200,1928,2775,2003,2004,4,3,7,2007
376,61000,69.0,10020,904,1587,1922,1950,87,59,3,2009
377,148000,57.0,8846,914,1784,1996,1996,10,10,7,2006
378,340000,102.0,11143,2466,4046,2004,2005,3,2,12,2007
379,394432,88.0,11394,1856,3712,2010,2010,0,0,6,2010
380,179000,60.0,8123,1800,2782,2000,2000,9,9,6,2009
381,127000,50.0,5000,1691,2717,1924,1950,86,60,5,2010
382,187750,60.0,7200,1301,2594,2006,2006,0,0,8,2006
383,213500,79.0,9245,1797,2736,2006,2006,1,1,4,2007
384,76000,60.0,9000,784,1568,1928,1950,81,59,10,2009
385,240000,69.0,53107,1953,3533,1992,1992,15,15,6,2007
386,192000,43.0,3182,1269,2525,2004,2005,6,5,4,2010
387,81000,58.0,8410,1184,1842,1910,1996,96,10,5,2006
388,125000,72.0,7200,1125,2166,1976,1976,33,33,10,2009
389,191000,93.0,9382,1479,2947,1999,2000,9,8,7,2008
390,426000,96.0,12474,2332,4014,2007,2008,1,0,8,2008
391,119000,50.0,8405,1367,2228,1900,1950,108,58,4,2008
392,215000,71.0,12209,1961,2765,2001,2002,8,7,6,2009
393,106500,69.0,8339,882,882,1959,1959,48,48,7,2007
394,100000,69.0,7446,788,1576,1941,1950,65,56,4,2006
395,109000,60.0,10134,1034,1769,1940,1950,67,57,7,2007
396,129000,68.0,9571,1144,2288,1956,1956,54,54,6,2010
397,123000,60.0,7200,894,1788,1972,1972,37,37,9,2009
398,169500,69.0,7590,1812,2676,1962,1962,45,45,7,2007
399,67000,60.0,8967,1077,2038,1920,1950,87,57,11,2007
400,241000,65.0,8125,1550,2642,2006,2007,3,2,10,2009
401,245500,38.0,14963,1288,2548,1996,1996,12,12,12,2008
402,164990,65.0,8767,1310,2620,2005,2005,1,1,7,2006
403,108000,60.0,10200,672,1344,1940,1997,68,11,8,2008
404,258000,93.0,12090,2263,3404,1998,1998,8,8,7,2006
405,168000,69.0,10364,1572,2378,1995,1996,12,11,5,2007
406,150000,69.0,9991,1620,2901,1976,1993,33,16,6,2009
407,115000,51.0,10480,1639,2230,1936,1950,72,58,3,2008
408,177000,63.0,15576,1680,2520,1915,1976,93,32,3,2008
409,280000,109.0,14154,2172,3235,2006,2006,1,1,8,2007
410,339750,85.0,10800,2078,3112,2007,2008,1,0,4,2008
411,60000,68.0,9571,1276,2552,1958,1958,51,51,6,2009
412,145000,100.0,34650,1056,2112,1955,1955,51,51,1,2006
413,222000,69.0,4403,1478,2948,2009,2009,1,1,6,2010
414,115000,56.0,8960,1028,2036,1927,1950,83,60,3,2010
415,228000,59.0,11228,2097,3177,1993,1993,15,15,12,2008
416,181134,73.0,8899,1340,2680,2007,2007,0,0,8,2007
417,149500,74.0,7844,1400,2072,1978,1978,28,28,3,2006
418,239000,86.0,22420,2624,3994,1918,1950,89,57,11,2007
419,126000,60.0,8160,1134,1890,1940,1950,67,57,4,2007
420,142000,65.0,8450,1056,2112,1968,1968,42,42,7,2010
421,206300,78.0,7060,1344,2688,1997,1998,11,10,11,2008
422,215000,69.0,16635,1602,3204,1977,2000,32,9,6,2009
423,113000,100.0,21750,988,1976,1954,1954,54,54,2,2008
424,315000,80.0,9200,2630,4100,1998,1998,10,10,6,2008
425,139000,72.0,9000,1196,2392,1956,1956,52,52,5,2008
426,135000,60.0,3378,1389,2040,1946,1992,63,17,9,2009
427,275000,69.0,12800,1644,3162,1989,1989,20,20,8,2009
428,109008,77.0,8593,907,1814,1957,1957,51,51,7,2008
429,195400,64.0,6762,1208,2416,2007,2007,0,0,9,2007
430,175000,130.0,11457,1412,2804,1988,1988,21,21,3,2009
431,85400,21.0,1680,987,1470,1971,1971,37,37,7,2008
432,79900,60.0,5586,1198,2099,1920,1998,88,10,9,2008
433,122500,24.0,1920,1365,2130,1971,1971,36,36,8,2007
434,181000,100.0,10839,1604,2530,1997,1998,11,10,7,2008
435,81000,21.0,1890,630,1260,1972,1972,36,36,6,2008
436,212000,43.0,10667,1661,2460,1996,1996,13,13,4,2009
437,116000,40.0,4400,1118,1766,1920,1950,86,56,10,2006
438,119000,50.0,6000,904,1788,1926,2004,83,5,1,2009
439,90350,40.0,4280,694,1134,1913,2002,94,5,3,2007
440,110000,67.0,12354,1196,1880,1920,2000,89,9,8,2009
441,555000,105.0,15431,2402,5496,2008,2008,1,1,4,2009
442,118000,92.0,12108,1440,2880,1955,1955,53,53,9,2008
443,162900,52.0,6240,1573,2651,1930,1992,78,16,6,2008
444,172500,53.0,3922,1258,2516,2006,2007,1,0,6,2007
445,210000,70.0,8750,1908,2823,1994,1995,14,13,7,2008
446,127500,73.0,9855,1689,3125,1956,1956,53,53,11,2009
447,190000,137.0,16492,1888,3405,1966,2002,44,8,6,2010
448,199900,69.0,11214,1886,2816,1998,1999,8,7,7,2006
449,119500,50.0,8600,1376,2156,1937,1950,69,56,6,2006
450,120000,50.0,6000,1183,1832,1948,2002,59,5,6,2007
451,110000,70.0,5684,813,1626,1930,2005,76,1,6,2006
452,280000,62.0,70761,1533,3066,1975,1975,31,31,12,2006
453,204000,69.0,9303,1756,2628,1996,1997,11,10,7,2007
454,210000,75.0,9000,1590,2358,2008,2008,1,1,6,2009
455,188000,63.0,9297,1728,3456,1976,1976,30,30,7,2006
456,175500,80.0,9600,1242,2484,1973,1973,34,34,9,2007
457,98000,34.0,4571,1344,1968,1916,1950,92,58,5,2008
458,256000,69.0,53227,1663,3027,1954,1994,54,14,3,2008
459,161000,69.0,5100,1666,2254,1925,1996,83,12,6,2008
460,110000,69.0,7015,1203,1912,1950,1950,59,59,7,2009
461,263435,75.0,8004,1935,2767,2009,2009,0,0,12,2009
462,155000,60.0,7200,1135,1695,1936,2007,73,2,4,2009
463,62383,60.0,8281,864,1728,1965,1965,44,44,12,2009
464,188700,74.0,11988,1660,2375,1934,1995,74,13,8,2008
465,124000,60.0,8430,1040,2080,1978,1978,31,31,8,2009
466,178740,69.0,3072,1414,2789,2004,2004,2,2,5,2006
467,167000,85.0,10628,1277,2554,1970,1970,37,37,4,2007
468,146500,79.0,9480,1644,2372,1942,1995,65,12,6,2007
469,250000,98.0,11428,1634,3260,2006,2006,1,1,5,2007
470,187000,76.0,9291,1710,2542,1993,1993,15,15,6,2008
471,212000,69.0,6820,1502,2990,1985,1985,25,25,6,2010
472,190000,92.0,11952,1969,2777,1977,1977,30,30,11,2007
473,148000,35.0,3675,1072,1619,2005,2005,3,3,6,2008
474,440000,110.0,14977,1976,3952,2006,2007,1,0,7,2007
475,251000,41.0,5330,1652,3146,2000,2000,7,7,8,2007
476,132500,80.0,8480,970,1940,1963,1963,44,44,7,2007
477,208900,75.0,13125,1493,2971,1997,1998,11,10,4,2008
478,380000,105.0,13693,2643,4796,2006,2006,1,1,3,2007
479,297000,79.0,10637,1718,3423,2007,2008,2,1,9,2009
480,89471,50.0,5925,1131,2038,1937,2000,70,7,3,2007
481,326000,98.0,16033,1850,3683,2004,2005,2,1,3,2006
482,374000,72.0,11846,1792,3584,2003,2004,3,2,8,2006
483,155000,50.0,2500,1826,2736,1915,2005,94,4,6,2009
484,164000,32.0,4500,1216,2432,1998,1998,8,8,5,2006
485,132500,69.0,7758,999,1998,1962,2001,45,6,3,2007
486,147000,80.0,9600,1113,2226,1950,2007,59,2,7,2009
487,156000,79.0,10289,1073,2146,1965,1965,42,42,6,2007
488,175000,70.0,12243,1484,2968,1971,1971,36,36,2,2007
489,160000,60.0,10800,2414,3368,1900,1970,106,36,5,2006
490,86000,21.0,1526,630,1260,1970,2002,39,7,5,2009
491,115000,69.0,2665,1304,1568,1976,1976,32,32,6,2008
492,133000,79.0,9490,1578,2384,1941,1950,65,56,8,2006
493,172785,105.0,15578,1456,2184,2006,2006,0,0,5,2006
494,155000,70.0,7931,1269,2538,1960,1960,48,48,6,2008
495,91300,50.0,5784,886,1076,1938,1996,71,13,12,2009
496,34900,60.0,7879,720,1440,1920,1950,89,59,11,2009
497,430000,69.0,12692,3228,6428,1992,1993,15,14,5,2007
498,184000,60.0,9120,1820,2846,1925,1950,83,58,6,2008
499,130000,65.0,7800,899,1763,1967,2004,42,5,6,2009
500,120000,70.0,7535,912,1824,1958,1985,49,22,6,2007
501,113000,21.0,1890,1218,1890,1973,1973,34,34,5,2007
502,226700,75.0,9803,1768,2634,2005,2005,3,3,2,2008
503,140000,70.0,9170,1214,2428,1965,1965,42,42,4,2007
504,289000,100.0,15602,1801,3302,1959,1997,51,13,3,2010
505,147000,24.0,2308,1322,2177,1974,1974,35,35,6,2009
506,124500,60.0,7596,1960,2920,1952,1952,57,57,7,2009
507,215000,80.0,9554,1911,2688,1993,1994,13,12,9,2006
508,208300,75.0,7862,1218,2436,2009,2009,0,0,9,2009
509,161000,60.0,9600,1378,2067,1928,2005,80,3,10,2008
510,124500,80.0,9600,1041,2082,1959,1959,50,50,7,2009
511,164900,75.0,14559,1363,2371,1951,2000,58,9,6,2009
512,202665,40.0,6792,1368,2736,2005,2006,1,0,3,2006
513,129900,70.0,9100,864,1728,1958,1958,48,48,7,2006
514,134000,71.0,9187,1080,2164,1983,1983,24,24,6,2007
515,96500,55.0,10594,789,1557,1926,1950,81,57,6,2007
516,402861,94.0,12220,2020,4026,2009,2009,0,0,9,2009
517,158000,69.0,10448,2119,2808,1972,1972,37,37,8,2009
518,265000,79.0,10208,2344,3608,1996,1997,13,12,7,2009
519,211000,69.0,9531,1796,2590,1998,1998,9,9,5,2007
520,234000,53.0,10918,2080,3356,1926,2004,83,5,6,2009
521,106250,60.0,10800,1294,1294,1900,2000,108,8,8,2008
522,150000,90.0,11988,1244,2488,1957,1957,50,50,5,2007
523,159000,50.0,5000,1664,2668,1947,1950,59,56,10,2006
524,184750,130.0,40094,4676,7814,2007,2008,0,-1,10,2007
525,315750,95.0,11787,2398,3777,1996,1997,11,10,8,2007
526,176000,62.0,7500,1266,2523,2005,2005,1,1,4,2006
527,132000,70.0,13300,928,1856,1956,2000,51,7,6,2007
528,446261,67.0,14948,2713,4165,2008,2008,0,0,11,2008
529,86000,58.0,9098,605,1133,1920,2002,87,5,7,2007
530,200624,69.0,32668,2515,4550,1957,1975,50,32,3,2007
531,175000,85.0,10200,1509,2970,1988,1989,20,19,8,2008
532,128000,60.0,6155,1362,1973,1920,1999,88,9,6,2008
533,107500,60.0,7200,827,827,1955,2007,55,3,4,2010
534,39300,50.0,5000,334,334,1946,1950,61,57,1,2007
535,178000,74.0,9056,1414,2121,2004,2004,2,2,10,2006
536,107500,70.0,7000,1347,2464,1910,1991,98,17,1,2008
537,188000,57.0,8924,1724,2604,1998,1999,10,9,7,2008
538,111250,69.0,12735,864,1728,1972,1972,36,36,4,2008
539,158000,69.0,11553,1159,2210,1968,1968,38,38,7,2006
540,272000,69.0,11423,1601,3182,2001,2002,9,8,5,2010
541,315000,85.0,14601,1838,3676,2006,2006,3,3,3,2009
542,248000,69.0,11000,2285,3254,2000,2000,7,7,6,2007
543,213250,78.0,10140,1680,3330,1998,1999,11,10,6,2009
544,133000,34.0,4058,767,1490,1998,1998,9,9,6,2007
545,179665,58.0,17104,1496,2150,2006,2006,0,0,9,2006
546,229000,69.0,13837,2183,3387,1988,1988,18,18,2,2006
547,210000,70.0,8737,1635,2700,1923,1950,84,57,5,2007
548,129500,54.0,7244,768,1536,1970,1970,37,37,4,2007
549,125000,49.0,8235,825,1650,1955,1995,53,13,6,2008
550,263000,75.0,9375,2094,3006,2003,2004,6,5,11,2009
551,140000,53.0,4043,1069,2138,1977,1977,31,31,10,2008
552,112500,50.0,6000,928,1856,1957,1957,51,51,6,2008
553,255500,87.0,11146,1717,3426,2006,2006,3,3,7,2009
554,108000,67.0,8777,1126,1126,1949,2003,60,6,5,2009
555,284000,85.0,10625,2046,3044,2003,2004,5,4,8,2008
556,113000,58.0,6380,1048,2041,1922,1950,84,56,8,2006
557,141000,69.0,14850,1092,2184,1957,1957,49,49,5,2006
558,108000,60.0,11040,1336,1973,1920,1950,86,56,9,2006
559,175000,57.0,21872,1446,2175,1996,1997,12,11,8,2008
560,234000,69.0,3196,1557,2931,2003,2004,3,2,10,2006
561,121500,69.0,11341,1392,2784,1957,1996,53,14,5,2010
562,170000,77.0,10010,1389,2778,1974,1975,32,31,4,2006
563,108000,63.0,13907,996,1992,1940,1969,68,39,7,2008
564,185000,66.0,21780,1674,2837,1918,1950,90,58,7,2008
565,268000,69.0,13346,2295,3390,1992,2000,14,6,7,2006
566,128000,66.0,6858,1647,2453,1915,1950,95,60,5,2010
567,325000,77.0,11198,2504,3626,2005,2007,3,1,6,2008
568,214000,70.0,10171,1535,3052,2004,2004,6,6,3,2010
569,316600,79.0,12327,2132,3628,1983,2009,26,0,9,2009
570,135960,69.0,7032,943,1886,1979,1979,27,27,12,2006
571,142600,74.0,13101,1728,3456,1965,1965,43,43,11,2008
572,120000,60.0,7332,864,1728,1959,1959,47,47,10,2006
573,224500,83.0,13159,1692,2538,2009,2009,0,0,7,2009
574,170000,76.0,9967,1430,1814,2000,2000,7,7,12,2007
575,139000,70.0,10500,1109,1481,1971,2005,36,2,12,2007
576,118500,80.0,8480,1216,2048,1947,1950,61,58,10,2008
577,145000,52.0,6292,1477,2338,1928,1950,81,59,8,2009
578,164500,96.0,11777,1320,2484,1966,1966,40,40,5,2006
579,146000,34.0,3604,1392,2081,2007,2007,1,1,2,2008
580,131500,81.0,12150,1795,2845,1954,1954,54,54,11,2008
581,181900,69.0,14585,1429,2573,1960,1987,47,20,6,2007
582,253293,98.0,12704,2042,4084,2008,2009,1,0,8,2009
583,118500,81.0,11841,816,1632,1990,1990,17,17,5,2007
584,325000,75.0,13500,2775,4012,1893,2000,115,8,7,2008
585,133000,51.0,6120,1573,2457,1935,1995,74,14,7,2009
586,369900,88.0,11443,2028,3896,2005,2006,1,0,3,2006
587,130000,55.0,10267,838,1654,1918,2000,90,8,5,2008
588,137000,74.0,8740,860,1700,1982,1982,27,27,7,2009
589,143000,65.0,25095,1473,2910,1968,2003,41,6,6,2009
590,79500,50.0,9100,935,1521,1930,1960,78,48,8,2008
591,185900,64.0,8320,1582,2352,2004,2004,4,4,9,2008
592,451950,97.0,13478,2296,4018,2008,2008,1,1,6,2009
593,138000,60.0,6600,816,1632,1982,2003,26,5,6,2008
594,140000,69.0,4435,848,1696,2003,2003,6,6,5,2009
595,110000,88.0,7990,924,1848,1975,1975,33,33,4,2008
596,319000,69.0,11302,1826,3640,2005,2006,1,0,8,2006
597,114504,60.0,3600,1368,2052,1910,1993,96,13,10,2006
598,194201,53.0,3922,1402,2660,2006,2007,1,0,2,2007
599,217500,80.0,12984,1647,3077,1977,1977,29,29,3,2006
600,151000,24.0,1950,1556,2272,1980,1980,28,28,7,2008
601,275000,74.0,10927,1904,2962,2005,2005,1,1,6,2006
602,141000,50.0,9000,1375,2155,1937,1950,70,57,12,2007
603,220000,80.0,10041,1915,2823,1992,1992,14,14,2,2006
604,151000,30.0,3182,1200,1800,2004,2005,6,5,6,2010
605,221000,88.0,12803,1494,2988,2002,2002,6,6,9,2008
606,205000,85.0,13600,1986,2754,1965,1990,44,19,10,2009
607,152000,82.0,12464,1040,2080,1996,1996,13,13,11,2009
608,225000,78.0,7800,2008,2904,1948,2002,58,4,8,2006
609,359100,78.0,12168,3194,4159,1934,1998,73,9,9,2007
610,118500,61.0,7943,1029,2058,1961,1961,46,46,4,2007
611,313000,69.0,11050,2153,3593,2000,2000,9,9,5,2009
612,148000,69.0,10395,1032,2064,1978,1978,29,29,7,2007
613,261500,69.0,11885,1872,3171,2001,2001,8,8,11,2009
614,147000,70.0,8402,1120,2240,2007,2007,0,0,12,2007
615,75500,21.0,1491,630,1260,1972,1972,38,38,5,2010
616,137500,80.0,8800,1054,1990,1963,1963,47,47,5,2010
617,183200,69.0,7861,1509,2292,2002,2003,4,3,6,2006
618,105500,59.0,7227,832,1664,1954,1954,54,54,6,2008
619,314813,90.0,11694,1828,3650,2007,2007,0,0,7,2007
620,305000,85.0,12244,2262,3744,2003,2003,5,5,8,2008
621,67000,45.0,8248,864,1728,1914,1950,94,58,9,2008
622,240000,90.0,10800,2614,4136,1974,1997,34,11,6,2008
623,135000,71.0,7064,980,1960,1977,1977,32,32,7,2009
624,168500,69.0,2117,1512,2268,2000,2000,7,7,6,2007
625,165150,80.0,10400,1790,2522,1972,1972,34,34,11,2006
626,160000,87.0,10000,1116,2232,1962,1962,48,48,2,2010
627,139900,69.0,12342,1422,2400,1960,1978,47,29,8,2007
628,153000,80.0,9600,1520,2676,1955,1972,55,38,3,2010
629,135000,70.0,11606,2080,3120,1969,1969,38,38,9,2007
630,168500,82.0,9020,1350,2598,1964,1964,44,44,6,2008
631,124000,50.0,9000,1750,2386,1880,1991,126,15,6,2006
632,209500,34.0,4590,1554,3108,2006,2006,1,1,8,2007
633,82500,85.0,11900,1411,2797,1977,1977,32,32,4,2009
634,139400,80.0,9250,1056,2112,1954,2005,53,2,7,2007
635,144000,64.0,6979,1056,2112,1980,1980,30,30,6,2010
636,200000,60.0,10896,3395,4320,1914,1995,93,12,3,2007
637,60000,51.0,6120,800,1064,1936,1950,73,59,1,2009
638,93000,50.0,6000,1387,2198,1954,1954,55,55,11,2009
639,85000,67.0,8777,796,1592,1910,1950,98,58,5,2008
640,264561,53.0,3982,1567,3087,2006,2006,0,0,10,2006
641,274000,62.0,12677,1518,3036,2003,2004,5,4,4,2008
642,226000,69.0,7050,1929,2986,2001,2001,6,6,5,2007
643,345000,75.0,13860,2704,4656,1972,1995,37,14,7,2009
644,152000,80.0,10793,1620,2400,1969,1969,38,38,4,2007
645,370878,85.0,9187,1766,3532,2009,2009,0,0,10,2009
646,143250,69.0,10530,981,1962,1971,1971,36,36,3,2007
647,98300,60.0,7200,1048,1048,1950,1950,58,58,7,2008
648,155000,85.0,10452,1094,2188,1953,1953,55,55,6,2008
649,155000,70.0,7700,1839,2595,1966,1966,44,44,6,2010
650,84500,21.0,1936,630,1260,1970,1970,37,37,12,2007
651,205950,65.0,8125,1665,2478,2007,2007,1,1,5,2008
652,108000,60.0,9084,1510,2265,1940,1950,69,59,10,2009
653,191000,70.0,8750,1716,2596,1996,1996,13,13,7,2009
654,135000,60.0,10320,1469,2225,1906,1995,102,13,6,2008
655,350000,91.0,10437,2113,4222,1995,1995,13,13,8,2008
656,88000,21.0,1680,1092,1617,1971,1971,39,39,3,2010
657,145500,72.0,10007,1053,2106,1959,2006,49,2,8,2008
658,149000,60.0,7200,1502,2278,1931,2000,77,8,2,2008
659,97500,78.0,17503,1458,2370,1948,1950,62,60,1,2010
660,167000,75.0,9937,1486,2972,1964,1999,45,10,3,2009
661,197900,69.0,12384,1935,2728,1976,1976,31,31,11,2007
662,402000,52.0,46589,2448,4077,1994,2005,15,4,7,2009
663,110000,120.0,13560,1392,2784,1968,1968,41,41,7,2009
664,137500,90.0,10012,1181,2319,1972,1972,36,36,4,2008
665,423000,49.0,20896,2097,4174,2005,2006,1,0,1,2006
666,230500,106.0,11194,1936,3342,2000,2000,6,6,11,2006
667,129000,69.0,18450,2380,3401,1965,1979,42,28,8,2007
668,193500,65.0,8125,1679,3087,1994,1998,14,10,10,2008
669,168000,69.0,14175,1437,2625,1956,1987,50,19,11,2006
670,137500,80.0,11600,1180,1880,1922,1950,84,56,7,2006
671,173500,64.0,8633,1476,2214,2005,2005,4,4,2,2009
672,103600,54.0,6629,1369,2041,1925,1950,84,59,7,2009
673,165000,69.0,11250,1208,2416,1977,1977,29,29,6,2006
674,257500,110.0,14442,1839,3316,1957,2004,50,3,6,2007
675,140000,80.0,9200,1136,2272,1965,1965,43,43,7,2008
676,148500,24.0,2289,1441,2296,1978,1978,31,31,4,2009
677,87000,60.0,9600,1774,2869,1900,1950,106,56,5,2006
678,109500,52.0,9022,792,1560,1924,2006,85,3,5,2009
679,372500,80.0,11844,2046,4092,2008,2008,1,1,7,2009
680,128500,69.0,9945,988,1976,1961,1961,46,46,10,2007
681,143000,50.0,8012,923,1846,1980,1980,30,30,5,2010
682,159434,55.0,4500,1520,2313,1932,2000,77,9,7,2009
683,173000,69.0,2887,1291,2582,1996,1997,12,11,11,2008
684,285000,90.0,11248,1668,3294,2002,2002,5,5,7,2007
685,221000,58.0,16770,1839,3034,1998,1998,12,12,6,2010
686,207500,69.0,5062,2090,3280,1984,1984,23,23,9,2007
687,227875,84.0,10207,1761,2635,2007,2007,0,0,8,2007
688,148800,69.0,5105,1102,1653,2004,2004,3,3,3,2007
689,392000,60.0,8089,1419,2838,2007,2007,0,0,10,2007
690,194700,61.0,7577,1362,2724,2005,2006,2,1,6,2007
691,141000,69.0,4426,848,1696,2004,2004,4,4,5,2008
692,755000,104.0,21535,4316,6760,1994,1995,13,12,1,2007
693,335000,42.0,26178,2519,3729,1989,1990,17,16,4,2006
694,108480,60.0,5400,1073,2146,1921,1968,85,38,12,2006
695,141500,51.0,6120,1539,2466,1936,1950,73,59,4,2009
696,176000,54.0,13811,1137,2249,1987,1987,19,19,7,2006
697,89000,50.0,6000,616,1232,1921,1950,85,56,6,2006
698,123500,57.0,6420,1148,2128,1952,1952,54,54,9,2006
699,138500,65.0,8450,894,1788,1965,2009,45,1,4,2010
700,196000,59.0,4282,1391,2782,2004,2004,4,4,7,2008
701,312500,85.0,14331,1800,3600,2002,2002,4,4,5,2006
702,140000,80.0,9600,1164,2328,1969,1969,37,37,7,2006
703,361919,82.0,12438,2576,3810,2006,2006,0,0,7,2006
704,140000,76.0,7630,1812,2172,1900,1996,110,14,5,2010
705,213000,70.0,8400,1484,2957,2004,2005,6,5,5,2010
706,55000,70.0,5600,1092,1092,1930,1950,80,60,7,2010
707,302000,69.0,115149,1824,3467,1971,2002,36,5,6,2007
708,254000,48.0,6240,1324,2648,2006,2006,3,3,12,2009
709,179540,65.0,9018,1456,2184,2007,2007,0,0,7,2007
710,109900,69.0,7162,904,1780,1966,1966,42,42,12,2008
711,52000,56.0,4130,729,999,1935,2003,73,5,7,2008
712,102776,66.0,8712,1178,2037,1900,1950,110,60,1,2010
713,189000,40.0,4671,1228,2456,1988,1989,20,19,10,2008
714,129000,60.0,9873,960,1920,1970,1970,36,36,5,2006
715,130500,69.0,13517,1479,2204,1976,2005,34,5,3,2010
716,165000,78.0,10140,1350,2414,1974,1974,35,35,8,2009
717,159500,60.0,10800,2554,3272,1890,1998,117,9,7,2007
718,157000,80.0,10000,1178,2354,1973,2000,35,8,11,2008
719,341000,96.0,10542,2418,3729,1993,1994,15,14,8,2008
720,128500,69.0,9920,971,1942,1969,1969,37,37,5,2006
721,275000,69.0,6563,1742,3484,1985,1985,21,21,12,2006
722,143000,69.0,4426,848,1696,2004,2004,6,6,5,2010
723,124500,70.0,8120,864,1728,1970,1970,39,39,7,2009
724,135000,60.0,8172,1470,2411,1954,1972,54,36,5,2008
725,320000,86.0,13286,1698,3396,2007,2008,2,1,2,2009
726,120500,60.0,6960,864,1728,1970,1970,39,39,11,2009
727,222000,69.0,21695,1680,2560,1988,2007,21,2,12,2009
728,194500,64.0,7314,1232,2464,2007,2007,2,2,2,2009
729,110000,85.0,11475,1776,3360,1958,1958,51,51,7,2009
730,103000,52.0,6240,1208,1628,1925,1950,84,59,1,2009
731,236500,39.0,5389,1616,3211,1995,1996,15,14,3,2010
732,187500,73.0,9590,1146,2014,2003,2003,4,4,5,2007
733,222500,75.0,11404,2031,3184,1998,1999,10,9,7,2008
734,131400,80.0,10000,1144,2008,1961,1983,48,26,3,2009
735,108000,69.0,8978,948,1896,1968,1968,39,39,5,2007
736,163000,60.0,10800,1768,2648,1914,1970,92,36,10,2006
737,93500,60.0,8544,1040,1040,1950,1950,56,56,7,2006
738,239900,72.0,10463,1801,2694,2005,2005,1,1,6,2006
739,179000,60.0,10800,1200,2400,1987,1988,22,21,3,2009
740,190000,65.0,9313,1728,2592,2004,2004,5,5,4,2009
741,132000,60.0,9600,1432,1696,1910,2002,97,5,5,2007
742,142000,65.0,6768,912,1824,1961,1996,47,12,5,2008
743,179000,65.0,8450,1349,2698,2000,2001,7,6,12,2007
744,175000,70.0,12886,1464,1984,1963,1999,46,10,10,2009
745,180000,41.0,5395,1337,2674,1993,1993,15,15,10,2008
746,299800,69.0,8963,2715,3857,1976,1996,32,12,7,2008
747,236000,69.0,8795,2256,3208,2000,2000,9,9,4,2009
748,265979,65.0,11700,2640,3880,1880,2003,129,6,5,2009
749,260400,59.0,10593,1720,3440,1996,1996,14,14,3,2010
750,98000,50.0,8405,1529,1529,1945,1950,64,59,4,2009
751,96500,55.0,8800,1140,1716,1910,2004,100,6,6,2010
752,162000,69.0,7750,1320,1980,2003,2003,4,4,8,2007
753,217000,79.0,9236,1494,2973,1997,1997,9,9,7,2006
754,275500,80.0,10240,2098,3128,2005,2005,1,1,3,2006
755,156000,61.0,7930,1026,2052,1969,2005,40,4,7,2009
756,172500,34.0,3230,1471,2200,1999,1999,10,10,3,2009
757,212000,68.0,10769,1768,2634,2007,2007,2,2,4,2009
758,158900,69.0,11616,1386,2058,1978,1978,32,32,4,2010
759,179400,24.0,2280,1501,2245,1999,1999,9,9,8,2008
760,290000,65.0,12257,2531,3849,1995,1995,12,12,11,2007
761,127500,70.0,9100,864,1728,1959,1959,50,50,10,2009
762,100000,60.0,6911,1301,2446,1924,1950,85,59,10,2009
763,215200,72.0,8640,1547,2303,2009,2009,1,1,6,2010
764,337000,82.0,9430,2365,3617,1999,1999,10,10,7,2009
765,270000,30.0,9549,1494,2988,1995,1996,11,10,4,2006
766,264132,75.0,14587,1506,3004,2008,2008,0,0,8,2008
767,196500,80.0,10421,1714,2694,1988,1988,22,22,3,2010
768,160000,75.0,12508,1750,2733,1940,1985,68,23,7,2008
769,216837,70.0,9100,1836,3696,2004,2005,2,1,10,2006
770,538000,47.0,53504,3279,4929,2003,2003,7,7,6,2010
771,134900,69.0,7252,858,1716,1982,1982,27,27,4,2009
772,102000,67.0,8877,1220,2056,1951,1951,55,55,4,2006
773,107000,94.0,7819,1117,2146,1976,1976,34,34,3,2010
774,114500,70.0,10150,912,1824,1958,1958,49,49,7,2007
775,395000,110.0,14226,1973,3908,2006,2006,1,1,7,2007
776,162000,32.0,4500,1204,2408,1998,1998,11,11,6,2009
777,221500,86.0,11210,1614,3228,2005,2006,1,0,7,2006
778,142500,100.0,13350,894,1758,1974,1974,32,32,6,2006
779,144000,60.0,8400,2020,2020,1977,1977,30,30,10,2007
780,135000,78.0,10530,1004,1979,1977,1977,29,29,5,2006
781,176000,63.0,7875,1253,2490,1995,1996,12,11,6,2007
782,175900,65.0,7153,1603,2364,1992,1992,14,14,7,2006
783,187100,67.0,16285,1430,2843,2001,2002,8,7,6,2009
784,165500,69.0,9101,1110,2207,1978,1978,31,31,7,2009
785,128000,35.0,6300,1484,2226,1914,2001,94,7,6,2008
786,161500,69.0,9790,1342,2714,1967,1967,42,42,9,2009
787,139000,60.0,10800,1652,2338,1915,1950,95,60,6,2010
788,233000,76.0,10142,2084,3040,2004,2004,6,6,1,2010
789,107900,50.0,6000,901,1802,1954,2000,54,8,8,2008
790,187500,69.0,12205,2087,2919,1966,2007,41,0,7,2007
791,160200,43.0,3182,1145,2290,2005,2006,4,3,9,2009
792,146800,69.0,11333,1062,2091,1976,1976,31,31,5,2007
793,269790,92.0,9920,2013,3130,1996,1997,11,10,6,2007
794,225000,76.0,9158,1496,2992,2007,2007,0,0,6,2007
795,194500,69.0,10832,1895,2607,1994,1996,14,12,10,2008
796,171000,70.0,8400,1564,2214,1980,1981,30,29,4,2010
797,143500,71.0,8197,1285,1945,1977,1977,30,30,4,2007
798,110000,57.0,7677,773,1546,1953,1953,55,55,4,2008
799,485000,104.0,13518,3140,5066,2008,2009,1,0,7,2009
800,175000,60.0,7200,1768,2499,1937,1950,70,57,6,2007
801,200000,79.0,12798,1688,2304,1997,1997,11,11,5,2008
802,109900,40.0,4800,1196,2392,1916,1990,91,17,7,2007
803,189000,63.0,8199,1456,2184,2005,2005,3,3,10,2008
804,582933,107.0,13891,2822,4556,2008,2009,1,0,1,2009
805,118000,75.0,9000,1128,2064,1954,1954,52,52,6,2006
806,227680,91.0,12274,1428,2845,2008,2008,0,0,7,2008
807,135500,75.0,9750,980,1960,1967,1967,39,39,10,2006
808,223500,144.0,21384,1576,2900,1923,2004,86,5,5,2009
809,159950,85.0,13400,1086,2110,1966,1966,40,40,6,2006
810,106000,90.0,8100,2138,2987,1898,1965,111,44,11,2009
811,181000,78.0,10140,1309,2349,1974,1999,32,7,1,2006
812,144500,69.0,4438,848,1696,2004,2004,4,4,6,2008
813,55993,66.0,8712,1044,1584,1952,1952,58,58,6,2010
814,157900,75.0,9750,1442,2884,1958,1958,49,49,4,2007
815,116000,45.0,8248,1250,1936,1918,1950,88,56,7,2006
816,224900,48.0,12137,1661,3310,1998,1998,12,12,5,2010
817,137000,69.0,11425,1008,2016,1954,1954,52,52,7,2006
818,271000,69.0,13265,1689,3257,2002,2002,6,6,7,2008
819,155000,80.0,8816,1052,2062,1971,1971,39,39,6,2010
820,224000,44.0,6371,1358,2716,2009,2010,1,0,6,2010
821,183000,72.0,7226,1640,2438,2003,2003,5,5,6,2008
822,93000,60.0,6000,936,1872,1953,1953,56,56,2,2009
823,225000,69.0,12394,1733,2580,2003,2003,4,4,10,2007
824,139500,60.0,9900,1489,2267,1940,1950,69,59,7,2009
825,232600,81.0,11216,1489,2978,2006,2006,0,0,6,2006
826,385000,114.0,14803,2084,4162,2007,2008,1,0,6,2008
827,109500,50.0,6130,784,1568,1924,1950,84,58,5,2008
828,189000,65.0,8529,1434,2888,2001,2001,8,8,4,2009
829,185000,69.0,28698,2126,3139,1967,1967,42,42,6,2009
830,147400,24.0,2544,1223,1743,2005,2005,1,1,7,2006
831,166000,80.0,11900,1392,2784,1957,1957,51,51,6,2008
832,151000,30.0,3180,1200,1720,2005,2005,1,1,6,2006
833,237000,44.0,9548,1829,2770,2003,2003,7,7,1,2010
834,167000,100.0,10004,1516,3032,1964,1964,45,45,2,2009
835,139950,75.0,7875,1144,2288,1961,1961,47,47,9,2008
836,128000,60.0,9600,1067,2134,1950,1995,60,15,2,2010
837,153500,90.0,8100,1559,3118,1948,1973,59,34,6,2007
838,100000,21.0,1680,987,1470,1973,1973,35,35,11,2008
839,144000,75.0,9525,1099,2198,1995,2006,13,2,6,2008
840,130500,70.0,11767,1200,1968,1946,1995,62,13,5,2008
841,140000,69.0,12155,1482,2154,1925,1950,83,58,3,2008
842,157500,60.0,10440,1539,2189,1904,2002,104,6,6,2008
843,174900,82.0,9020,1165,2292,1966,1966,42,42,5,2008
844,141000,80.0,8000,1800,3600,1961,1961,46,46,7,2007
845,153900,100.0,12665,1416,2292,1915,1950,93,58,6,2008
846,171000,69.0,16647,1701,3091,1975,1981,32,26,1,2007
847,213000,75.0,9317,1775,2515,1993,1993,16,16,7,2009
848,133500,36.0,15523,864,1728,1972,1972,37,37,8,2009
849,240000,75.0,45600,2358,3265,1908,1997,100,11,9,2008
850,187000,80.0,9600,1855,2383,1976,1994,31,13,8,2007
851,131500,36.0,4435,848,1696,2003,2003,4,4,11,2007
852,215000,69.0,3196,1456,2729,2003,2003,3,3,5,2006
853,164000,53.0,7128,1646,2564,1941,1950,66,57,8,2007
854,158000,69.0,12095,1445,2572,1964,1964,45,45,8,2009
855,170000,102.0,17920,1779,3542,1955,1974,51,32,7,2006
856,127000,69.0,6897,1040,2080,1962,2010,48,0,4,2010
857,147000,69.0,10970,1026,1966,1978,1978,30,30,10,2008
858,174000,65.0,8125,1481,2183,1994,1995,15,14,3,2009
859,152000,80.0,10400,1370,2460,1976,1976,33,33,6,2009
860,250000,69.0,11029,2654,3708,1968,1984,38,22,8,2006
861,189950,55.0,7642,1426,2338,1918,1998,89,9,6,2007
862,131500,75.0,11625,1039,2078,1965,1965,45,45,4,2010
863,152000,81.0,9672,1097,2137,1984,1985,26,25,5,2010
864,132500,70.0,7931,1148,2296,1959,1959,50,50,7,2009
865,250580,72.0,8640,1372,2744,2007,2008,1,0,5,2008
866,148500,69.0,8750,1002,2004,1970,1970,39,39,8,2009
867,248900,67.0,10656,1646,3284,2006,2007,1,0,11,2007
868,129000,85.0,6970,1120,2160,1961,1961,46,46,5,2007
869,169000,69.0,14762,2320,2267,1948,1950,58,56,5,2006
870,236000,80.0,9938,1949,2999,1993,1994,17,16,6,2010
871,109500,60.0,6600,894,1788,1962,1962,47,47,8,2009
872,200500,70.0,8750,1682,2486,1998,1998,12,12,6,2010
873,116000,74.0,8892,910,1015,1953,1996,55,12,10,2008
874,133000,60.0,12144,1268,1868,1949,1950,60,59,9,2009
875,66500,52.0,5720,1131,1807,1941,1950,68,59,8,2009
876,303477,75.0,9000,2610,3794,2007,2007,0,0,8,2007
877,132250,94.0,25286,1040,2104,1963,1963,44,44,1,2007
878,350000,74.0,8834,2224,3686,2004,2005,5,4,6,2009
879,148000,88.0,11782,1155,2264,1961,1995,49,15,6,2010
880,136500,69.0,7000,864,1728,1978,2005,31,4,7,2009
881,157000,60.0,7024,1090,2180,2005,2006,2,1,6,2007
882,187500,44.0,13758,1717,2873,1990,1991,17,16,4,2007
883,178000,69.0,9636,1593,2401,1992,1993,17,16,12,2009
884,118500,60.0,6204,2230,2544,1912,1950,94,56,3,2006
885,100000,65.0,7150,892,1784,1967,1967,42,42,7,2009
886,328900,50.0,5119,1709,3407,1999,2000,9,8,1,2008
887,145000,70.0,8393,1712,3338,1959,2005,47,1,6,2006
888,135500,59.0,16466,1393,2209,1955,1955,53,53,4,2008
889,268000,95.0,15865,2217,4434,1970,1970,37,37,10,2007
890,149500,128.0,12160,1505,3010,1953,1953,56,56,2,2009
891,122900,60.0,8064,924,1596,1949,2006,58,1,7,2007
892,172500,70.0,11184,1683,2601,1978,1978,31,31,7,2009
893,154500,70.0,8414,1068,2127,1963,2003,43,3,2,2006
894,165000,69.0,13284,1383,2766,1954,1954,54,54,6,2008
895,118858,64.0,7018,1535,1535,1979,1979,30,30,6,2009
896,140000,71.0,7056,1796,2576,1963,1963,45,45,10,2008
897,106500,50.0,8765,951,1902,1936,1950,70,56,4,2006
898,142953,64.0,7018,2240,2240,1979,1979,30,30,6,2009
899,611657,100.0,12919,2364,4694,2009,2010,1,0,3,2010
900,135000,65.0,6993,1236,2148,1961,1994,45,12,6,2006
901,110000,69.0,7340,858,1716,1971,1971,36,36,6,2007
902,153000,64.0,8712,1306,2298,1957,2000,52,9,5,2009
903,180000,63.0,7875,1509,2292,2003,2003,3,3,7,2006
904,240000,50.0,14859,1670,3340,2006,2006,0,0,8,2006
905,125500,69.0,6173,902,1778,1967,1967,40,40,8,2007
906,128000,80.0,9920,1063,2119,1954,1954,56,56,2,2010
907,255000,116.0,13501,1636,3259,2006,2006,1,1,6,2007
908,250000,86.0,11500,2057,3074,1936,1987,70,19,6,2006
909,131000,69.0,8885,902,1766,1983,1983,23,23,6,2006
910,174000,149.0,12589,1484,2226,2005,2005,4,4,6,2009
911,154300,80.0,11600,2274,3379,1960,1960,50,50,1,2010
912,143500,69.0,9286,1268,2536,1977,1989,32,20,10,2009
913,88000,51.0,6120,1015,1783,1925,1950,81,56,7,2006
914,145000,82.0,6270,2002,3003,1949,1950,58,57,8,2007
915,173733,30.0,3000,1224,1836,2009,2009,0,0,6,2009
916,75000,21.0,2001,1092,1638,1970,1970,37,37,1,2007
917,35311,50.0,9000,480,960,1949,1950,57,56,10,2006
918,135000,69.0,17140,1229,2363,1956,1956,53,53,4,2009
919,238000,103.0,13125,2127,3231,1991,1991,16,16,11,2007
920,176500,87.0,11029,1414,2598,1958,2002,50,6,5,2008
921,201000,70.0,8462,1721,2649,1994,1994,13,13,7,2007
922,145900,67.0,8777,2200,3472,1900,2003,108,5,9,2008
923,169990,65.0,10237,1316,2632,2005,2006,1,0,10,2006
924,193000,50.0,8012,1617,3221,1993,1994,15,14,7,2008
925,207500,79.0,10240,1686,3372,1980,1980,26,26,5,2006
926,175000,69.0,15611,1126,2252,1977,1977,31,31,3,2008
927,285000,93.0,11999,2374,3555,2003,2004,4,3,5,2007
928,176000,69.0,9900,1978,2810,1968,1968,40,40,4,2008
929,236500,69.0,11838,1788,3541,2001,2001,8,8,6,2009
930,222000,69.0,13006,2236,3200,1997,1997,9,9,11,2006
931,201000,73.0,8925,1466,2932,2007,2007,2,2,7,2009
932,117500,70.0,9100,925,1850,1965,1965,44,44,7,2009
933,320000,84.0,11670,1905,3810,2006,2006,1,1,3,2007
934,190000,63.0,8487,1500,3000,2004,2004,5,5,8,2009
935,242000,313.0,27650,2069,2654,1960,2007,48,1,11,2008
936,79900,52.0,5825,747,1347,1926,1953,80,53,6,2006
937,184900,67.0,10083,1200,2376,2003,2003,6,6,8,2009
938,253000,75.0,9675,1971,3084,2005,2005,4,4,2,2009
939,239799,73.0,8760,1962,3353,2006,2006,0,0,8,2006
940,244400,69.0,24090,2403,3435,1940,1950,70,60,6,2010
941,150900,55.0,12640,1728,3456,1976,1976,30,30,7,2006
942,214000,69.0,8755,2060,3052,1999,1999,10,10,6,2009
943,150000,42.0,7711,1440,2880,1977,1977,30,30,8,2007
944,143000,100.0,25000,1632,3264,1967,1967,40,40,6,2007
945,137500,69.0,14375,1344,2163,1958,1958,51,51,1,2009
946,124900,98.0,8820,1869,2837,1890,1996,119,13,9,2009
947,143000,70.0,8163,1144,2288,1959,1959,47,47,3,2006
948,270000,85.0,14536,1629,3245,2002,2003,5,4,11,2007
949,192500,65.0,14006,1776,2712,2002,2002,4,4,2,2006
950,197500,78.0,9360,1381,2542,1972,2006,38,4,3,2010
951,129000,60.0,7200,864,1728,1950,2002,57,5,7,2007
952,119900,60.0,7800,965,1793,1965,1965,41,41,7,2006
953,133900,60.0,7200,768,1536,1972,2003,37,6,4,2009
954,172000,69.0,11075,1968,2752,1969,1969,39,39,9,2008
955,127500,35.0,9400,980,1925,1975,1975,31,31,10,2006
956,145000,82.0,7136,1958,2937,1946,1950,61,57,8,2007
957,124000,24.0,1300,1229,1790,1980,1980,29,29,5,2009
958,132000,70.0,7420,1057,2114,1962,1962,45,45,4,2007
959,185000,65.0,8450,1337,2674,2003,2003,4,4,10,2007
960,155000,24.0,2572,1416,2112,1999,1999,11,11,5,2010
961,116500,50.0,7207,858,1716,1958,2008,52,2,2,2010
962,272000,69.0,12227,2872,4202,1977,1995,31,13,7,2008
963,155000,24.0,2308,1548,2352,1976,1976,31,31,7,2007
964,239000,122.0,11923,1800,3600,2007,2007,2,2,5,2009
965,214900,80.0,11316,1894,2711,2002,2003,8,7,2,2010
966,178900,65.0,10237,1484,2267,2005,2007,2,0,7,2007
967,160000,130.0,9600,1308,2036,1940,1950,69,59,6,2009
968,135000,69.0,7390,1098,2196,1955,1955,53,53,7,2008
969,37900,50.0,5925,968,1568,1910,1950,99,59,5,2009
970,140000,75.0,10382,1095,1683,1958,1958,48,48,3,2006
971,135000,60.0,10800,1192,1912,1949,1950,57,56,12,2006
972,173000,36.0,2268,1626,2390,2003,2004,6,5,7,2009
973,99500,55.0,7892,918,1836,1979,1979,31,31,4,2010
974,182000,95.0,11639,1428,2856,2007,2008,1,0,12,2008
975,167500,60.0,11414,2019,2747,1910,1993,99,16,10,2009
976,165000,69.0,2651,1382,2055,2000,2000,6,6,4,2006
977,85500,51.0,5900,869,1309,1923,1958,83,48,8,2006
978,199900,35.0,4274,1241,2482,2006,2007,1,0,11,2007
979,110000,68.0,9450,894,1788,1954,1954,53,53,5,2007
980,139000,80.0,8816,1121,2242,1963,1963,46,46,6,2009
981,178400,69.0,12122,999,1943,1961,2007,47,1,7,2008
982,336000,98.0,12203,2612,3837,1998,1999,11,10,7,2009
983,159895,43.0,3182,1266,2532,2007,2007,1,1,3,2008
984,255900,69.0,11250,2290,3418,2002,2002,6,6,5,2008
985,126000,75.0,10125,1734,1734,1977,1977,32,32,8,2009
986,125000,68.0,10880,1164,2328,1950,1950,58,58,8,2008
987,117000,59.0,5310,1635,2120,1910,2003,96,3,6,2006
988,395192,83.0,10159,1940,3870,2009,2010,1,0,4,2010
989,195000,69.0,12046,2030,2878,1976,1976,31,31,6,2007
990,197000,65.0,8125,1576,2346,2006,2006,0,0,8,2006
991,348000,82.0,9452,2392,3788,1997,1998,9,8,6,2006
992,168000,121.0,17671,1742,2658,1882,1986,127,23,11,2009
993,187000,80.0,9760,1851,2673,1964,1993,43,14,7,2007
994,173900,68.0,8846,1500,2250,2005,2006,1,0,8,2006
995,337500,96.0,12456,1718,3418,2006,2007,3,2,7,2009
996,121600,51.0,4712,1230,1977,1946,1950,60,56,8,2006
997,136500,69.0,10659,1050,2100,1961,1961,45,45,1,2006
998,185000,69.0,11717,1442,2884,1970,1970,39,39,2,2009
999,91000,60.0,9786,1077,2084,1922,1950,84,56,5,2006
1000,206000,64.0,6762,1208,2395,2006,2006,4,4,2,2010
1001,82000,74.0,10206,944,944,1952,1952,57,57,7,2009
1002,86000,60.0,5400,691,1382,1920,1950,87,57,1,2007
1003,232000,75.0,11957,1574,3148,2006,2006,2,2,7,2008
1004,136905,69.0,11500,1680,3360,1976,1976,31,31,6,2007
1005,181000,43.0,3182,1504,2850,2005,2006,4,3,5,2009
1006,149900,65.0,8385,985,1970,1977,1977,31,31,11,2008
1007,163500,69.0,12155,1657,3314,1970,1970,37,37,3,2007
1008,88000,21.0,2217,1092,1638,1970,1970,39,39,8,2009
1009,240000,43.0,12118,1710,3420,2004,2005,5,4,4,2009
1010,102000,60.0,6000,1522,2016,1926,1950,80,56,6,2006
1011,135000,115.0,21286,1271,1991,1948,1950,60,58,8,2008
1012,100000,75.0,9825,1664,1664,1965,1965,45,45,5,2010
1013,165000,55.0,10592,1502,2104,1923,1996,84,11,8,2007
1014,85000,60.0,7200,1022,2044,1910,2006,99,3,6,2009
1015,119200,60.0,11664,1082,2164,1948,1950,59,57,11,2007
1016,227000,70.0,8400,1665,2475,2001,2001,8,8,11,2009
1017,203000,73.0,11883,1504,3008,1996,1996,13,13,6,2009
1018,187500,69.0,5814,1360,2580,1984,1984,25,25,8,2009
1019,160000,69.0,10784,1472,1856,1991,1992,16,15,5,2007
1020,213490,43.0,3013,1506,2868,2005,2005,1,1,4,2006
1021,176000,60.0,7024,1132,2264,2005,2005,3,3,6,2008
1022,194000,64.0,7406,1220,2419,2006,2006,0,0,7,2006
1023,87000,52.0,9439,1248,2160,1930,1950,77,57,3,2007
1024,191000,43.0,3182,1504,2850,2005,2006,3,2,5,2008
1025,287000,69.0,15498,2898,4463,1976,1976,32,32,5,2008
1026,112500,70.0,7700,882,1764,1972,1972,35,35,3,2007
1027,167500,73.0,9300,1264,2532,1960,1960,50,50,4,2010
1028,293077,71.0,9520,1646,3284,2007,2008,1,0,4,2008
1029,105000,79.0,9492,1376,2144,1941,1950,66,57,4,2007
1030,118000,21.0,1680,1218,1890,1972,1972,34,34,5,2006
1031,160000,69.0,7082,1928,2614,1916,1995,90,11,7,2006
1032,197000,102.0,15863,3082,3509,1920,1970,89,39,8,2009
1033,310000,69.0,14541,2520,3858,1993,1993,13,13,11,2006
1034,230000,69.0,8125,1654,3308,2002,2002,4,4,2,2006
1035,119750,50.0,6305,954,1874,1938,1950,69,57,6,2007
1036,84000,69.0,11500,845,845,1957,1957,52,52,1,2009
1037,315500,89.0,12898,1620,3240,2007,2008,2,1,9,2009
1038,287000,69.0,9240,2263,3318,2001,2002,7,6,9,2008
1039,97000,21.0,1533,1344,1890,1970,2008,39,1,5,2009
1040,80000,21.0,1477,630,1260,1970,1970,39,39,4,2009
1041,155000,88.0,13125,1803,2937,1957,2000,49,6,1,2006
1042,173000,69.0,9130,1632,2432,1966,2000,42,8,7,2008
1043,196000,34.0,5381,1306,2612,2005,2005,4,4,8,2009
1044,262280,86.0,11839,2329,3804,1990,1990,18,18,5,2008
1045,278000,80.0,9600,2524,5048,1981,1981,28,28,7,2009
1046,139600,69.0,13680,1733,1733,1955,1955,54,54,6,2009
1047,556581,85.0,16056,2868,4860,2005,2006,1,0,7,2006
1048,145000,57.0,9245,990,1980,1994,1995,14,13,2,2008
1049,115000,100.0,21750,1771,1771,1960,2006,49,3,11,2009
1050,84900,60.0,11100,930,930,1946,2006,64,4,4,2010
1051,176485,73.0,8993,1302,2604,2007,2007,0,0,8,2007
1052,200141,103.0,11175,1316,2632,2007,2007,0,0,10,2007
1053,165000,100.0,9500,1977,2793,1964,1978,43,29,6,2007
1054,144500,68.0,8562,1526,2742,1957,2002,53,8,5,2010
1055,255000,90.0,11367,1989,3054,2002,2002,4,4,11,2006
1056,180000,104.0,11361,1523,2716,1976,1976,32,32,5,2008
1057,185850,43.0,7052,1364,2728,2005,2005,1,1,6,2006
1058,248000,69.0,29959,1850,2823,1994,1994,15,15,1,2009
1059,335000,96.0,11308,2184,3288,2008,2008,1,1,7,2009
1060,220000,69.0,11275,1991,2845,1932,1950,75,57,3,2007
1061,213500,41.0,4920,1338,2676,2001,2001,9,9,4,2010
1062,81000,120.0,18000,894,1788,1935,1950,73,58,8,2008
1063,90000,85.0,13600,2337,2999,1900,1950,107,57,9,2007
1064,110500,50.0,6000,1103,2206,1925,1980,81,26,7,2006
1065,154000,69.0,11000,1154,2308,1966,1966,43,43,11,2009
1066,328000,80.0,14000,2260,3566,1996,1997,14,13,4,2010
1067,178000,59.0,7837,1571,2370,1993,1994,16,15,5,2009
1068,167900,80.0,9760,1611,2391,1964,1964,44,44,6,2008
1069,151400,42.0,3964,2521,3463,1973,1973,33,33,6,2006
1070,135000,60.0,9600,893,1738,1949,2003,58,4,5,2007
1071,135000,72.0,10152,1048,2096,1956,1956,51,51,6,2007
1072,154000,78.0,11700,1556,2283,1968,1968,41,41,5,2009
1073,91500,50.0,7585,1456,2266,1948,1950,58,56,8,2006
1074,159500,75.0,7950,1426,2116,1977,1977,32,32,7,2009
1075,194000,74.0,8556,1240,2480,2006,2006,1,1,5,2007
1076,219500,75.0,13125,1740,2540,1940,1984,67,23,7,2007
1077,170000,60.0,10800,1466,2262,1936,1989,70,17,4,2006
1078,138800,69.0,15870,1096,2192,1969,1969,37,37,3,2006
1079,155900,37.0,4435,848,1696,2004,2004,2,2,5,2006
1080,126000,65.0,8775,990,1980,1994,1994,13,13,4,2007
1081,145000,80.0,11040,1258,2516,1971,2004,37,4,10,2008
1082,133000,75.0,7500,1040,2080,1963,1963,47,47,6,2010
1083,192000,70.0,8749,1459,2918,2002,2002,5,5,9,2007
1084,160000,80.0,8800,1251,2502,1964,1964,42,42,3,2006
1085,187500,69.0,13031,1498,2189,1995,1996,11,10,7,2006
1086,147000,73.0,9069,996,1932,1992,1992,18,18,4,2010
1087,83500,69.0,1974,1092,1638,1973,1973,37,37,5,2010
1088,252000,85.0,10574,1953,3035,2005,2006,4,3,5,2009
1089,137500,24.0,2522,1709,2679,2004,2004,2,2,4,2006
1090,197000,37.0,3316,1247,2494,2005,2005,1,1,4,2006
1091,92900,60.0,8544,1040,1040,1950,1950,59,59,6,2009
1092,160000,24.0,2160,1252,1852,1999,2000,9,8,3,2008
1093,136500,60.0,8400,1694,2875,1925,1950,83,58,6,2008
1094,146000,71.0,9230,1200,2064,1965,1998,41,8,10,2006
1095,129000,74.0,5868,936,1872,1956,2000,54,10,5,2010
1096,176432,78.0,9317,1314,2628,2006,2006,1,1,3,2007
1097,127000,60.0,6882,1355,2039,1914,2006,93,1,3,2007
1098,170000,69.0,3696,1088,2162,1986,1986,21,21,10,2007
1099,128000,50.0,6000,1324,1996,1936,1950,73,59,7,2009
1100,157000,82.0,11880,1601,2872,1978,1978,31,31,4,2009
1101,60000,60.0,8400,438,728,1920,1950,89,59,1,2009
1102,119500,61.0,9758,950,1900,1971,1971,36,36,7,2007
1103,135000,70.0,7000,1134,2144,1960,2002,47,5,4,2007
1104,159500,79.0,8910,1194,1849,1959,1959,47,47,7,2006
1105,106000,24.0,2016,1302,1932,1970,1970,37,37,4,2007
1106,325000,98.0,12256,2622,4085,1994,1995,16,15,4,2010
1107,179900,114.0,10357,1442,2352,1990,1991,17,16,5,2007
1108,274725,168.0,23257,2021,2889,2006,2006,0,0,9,2006
1109,181000,69.0,8063,1690,2614,2000,2000,7,7,11,2007
1110,280000,107.0,11362,1836,3672,2004,2005,5,4,3,2009
1111,188000,69.0,8000,1658,2431,1995,1996,13,12,6,2008
1112,205000,80.0,10480,1964,2767,1976,1976,32,32,9,2008
1113,129900,73.0,7100,816,1632,1957,1957,49,49,7,2006
1114,134500,66.0,8923,1008,2016,1953,2006,54,1,5,2007
1115,117000,90.0,5400,833,1666,1954,2000,52,6,8,2006
1116,318000,93.0,12085,1734,3468,2007,2007,0,0,11,2007
1117,184100,69.0,7750,1419,1827,2002,2002,7,7,3,2009
1118,130000,57.0,9764,894,1788,1967,2003,41,5,5,2008
1119,140000,85.0,13825,1601,2134,1958,1987,50,21,12,2008
1120,133700,70.0,7560,1040,2080,1959,1959,47,47,7,2006
1121,118400,59.0,8263,1012,2024,1920,1950,87,57,5,2007
1122,212900,84.0,10084,1552,3104,2005,2006,1,0,7,2006
1123,112000,69.0,8926,960,1632,1956,1956,53,53,10,2009
1124,118000,50.0,9405,698,1396,1947,2008,62,1,6,2009
1125,163900,69.0,9125,1482,1866,1992,1992,15,15,7,2007
1126,115000,60.0,10434,1005,2010,1955,1955,54,54,11,2009
1127,174000,53.0,3684,1555,2928,2007,2007,2,2,6,2009
1128,259000,182.0,14572,1530,3060,2004,2004,3,3,11,2007
1129,215000,59.0,11796,1959,2806,2004,2005,3,2,7,2007
1130,140000,60.0,7200,936,1872,1980,1980,27,27,8,2007
1131,135000,65.0,7804,1981,3103,1928,1950,81,59,12,2009
1132,93500,63.0,10712,974,1948,1991,1992,16,15,9,2007
1133,117500,90.0,9900,2210,3218,1880,1950,127,57,5,2007
1134,239500,80.0,9828,2020,3148,1995,1995,14,14,6,2009
1135,169000,57.0,8773,1600,2516,1997,1997,10,10,8,2007
1136,102000,60.0,6180,986,1946,1926,1950,81,57,5,2007
1137,119000,80.0,9600,1252,2284,1950,1950,58,58,4,2008
1138,94000,54.0,6342,1020,1800,1875,1996,135,14,5,2010
1139,196000,69.0,9819,1567,3134,1977,1977,32,32,5,2009
1140,144000,98.0,8731,1167,2082,1920,1950,87,57,5,2007
1141,139000,60.0,7350,952,1904,1951,1951,57,57,6,2008
1142,197500,69.0,10304,1868,2648,1976,1976,33,33,10,2009
1143,424870,77.0,9965,2828,4294,2006,2007,1,0,4,2007
1144,80000,69.0,9000,1006,2012,1959,1959,49,49,7,2008
1145,80000,60.0,12180,924,1596,1941,1950,69,60,7,2010
1146,149000,52.0,6240,1576,2618,1928,1950,78,56,8,2006
1147,180000,69.0,11200,1298,2596,1985,1985,21,21,5,2006
1148,174500,75.0,12000,1564,2268,1941,1950,68,59,7,2009
1149,116900,69.0,5700,1111,1683,1926,1950,82,58,8,2008
1150,143000,50.0,9000,1482,2132,1920,1988,89,21,7,2009
1151,124000,57.0,8280,932,1864,1950,1950,57,57,11,2007
1152,149900,134.0,17755,1466,2932,1959,1959,47,47,11,2006
1153,230000,90.0,14115,1811,2884,1956,2004,50,2,7,2006
1154,120500,69.0,5890,816,1632,1930,2007,78,1,6,2008
1155,201800,69.0,13700,1820,2684,1965,1988,43,20,5,2008
1156,218000,90.0,10768,1437,2874,1976,2004,31,3,7,2007
1157,179900,85.0,9350,1265,2484,1965,1999,43,9,10,2008
1158,230000,34.0,5001,1314,2628,2007,2008,2,1,7,2009
1159,235128,92.0,11932,1580,3160,2007,2008,1,0,6,2008
1160,185000,76.0,9120,1876,2777,1974,1974,34,34,7,2008
1161,146000,24.0,2280,1456,2311,1978,1978,32,32,7,2010
1162,224000,69.0,14778,1640,2936,1954,2006,54,2,11,2008
1163,129000,109.0,8724,894,1788,1968,1968,39,39,5,2007
1164,108959,60.0,12900,1258,2456,1969,1969,39,39,1,2008
1165,194000,69.0,16157,1432,2792,1978,1978,29,29,6,2007
1166,233170,79.0,9541,1502,3004,2009,2009,0,0,9,2009
1167,245350,64.0,10475,1694,3388,2008,2008,2,2,2,2010
1168,173000,58.0,10852,1671,2630,2000,2000,6,6,2,2006
1169,235000,120.0,13728,2108,3235,1935,1986,73,22,7,2008
1170,625000,118.0,35760,3627,5557,1995,1996,11,10,7,2006
1171,171000,76.0,9880,1118,2214,1977,1977,31,31,7,2008
1172,163000,76.0,9120,1261,2522,1958,1958,50,50,11,2008
1173,171900,35.0,4017,1250,1875,2006,2007,2,1,3,2008
1174,200500,138.0,18030,3086,4205,1946,1994,61,13,3,2007
1175,239000,80.0,16560,2345,3297,1932,1950,74,56,7,2006
1176,285000,85.0,10678,2872,4555,1992,2000,15,7,4,2007
1177,119500,37.0,6951,923,1799,1984,1985,24,23,10,2008
1178,115000,69.0,3950,1224,2042,1926,2004,83,5,12,2009
1179,154900,54.0,7681,1343,2074,1921,1950,88,59,7,2009
1180,93000,77.0,8335,1124,1124,1954,1954,52,52,4,2006
1181,250000,69.0,11170,2514,3730,1990,1991,16,15,4,2006
1182,392500,64.0,5587,1652,3252,2008,2008,0,0,11,2008
1183,745000,160.0,15623,4476,6872,1996,1996,11,11,7,2007
1184,120000,60.0,10800,1130,2250,1920,1950,86,56,6,2006
1185,186700,50.0,35133,1572,3144,1963,1963,44,44,5,2007
1186,104900,60.0,9738,1221,2005,1924,1950,82,56,3,2006
1187,95000,107.0,10615,1699,2677,1900,1970,109,39,8,2009
1188,262000,89.0,12461,1624,3248,1994,1995,12,11,7,2006
1189,195000,68.0,8935,1660,2491,2002,2002,7,7,7,2009
1190,189000,60.0,7500,1804,2798,1999,1999,11,11,6,2010
1191,168000,69.0,32463,1622,2871,1961,1975,46,32,3,2007
1192,174000,24.0,2645,1441,2217,1999,2000,8,7,11,2007
1193,125000,60.0,9600,1472,2174,1925,1994,82,13,7,2007
1194,165000,69.0,4500,1224,2448,1999,1999,10,10,6,2009
1195,158000,80.0,9364,1352,2015,1969,1969,41,41,3,2010
1196,176000,51.0,8029,1456,2184,2005,2005,3,3,7,2008
1197,219210,58.0,14054,1863,2742,2006,2006,0,0,11,2006
1198,144000,65.0,8850,1690,2505,1916,1950,90,56,7,2006
1199,178000,70.0,9100,1212,2424,2001,2001,8,8,6,2009
1200,148000,75.0,11235,1382,2433,1963,1979,43,27,10,2006
1201,116050,71.0,9353,864,1728,1970,1970,36,36,7,2006
1202,197900,80.0,10400,1779,2645,1998,1998,11,11,3,2009
1203,117000,50.0,6000,1348,2232,1925,1997,84,12,5,2009
1204,213000,75.0,9750,1630,3260,2000,2001,9,8,10,2009
1205,153500,78.0,10140,1074,2130,1975,1975,31,31,7,2006
1206,271900,90.0,14684,2196,4354,1990,1991,19,18,6,2009
1207,107000,69.0,8900,1056,2112,1966,1966,40,40,11,2006
1208,200000,70.0,9135,1700,3382,2003,2003,3,3,5,2006
1209,140000,70.0,7763,1283,2214,1962,1980,46,28,10,2008
1210,290000,85.0,10182,1660,3320,2006,2006,0,0,5,2006
1211,189000,70.0,11218,1845,2900,1992,1992,18,18,5,2010
1212,164000,152.0,12134,1752,2311,1988,2005,22,5,6,2010
1213,113000,50.0,9340,672,1344,1941,1950,68,59,8,2009
1214,145000,69.0,10246,960,1608,1965,2001,41,5,5,2006
1215,134500,69.0,10205,999,1924,1962,1962,44,44,5,2006
1216,125000,99.0,7094,894,1788,1966,1966,41,41,5,2007
1217,112000,68.0,8930,1902,1902,1978,1978,32,32,4,2010
1218,229456,72.0,8640,1314,2614,2009,2009,0,0,9,2009
1219,80500,52.0,6240,912,912,1947,1950,59,56,7,2006
1220,91500,21.0,1680,1218,1890,1971,1971,35,35,4,2006
1221,115000,66.0,7800,912,1824,1964,1964,42,42,11,2006
1222,134000,55.0,8250,1211,2163,1968,1968,40,40,8,2008
1223,143000,78.0,10496,1846,2886,1949,1950,58,57,1,2007
1224,137900,89.0,10680,2136,4272,1951,1951,55,55,10,2006
1225,184000,60.0,15384,1490,2278,2004,2005,4,3,2,2008
1226,145000,65.0,10482,1138,1726,1958,1958,49,49,6,2007
1227,214000,86.0,14598,1933,2827,2007,2007,1,1,1,2008
1228,147000,72.0,8872,912,1824,1965,2008,43,0,12,2008
1229,367294,65.0,8769,1702,3404,2008,2008,0,0,10,2008
1230,127000,70.0,7910,1507,2582,1960,1960,48,48,8,2008
1231,190000,69.0,18890,2620,3981,1977,1977,30,30,8,2007
1232,132500,70.0,7728,1190,2296,1962,1962,44,44,5,2006
1233,101800,70.0,9842,1224,1224,1962,1962,45,45,3,2007
1234,142000,69.0,12160,1188,2376,1959,1959,51,51,5,2010
1235,130000,55.0,8525,1964,2904,1911,1950,97,58,11,2008
1236,138887,96.0,13132,1784,2531,1914,1950,92,56,7,2006
1237,175500,36.0,2628,1626,2390,2003,2003,7,7,6,2010
1238,195000,41.0,12393,1948,2795,2004,2005,2,1,9,2006
1239,142500,63.0,13072,1141,2282,2005,2005,1,1,3,2006
1240,265900,64.0,9037,1484,2960,2006,2006,1,1,12,2007
1241,224900,65.0,8158,1768,2652,2003,2003,5,5,7,2008
1242,248328,83.0,9849,1689,3378,2007,2007,0,0,6,2007
1243,170000,85.0,10625,1173,2226,1974,1974,36,36,1,2010
1244,465000,107.0,13891,2076,4152,2006,2006,0,0,9,2006
1245,230000,69.0,11435,1517,2309,1929,1950,77,56,6,2006
1246,178000,78.0,12090,1868,2453,1984,2003,23,4,1,2007
1247,186500,65.0,8125,1553,2309,2005,2006,1,0,3,2006
1248,169900,69.0,12328,1034,2046,1976,1976,34,34,5,2010
1249,129500,60.0,9600,2058,2793,1917,1950,91,58,4,2008
1250,119000,60.0,7200,988,1864,1950,1950,57,57,5,2007
1251,244000,93.0,11160,2110,4220,1968,1968,42,42,4,2010
1252,171750,69.0,3136,1405,2810,2003,2003,3,3,3,2006
1253,130000,62.0,9858,874,1738,1968,1968,41,41,11,2009
1254,294000,69.0,17542,2167,3359,1974,2003,33,4,7,2007
1255,165400,60.0,6931,1656,2402,2003,2004,5,4,7,2008
1256,127500,52.0,6240,1367,2251,1931,1950,76,57,11,2007
1257,301500,91.0,14303,1987,3973,1994,1994,14,14,8,2008
1258,99900,56.0,4060,864,1728,1922,1950,87,59,7,2009
1259,190000,59.0,9587,1166,2022,2005,2005,3,3,7,2008
1260,151000,65.0,9750,1054,2108,1969,1969,39,39,7,2008
1261,181000,69.0,24682,1675,2516,1999,1999,10,10,6,2009
1262,128900,80.0,9600,1050,2100,1956,1956,53,53,6,2009
1263,161500,69.0,11250,1788,2892,1957,1989,52,20,11,2009
1264,180500,60.0,13515,1824,2588,1919,1950,88,57,7,2007
1265,181000,34.0,4060,1337,2742,1998,1999,10,9,8,2008
1266,183900,35.0,3735,1452,2143,1999,1999,7,7,3,2006
1267,122000,60.0,10120,1889,2814,1910,1950,97,57,1,2007
1268,378500,89.0,13214,2018,4020,2008,2009,2,1,5,2010
1269,381000,69.0,14100,3447,4175,1935,1997,73,11,5,2008
1270,144000,78.0,11344,1524,2398,1958,1958,49,49,7,2007
1271,260000,69.0,23595,1524,2856,1979,1979,31,31,4,2010
1272,185750,69.0,9156,1489,2978,1968,1968,41,41,8,2009
1273,137000,69.0,13526,935,1870,1965,1965,41,41,11,2006
1274,177000,124.0,11512,1357,2376,1959,2006,49,2,5,2008
1275,139000,53.0,5362,1250,1911,1910,2003,97,4,11,2007
1276,137000,95.0,11345,1920,2848,1948,1950,59,57,7,2007
1277,162000,69.0,12936,1395,2118,1972,1972,37,37,12,2009
1278,197900,69.0,17871,1724,3404,1967,1976,42,33,6,2009
1279,237000,75.0,9473,2031,3159,2002,2002,6,6,3,2008
1280,68400,60.0,7500,1128,1826,1920,1950,90,60,4,2010
1281,227000,67.0,9808,1573,3146,2002,2002,7,7,3,2009
1282,180000,50.0,8049,1339,2648,1990,1990,16,16,7,2006
1283,150500,61.0,8800,1040,2080,1977,2008,32,1,9,2009
1284,139000,94.0,9400,1824,2736,1971,1971,39,39,4,2010
1285,169000,50.0,9638,2447,3251,1919,1990,91,20,3,2010
1286,132500,50.0,6000,1412,2192,1939,1950,70,59,5,2009
1287,143000,69.0,9790,1328,2656,1963,1963,47,47,6,2010
1288,190000,69.0,36500,1582,3206,1964,1964,42,42,6,2006
1289,278000,40.0,5664,1659,3160,2000,2000,9,9,10,2009
1290,281000,86.0,11065,1970,3055,2006,2006,0,0,10,2006
1291,180500,69.0,14112,1152,2304,1964,1964,46,46,4,2010
1292,119500,21.0,1680,1302,1932,1972,1972,37,37,2,2009
1293,107500,60.0,6600,2372,3366,1892,1965,117,44,12,2009
1294,162900,78.0,10140,1664,2496,1976,1976,30,30,3,2006
1295,115000,60.0,8172,864,1728,1955,1990,51,16,4,2006
1296,138500,70.0,8400,1052,2104,1968,1968,38,38,11,2006
1297,155000,80.0,8700,1128,2248,1963,1963,45,45,12,2008
1298,140000,35.0,3675,1072,1619,2005,2006,1,0,6,2006
1299,160000,313.0,63887,5642,11752,2008,2008,0,0,1,2008
1300,154000,75.0,7500,1246,2492,1959,1994,51,16,5,2010
1301,225000,69.0,10762,1983,2961,1999,1999,10,10,5,2009
1302,177500,69.0,7500,1494,2265,1942,1950,67,59,11,2009
1303,290000,92.0,10120,2526,3691,1994,1994,12,12,12,2006
1304,232000,73.0,8688,1616,3232,2005,2005,1,1,4,2006
1305,130000,32.0,3363,1708,2684,2004,2004,2,2,4,2006
1306,325000,108.0,13173,1652,3304,2006,2007,3,2,11,2009
1307,202500,48.0,6955,1368,2736,2005,2006,1,0,9,2006
1308,138000,60.0,8072,990,1980,1994,1995,15,14,5,2009
1309,147000,100.0,12000,1122,2046,1948,2005,60,3,5,2008
1310,179200,69.0,7153,1294,2572,1991,1991,17,17,6,2008
1311,335000,100.0,17500,1902,3804,1959,2002,51,8,5,2010
1312,203000,68.0,8814,1274,2548,2005,2007,2,0,1,2007
1313,302000,69.0,9572,2810,4263,1990,1990,17,17,6,2007
1314,333168,108.0,14774,2599,3992,1999,1999,11,11,5,2010
1315,119000,60.0,8190,948,1896,1954,1954,53,53,10,2007
1316,206900,85.0,11075,2112,3064,1969,1969,39,39,6,2008
1317,295493,61.0,10226,1630,3252,2008,2008,1,1,1,2009
1318,208900,47.0,4230,1352,2704,2006,2007,1,0,4,2007
1319,275000,69.0,14781,1787,3540,2001,2002,5,4,8,2006
1320,111000,75.0,10215,948,1812,1954,1954,53,53,2,2007
1321,156500,70.0,8400,1478,2956,1957,1957,52,52,6,2009
1322,72500,69.0,6627,720,720,1949,1950,59,58,7,2008
1323,190000,107.0,10186,1923,2673,1992,1992,18,18,6,2010
1324,82500,50.0,5330,708,1128,1940,1950,69,59,12,2009
1325,147000,75.0,9986,1795,3590,2006,2007,1,0,2,2007
1326,55000,40.0,3636,796,1592,1922,1950,86,58,1,2008
1327,79000,70.0,4270,774,1318,1931,2006,76,1,5,2007
1328,130500,60.0,6600,816,1632,1982,2008,26,0,10,2008
1329,256000,60.0,10440,2792,4302,1920,1950,88,58,6,2008
1330,176500,63.0,9084,1632,2567,1998,1998,8,8,6,2006
1331,227000,85.0,10000,1588,3176,2006,2006,1,1,12,2007
1332,132500,55.0,10780,954,1865,1976,1976,30,30,7,2006
1333,100000,67.0,8877,816,1632,1938,1958,71,51,5,2009
1334,125500,60.0,7200,1360,2163,1938,1995,68,11,7,2006
1335,125000,24.0,2368,1365,2130,1970,1970,39,39,5,2009
1336,167900,80.0,9650,1334,2684,1977,1977,32,32,4,2009
1337,135000,87.0,9246,1656,3312,1973,1973,35,35,11,2008
1338,52500,153.0,4118,693,1386,1941,1950,65,56,3,2006
1339,200000,95.0,13450,1861,2777,2002,2002,4,4,6,2006
1340,128500,120.0,9560,864,1728,1972,1972,34,34,6,2006
1341,123000,70.0,8294,872,1730,1971,1971,36,36,6,2007
1342,155000,66.0,13695,1114,2228,2003,2004,5,4,7,2008
1343,228500,69.0,9375,2169,3453,2002,2002,5,5,8,2007
1344,177000,57.0,7558,1913,2809,1928,1950,81,59,3,2009
1345,155835,85.0,11103,1456,2184,2006,2006,1,1,7,2007
1346,108500,50.0,6000,960,1920,1920,1950,87,57,7,2007
1347,262500,69.0,20781,2156,3724,1968,2003,38,3,6,2006
1348,283463,93.0,15306,1776,3508,2006,2007,1,0,5,2007
1349,215000,69.0,16196,1494,2976,1998,1998,9,9,8,2007
1350,122000,50.0,5250,2358,2837,1872,1987,136,21,12,2008
1351,200000,91.0,11643,2634,3882,1969,1969,40,40,8,2009
1352,171000,70.0,9247,1716,2574,1962,1962,46,46,3,2008
1353,134900,50.0,6000,1176,1874,1937,2000,72,9,7,2009
1354,410000,56.0,14720,3238,5271,1995,1996,15,14,3,2010
1355,235000,69.0,10316,1865,2857,2000,2000,8,8,6,2008
1356,170000,102.0,10192,1920,2490,1968,1992,38,14,9,2006
1357,110000,69.0,9477,892,1756,1966,1966,42,42,10,2008
1358,149900,69.0,12537,1078,2156,1971,2008,39,2,4,2010
1359,177500,69.0,2117,1573,2329,2000,2000,10,10,6,2010
1360,315000,129.0,16737,1980,3960,2004,2005,2,1,9,2006
1361,189000,51.0,9842,2601,3213,1921,1998,87,10,5,2008
1362,260000,124.0,16158,1530,3060,2005,2005,4,4,6,2009
1363,104900,69.0,12513,1738,2453,1920,2007,89,2,6,2009
1364,156932,73.0,8499,1412,2028,2006,2007,1,0,3,2007
1365,144152,30.0,3180,1200,1720,2005,2005,1,1,4,2006
1366,216000,69.0,7500,1674,2488,2000,2000,10,10,1,2010
1367,193000,68.0,9179,1790,2663,1999,1999,9,9,6,2008
1368,127000,41.0,2665,1475,2232,1977,1977,29,29,7,2006
1369,144000,69.0,4435,848,1696,2003,2004,6,5,6,2009
1370,232000,48.0,10635,1668,3325,2003,2003,7,7,5,2010
1371,105000,90.0,5400,1374,2214,1920,1950,89,59,10,2009
1372,165500,80.0,9600,1661,2653,1955,1996,53,12,10,2008
1373,274300,75.0,9750,2097,3205,1998,1998,8,8,6,2006
1374,466500,69.0,11400,2633,5266,2001,2002,6,5,3,2007
1375,250000,85.0,10625,1958,2984,2005,2005,3,3,7,2008
1376,239000,89.0,10991,1571,3142,2007,2007,0,0,12,2007
1377,91000,52.0,6292,790,1558,1930,1950,78,58,4,2008
1378,117000,60.0,10998,1604,2588,1941,1960,68,49,7,2009
1379,83000,21.0,1953,987,1470,1973,1973,33,33,6,2006
1380,167500,73.0,9735,1394,1778,2006,2007,2,1,5,2008
1381,58500,45.0,8212,864,1728,1914,1950,96,60,6,2010
1382,237500,69.0,12925,2117,3322,1970,1970,38,38,5,2008
1383,157000,60.0,7200,1762,2358,1920,1950,86,56,10,2006
1384,112000,69.0,25339,1416,2232,1918,2007,89,0,8,2007
1385,105000,60.0,9060,1258,1818,1939,1950,70,59,10,2009
1386,125500,40.0,5436,1154,1950,1922,2007,88,3,5,2010
1387,250000,80.0,16692,2784,4176,1978,1978,28,28,7,2006
1388,136000,60.0,8520,2526,3240,1916,1950,91,57,8,2007
1389,377500,42.0,14892,1746,3492,2006,2007,3,2,10,2009
1390,131000,60.0,6000,1218,1953,1941,1950,66,57,3,2007
1391,235000,70.0,9100,1525,3050,2000,2000,6,6,9,2006
1392,124000,65.0,8944,1584,3168,1967,1967,42,42,4,2009
1393,123000,68.0,7838,900,1764,1967,1967,39,39,12,2006
1394,163000,60.0,10800,1912,2394,1905,2000,103,8,4,2008
1395,246578,53.0,4045,1500,2856,2006,2006,0,0,10,2006
1396,281213,88.0,12665,2482,3576,2005,2006,2,1,2,2007
1397,160000,69.0,57200,1687,2434,1948,1950,62,60,6,2010
1398,137500,51.0,6120,1513,2452,1920,2004,87,3,5,2007
1399,138000,60.0,7200,1904,3112,1950,1982,59,27,5,2009
1400,137450,51.0,6171,1608,2584,1925,1990,84,19,10,2009
1401,120000,50.0,6000,1158,2020,1929,1950,79,58,7,2008
1402,193000,62.0,7415,1593,2432,2004,2004,4,4,4,2008
1403,193879,64.0,6762,1294,2580,2006,2006,0,0,7,2006
1404,282922,49.0,15256,1464,2949,2007,2007,0,0,8,2007
1405,105000,60.0,10410,1214,1886,1915,1950,91,56,1,2006
1406,275000,44.0,3842,1646,3240,2004,2005,4,3,1,2008
1407,133000,70.0,8445,768,1536,1972,2007,37,2,3,2009
1408,112000,69.0,8780,833,1666,1985,1985,24,24,3,2009
1409,125500,60.0,7740,1363,1985,1910,1950,100,60,6,2010
1410,215000,46.0,20544,2093,2884,1986,1991,22,17,11,2008
1411,230000,79.0,12420,1840,2784,2001,2001,8,8,6,2009
1412,140000,80.0,9600,1668,2524,1950,2005,59,4,9,2009
1413,90000,60.0,7200,1040,1040,1949,1950,60,59,6,2009
1414,257000,88.0,10994,1844,3688,2005,2006,4,3,9,2009
1415,207000,64.0,13053,1848,2681,1923,2000,85,8,6,2008
1416,175900,51.0,3635,1569,2955,2007,2007,2,2,5,2009
1417,122500,60.0,11340,2290,3067,1885,1950,125,60,4,2010
1418,340000,69.0,16545,2450,3734,1998,1998,11,11,5,2009
1419,124000,71.0,9204,1144,2288,1963,1963,45,45,8,2008
1420,223000,69.0,16381,1844,3688,1969,1969,37,37,12,2006
1421,179900,90.0,11700,1416,2124,1968,1968,38,38,5,2006
1422,127500,53.0,4043,1069,2138,1977,1977,33,33,7,2010
1423,136500,37.0,4435,848,1696,2003,2003,5,5,3,2008
1424,274970,69.0,19690,2201,2898,1966,1966,40,40,8,2006
1425,144000,69.0,9503,1344,2368,1958,1983,49,24,6,2007
1426,142000,80.0,10721,1252,2504,1959,1959,49,49,10,2008
1427,271000,81.0,10944,2127,3350,1994,1994,14,14,8,2008
1428,140000,60.0,10930,1558,2471,1945,1950,63,58,4,2008
1429,119000,60.0,7200,804,1592,1940,1992,70,18,2,2010
1430,182900,69.0,12546,1440,2880,1981,1981,26,26,4,2007
1431,192140,60.0,21930,1838,2570,2005,2005,1,1,7,2006
1432,143750,69.0,4928,958,1916,1976,1976,33,33,10,2009
1433,64500,60.0,10800,968,1624,1927,2007,80,0,8,2007
1434,186500,93.0,10261,1792,2728,2000,2000,8,8,5,2008
1435,160000,80.0,17400,1126,2252,1977,1977,29,29,5,2006
1436,174000,80.0,8400,1537,2856,1962,2005,46,3,7,2008
1437,120500,60.0,9000,864,1728,1971,1971,36,36,5,2007
1438,394617,96.0,12444,1932,3864,2008,2008,0,0,11,2008
1439,149700,90.0,7407,1236,2148,1957,1996,53,14,4,2010
1440,197000,80.0,11584,1725,2264,1979,1979,28,28,11,2007
1441,191000,79.0,11526,2555,2759,1922,1994,86,14,9,2008
1442,149300,69.0,4426,848,1696,2004,2004,4,4,5,2008
1443,310000,85.0,11003,2007,3024,2008,2008,1,1,4,2009
1444,121000,69.0,8854,952,1904,1916,1950,93,59,5,2009
1445,179600,63.0,8500,1422,2844,2004,2004,3,3,11,2007
1446,129000,70.0,8400,913,1727,1966,1966,41,41,5,2007
1447,157900,69.0,26142,1188,2376,1962,1962,48,48,4,2010
1448,240000,80.0,10000,2090,3310,1995,1996,12,11,12,2007
1449,112000,70.0,11767,1346,1906,1910,2000,97,7,5,2007
1450,92000,21.0,1533,630,1260,1970,1970,36,36,8,2006
1451,136000,60.0,9000,1792,2688,1974,1974,35,35,9,2009
1452,287090,78.0,9262,1578,3151,2008,2009,1,0,5,2009
1453,145000,35.0,3675,1072,1619,2005,2005,1,1,5,2006
1454,84500,90.0,17217,1140,2280,2006,2006,0,0,7,2006
1455,185000,62.0,7500,1221,2442,2004,2005,5,4,10,2009
1456,175000,62.0,7917,1647,2600,1999,2000,8,7,8,2007
1457,210000,85.0,13175,2073,3615,1978,1988,32,22,2,2010
1458,266500,66.0,9042,2340,3492,1941,2006,69,4,5,2010
1459,142125,68.0,9717,1078,2156,1950,1996,60,14,4,2010
1460,147500,75.0,9937,1256,2512,1965,1965,43,43,6,2008
